LI,EF,DF,HL,rollout_method,hertg_method,done,percent_done,cumulative_reward,num_actions,computation_time,computation_per_action,rollout_pre_collision_stop,collision_failure,skip_rollout,no_hertg,trial_config
25,0.1,1.0,6,random_same,dynamic,False,49.55200182749447,0.554410112376657,12,0.9114455029994133,0.07595379191661777,False,True,True,False,trial_45
25,0.1,1.0,6,random_same,dynamic,False,49.11433986920293,0.5342001594604083,12,0.9135194359987509,0.07612661966656258,False,True,True,False,trial_45
25,0.1,1.0,6,random_same,dynamic,False,49.55760520531031,0.5527879046936213,12,0.9483168020015,0.07902640016679167,False,True,True,False,trial_45
25,0.1,1.0,6,random_same,dynamic,False,49.56060987359988,0.5561605237323682,12,1.1635577939960058,0.09696314949966715,False,True,True,False,trial_45
25,0.1,1.0,6,random_same,dynamic,False,49.135511422599045,0.5327336335331755,12,1.177599835995352,0.09813331966627932,False,True,True,False,trial_45
25,0.1,1.0,6,random_same,dynamic,False,49.13425088689022,0.5360636005319381,12,1.224950366995472,0.10207919724962267,False,True,True,False,trial_45
25,0.1,1.0,6,random_same,dynamic,False,49.545822573765754,0.5543483198393699,12,1.2464342370003578,0.10386951975002982,False,True,True,False,trial_45
25,0.1,1.0,6,random_same,dynamic,False,49.13461480525757,0.5360672397156118,12,1.2572256600033143,0.10476880500027619,False,True,True,False,trial_45
25,0.1,1.0,6,random_same,dynamic,False,49.55300063433034,0.5544201004450157,12,1.2862909749965183,0.1071909145830432,False,True,True,False,trial_45
25,0.1,1.0,6,random_same,dynamic,False,49.12693204370049,0.5343260812053839,12,1.3062809709954308,0.10885674758295256,False,True,True,False,trial_45
25,0.1,1.0,6,random_same,dynamic,False,49.541214114459855,0.554302235246311,12,1.3804178549980861,0.1150348212498405,False,True,True,False,trial_45
25,0.1,1.0,6,random_same,dynamic,False,49.5513408318902,0.5544035024206144,12,1.387336530999164,0.11561137758326367,False,True,True,False,trial_45
25,0.1,1.0,6,random_same,dynamic,False,49.562789326548206,0.5545179873671945,12,1.3868772420028108,0.11557310350023424,False,True,True,False,trial_45
25,0.1,1.0,6,random_same,dynamic,False,49.54866913032182,0.5526985439437363,12,1.4426644639970618,0.12022203866642182,False,True,True,False,trial_45
25,0.1,1.0,6,random_same,dynamic,False,49.11396782555087,0.5358607699185448,12,1.447459784001694,0.12062164866680784,False,True,True,False,trial_45
25,0.1,1.0,6,random_same,dynamic,False,49.537848333164256,0.5542685774333549,12,1.4890480960020795,0.12408734133350663,False,True,True,False,trial_45
25,0.1,1.0,6,random_same,dynamic,False,49.54020546198793,0.5542921487215918,12,1.4981253019941505,0.12484377516617921,False,True,True,False,trial_45
25,0.1,1.0,6,random_same,dynamic,False,49.53713211647651,0.5559257461611344,12,1.5137026119991788,0.1261418843332649,False,True,True,False,trial_45
25,0.1,1.0,6,random_same,dynamic,False,49.544982037048946,0.5560042453668588,12,1.6568792100006249,0.13807326750005208,False,True,True,False,trial_45
25,0.1,1.0,6,random_same,dynamic,False,49.541092369049764,0.55430101779221,12,1.6754125180013943,0.13961770983344954,False,True,True,False,trial_45
25,0.1,1.0,6,random_same,dynamic,False,49.545574590359045,0.5560101708999597,12,1.6794682899999316,0.13995569083332762,False,True,True,False,trial_45
25,0.1,1.0,6,random_same,dynamic,False,49.54358565637998,0.5526477092043182,12,1.689985400000296,0.14083211666669135,False,True,True,False,trial_45
25,0.1,1.0,6,random_same,dynamic,False,49.118158968363325,0.5342383504520124,12,1.7396852949968888,0.14497377458307406,False,True,True,False,trial_45
25,0.1,1.0,6,random_same,dynamic,False,49.56035492489269,0.5544936433506394,12,1.5177099600041402,0.126475830000345,False,True,True,False,trial_45
25,0.1,1.0,6,random_same,dynamic,False,49.550919180477635,0.5543992859064887,12,1.816781636000087,0.15139846966667392,False,True,True,False,trial_45
25,0.1,1.0,6,random_same,dynamic,False,49.550318592473154,0.5527150385652496,12,0.7716151970016654,0.06430126641680545,False,True,True,False,trial_45
25,0.1,1.0,6,random_same,dynamic,False,49.07650448959583,0.5338218056643372,12,1.1482603719996405,0.09568836433330337,False,True,True,False,trial_45
25,0.1,1.0,6,random_same,dynamic,False,49.12693204370049,0.5343260812053839,12,0.8931366110045929,0.0744280509170494,False,True,True,False,trial_45
25,0.1,1.0,6,random_same,dynamic,False,49.539314962778015,0.5542832437294924,12,1.1712364949999028,0.0976030412499919,False,True,True,False,trial_45
25,0.1,1.0,6,random_same,dynamic,False,49.550318592473154,0.5527150385652496,12,1.4607971540026483,0.12173309616688736,False,True,True,False,trial_45
25,0.1,1.0,6,random_same,dynamic,False,49.547893779693254,0.554369031898645,12,1.1848401640017983,0.09873668033348319,False,True,True,False,trial_45
25,0.1,1.0,6,random_same,dynamic,False,49.55619018611483,0.5527737545016665,12,1.4103909469995415,0.11753257891662845,False,True,True,False,trial_45
25,0.1,1.0,6,random_same,dynamic,False,49.547893779693254,0.554369031898645,12,1.2014509820000967,0.10012091516667472,False,True,True,False,trial_45
25,0.1,1.0,6,random_same,dynamic,False,49.14283653335634,0.5344851261019423,12,1.4028011600021273,0.11690009666684394,False,True,True,False,trial_45
25,0.1,1.0,6,random_same,dynamic,False,49.54020546198793,0.5542921487215918,12,1.365788101000362,0.1138156750833635,False,True,True,False,trial_45
25,0.1,1.0,6,random_same,dynamic,False,49.53947131706673,0.5542848072723797,12,1.1056026339938398,0.09213355283281999,False,True,True,False,trial_45
25,0.1,1.0,6,random_same,dynamic,False,49.07650448959583,0.5338218056643372,12,1.3494400969939306,0.11245334141616088,False,True,True,False,trial_45
25,0.1,1.0,6,random_same,dynamic,False,49.11565572033889,0.5342133179717681,12,1.4608785460004583,0.12173987883337152,False,True,True,False,trial_45
25,0.1,1.0,6,random_same,dynamic,True,100.0,1.179277428035425,72,4.9858288719988195,0.06924762322220583,False,False,True,False,trial_60
25,0.1,1.0,6,random_same,dynamic,False,91.66666666666666,1.0179488746722227,400,21.875990148997516,0.05468997537249379,False,False,True,False,trial_60
25,0.1,1.0,6,random_same,dynamic,False,91.66666666666666,1.0179488746722227,400,24.150162787998852,0.06037540696999713,False,False,True,False,trial_60
25,0.1,1.0,6,random_same,dynamic,False,91.66666666666666,1.0029126999803337,400,27.185929070001293,0.06796482267500323,False,False,True,False,trial_45
25,0.1,1.0,6,random_same,dynamic,False,49.54567215906022,0.5653181598196291,400,29.036321129002317,0.0725908028225058,False,False,True,False,trial_45
25,0.1,1.0,6,random_same,dynamic,False,50.0,0.5897965147225459,400,34.12388645699684,0.08530971614249211,False,False,True,False,trial_45
25,0.1,1.0,6,random_same,dynamic,False,50.0,0.5896393140894025,400,34.003798626996286,0.08500949656749071,False,False,True,False,trial_45
25,0.1,1.0,6,random_same,dynamic,False,83.33333333333334,0.950063079750077,400,35.14770394699735,0.08786925986749339,False,False,True,False,trial_60
25,0.1,1.0,6,random_same,dynamic,False,49.549289118746906,0.5696832913240492,400,36.05235776799964,0.0901308944199991,False,False,True,False,trial_45
25,0.1,1.0,6,random_same,dynamic,False,50.0,0.5897965147225459,400,37.48518405499635,0.09371296013749088,False,False,True,False,trial_45
25,0.1,1.0,6,random_same,dynamic,False,50.0,0.5897965147225459,400,37.85798987999442,0.09464497469998605,False,False,True,False,trial_45
25,0.1,1.0,6,random_same,dynamic,False,50.0,0.5897965147225459,400,39.37318459800008,0.09843296149500019,False,False,True,False,trial_45
25,0.1,1.0,6,random_same,dynamic,False,49.5554338850807,0.5697447389873871,400,40.23086932300066,0.10057717330750165,False,False,True,False,trial_45
25,0.1,1.0,6,random_same,dynamic,False,50.0,0.5929720230397123,400,40.84706713400374,0.10211766783500935,False,False,True,False,trial_45
25,0.1,1.0,6,random_same,dynamic,False,83.33333333333334,0.9488673758982445,400,39.24539259200537,0.09811348148001343,False,False,True,False,trial_60
25,0.1,1.0,6,random_same,dynamic,False,50.0,0.5897965147225459,400,39.81156216200179,0.09952890540500448,False,False,True,False,trial_45
25,0.1,1.0,6,random_same,dynamic,False,50.0,0.5929720230397123,400,40.03856928599998,0.10009642321499995,False,False,True,False,trial_45
25,0.1,1.0,6,random_same,dynamic,False,82.71755298518032,0.9302447115018507,400,38.87311256799876,0.0971827814199969,False,False,True,False,trial_60
25,0.1,1.0,6,random_same,dynamic,False,82.72349391824896,0.9303041208325374,400,39.3875831990008,0.09846895799750201,False,False,True,False,trial_60
25,0.1,1.0,6,random_same,dynamic,False,82.7016589654055,0.9300857713041027,400,40.993607957003405,0.10248401989250851,False,False,True,False,trial_60
25,0.1,1.0,6,random_same,dynamic,False,82.7016589654055,0.9300857713041027,400,41.90850874900207,0.10477127187250516,False,False,True,False,trial_60
25,0.1,1.0,6,random_same,dynamic,False,82.71006114478813,0.9301697930979287,400,41.871596263001265,0.10467899065750316,False,False,True,False,trial_60
25,0.1,1.0,6,random_same,dynamic,False,82.70830249428887,0.9301522065929364,400,42.23054700600187,0.10557636751500468,False,False,True,False,trial_60
25,0.1,1.0,6,random_same,dynamic,False,82.72349391824896,0.9303041208325374,400,42.96694070599915,0.10741735176499788,False,False,True,False,trial_60
25,0.1,1.0,6,random_same,dynamic,False,82.7016589654055,0.9300857713041027,400,42.50637347999873,0.10626593369999682,False,False,True,False,trial_60
25,0.1,1.0,6,random_same,dynamic,False,82.71643150709353,0.9302334967209829,400,44.21324927100068,0.11053312317750169,False,False,True,False,trial_60
25,0.1,1.0,6,random_same,dynamic,False,82.71083488505853,0.9301775305006329,400,44.246324327003094,0.11061581081750774,False,False,True,False,trial_60
25,0.1,1.0,6,random_same,dynamic,False,83.33333333333334,0.9488673758982444,400,45.02642228700279,0.11256605571750697,False,False,True,False,trial_60
25,0.1,1.0,6,random_same,dynamic,False,82.72221760990877,0.9302913577491351,400,44.38007846099936,0.11095019615249839,False,False,True,False,trial_60
25,0.1,1.0,6,random_same,dynamic,False,82.72223546717635,0.9302915363218109,400,45.4207719219994,0.11355192980499851,False,False,True,False,trial_60
25,0.1,1.0,6,random_same,dynamic,False,82.71083488505853,0.9301775305006329,400,41.26240364000114,0.10315600910000285,False,False,True,False,trial_60
25,0.1,1.0,6,random_same,dynamic,False,83.33333333333334,0.9488673758982442,400,41.924681889002386,0.10481170472250596,False,False,True,False,trial_60
25,0.1,1.0,6,random_same,dynamic,False,83.33333333333334,0.9488673758982442,400,39.88934515500296,0.0997233628875074,False,False,True,False,trial_60
25,0.1,1.0,6,random_same,dynamic,False,82.71006114478813,0.9301697930979287,400,39.74286309300078,0.09935715773250195,False,False,True,False,trial_60
25,0.1,1.0,6,random_same,dynamic,False,82.72221760990877,0.9302913577491351,400,43.416403433002415,0.10854100858250604,False,False,True,False,trial_60
25,0.1,1.0,6,random_same,dynamic,False,82.72411098380998,0.9303102914881476,400,39.76068017199577,0.09940170042998943,False,False,True,False,trial_60
25,0.1,1.0,6,random_same,dynamic,False,83.33333333333334,0.9488673758982445,400,39.28224021000642,0.09820560052501605,False,False,True,False,trial_60
25,0.1,1.0,6,random_same,dynamic,False,0.0,-0.024330464620324815,400,9.863589176995447,0.024658972942488616,False,False,True,False,trial_51
25,0.1,1.0,6,random_same,dynamic,False,82.71006114478813,0.9301697930979287,400,38.14200669799902,0.09535501674499755,False,False,True,False,trial_60
25,0.1,1.0,6,random_same,dynamic,False,82.70557052995657,0.9301248869496131,400,42.56519950299844,0.1064129987574961,False,False,True,False,trial_60
25,0.1,1.0,6,random_same,dynamic,False,83.33333333333334,0.9488673758982443,400,40.021136939001735,0.10005284234750433,False,False,True,False,trial_60
25,0.1,1.0,6,random_same,dynamic,False,0.0,-0.024330464620324815,400,9.345169902000634,0.023362924755001586,False,False,True,False,trial_51
25,0.1,1.0,6,random_same,dynamic,False,82.71474745916169,0.9302166562416645,400,37.47695744700468,0.0936923936175117,False,False,True,False,trial_60
25,0.1,1.0,6,random_same,dynamic,False,82.72794582066135,0.930348639856661,400,37.93694058600522,0.09484235146501305,False,False,True,False,trial_60
25,0.1,1.0,6,random_same,dynamic,False,82.71182410203728,0.9301874226704204,400,40.35754364600143,0.10089385911500358,False,False,True,False,trial_60
25,0.1,1.0,6,random_same,dynamic,False,83.33333333333334,0.9488673758982445,400,40.41015546699782,0.10102538866749455,False,False,True,False,trial_60
25,0.1,1.0,6,random_same,dynamic,False,82.7105848951871,0.9301750306019184,400,36.71719205899717,0.09179298014749293,False,False,True,False,trial_60
25,0.1,1.0,6,random_same,dynamic,False,82.71006114478813,0.9301697930979287,400,38.50086223299877,0.09625215558249693,False,False,True,False,trial_60
25,0.1,1.0,6,random_same,dynamic,False,83.33333333333334,0.9488673758982443,400,40.05360774900328,0.1001340193725082,False,False,True,False,trial_60
25,0.1,1.0,6,random_same,dynamic,False,0.0,-0.024330464620324815,400,10.902271676000964,0.02725567919000241,False,False,True,False,trial_51
25,0.1,1.0,6,random_same,dynamic,False,82.70557052995657,0.9301248869496131,400,42.34303432000161,0.10585758580000401,False,False,True,False,trial_60
25,0.1,1.0,6,random_same,dynamic,False,83.33333333333334,0.9488673758982442,400,38.32512217700423,0.09581280544251058,False,False,True,False,trial_60
25,0.1,1.0,6,random_same,dynamic,False,83.33333333333334,0.9488673758982442,400,41.312137255998095,0.10328034313999523,False,False,True,False,trial_60
25,0.1,1.0,6,random_same,dynamic,False,83.33333333333334,0.9488673758982442,400,42.29942636600026,0.10574856591500065,False,False,True,False,trial_60
25,0.1,1.0,6,random_same,dynamic,False,83.33333333333334,0.9488673758982443,400,38.001153584998974,0.09500288396249744,False,False,True,False,trial_60
25,0.1,1.0,6,random_same,dynamic,False,0.0,-0.024330464620324815,400,8.694777190001332,0.02173694297500333,False,False,True,False,trial_51
25,0.1,1.0,6,random_same,dynamic,False,82.6992698310186,0.9300618799602335,400,39.06337386299856,0.0976584346574964,False,False,True,False,trial_60
25,0.1,1.0,6,random_same,dynamic,False,82.71953303111759,0.9302645119612236,400,39.49221669899998,0.09873054174749996,False,False,True,False,trial_60
25,0.1,1.0,6,random_same,dynamic,False,82.72411098380998,0.9303102914881476,400,38.08294887500233,0.09520737218750583,False,False,True,False,trial_60
25,0.1,1.0,6,random_same,dynamic,False,83.33333333333334,0.9488673758982443,400,40.83666240900493,0.10209165602251233,False,False,True,False,trial_60
25,0.1,1.0,6,random_same,dynamic,False,83.33333333333334,0.9092334620887579,400,41.310524968997925,0.10327631242249481,False,False,True,False,trial_60
25,0.1,1.0,6,random_same,dynamic,False,82.74366787304915,0.930505860380539,400,37.316201228000864,0.09329050307000215,False,False,True,False,trial_60
25,0.1,1.0,6,random_same,dynamic,False,0.0,-0.024330464620324815,400,8.313297243999841,0.020783243109999603,False,False,True,False,trial_51
25,0.1,1.0,6,random_same,dynamic,False,83.33333333333334,0.9488673758982442,400,37.047392334003234,0.09261848083500808,False,False,True,False,trial_60
25,0.1,1.0,6,random_same,dynamic,False,0.0,-0.024330464620324815,400,8.617459973000223,0.021543649932500557,False,False,True,False,trial_51
25,0.1,1.0,6,random_same,dynamic,False,0.0,-0.024330464620324815,400,8.817228700994747,0.022043071752486865,False,False,True,False,trial_51
25,0.1,1.0,6,random_same,dynamic,False,83.33333333333334,0.9488673758982445,400,39.70649232700089,0.09926623081750222,False,False,True,False,trial_60
25,0.1,1.0,6,random_same,dynamic,False,82.74366787304915,0.930505860380539,400,38.634903019003104,0.09658725754750776,False,False,True,False,trial_60
25,0.1,1.0,6,random_same,dynamic,False,0.0,-0.024330464620324815,400,8.754190097999526,0.021885475244998814,False,False,True,False,trial_51
25,0.1,1.0,6,random_same,dynamic,False,0.0,-0.024330464620324815,400,8.363107787001354,0.020907769467503386,False,False,True,False,trial_51
25,0.1,1.0,6,random_same,dynamic,False,0.0,-0.024330464620324815,400,9.119134287000634,0.022797835717501585,False,False,True,False,trial_51
25,0.1,1.0,6,random_same,dynamic,False,0.0,-0.024330464620324815,400,7.294906622999406,0.018237266557498515,False,False,True,False,trial_51
25,0.1,1.0,6,random_same,dynamic,False,0.0,-0.024330464620324815,400,8.222247263998725,0.020555618159996812,False,False,True,False,trial_51
25,0.1,1.0,6,random_same,dynamic,False,0.0,-0.024330464620324815,400,7.393001465003181,0.018482503662507952,False,False,True,False,trial_51
25,0.1,1.0,6,random_same,dynamic,False,0.0,-0.024330464620324815,400,8.614711260997865,0.021536778152494662,False,False,True,False,trial_51
25,0.1,1.0,6,random_same,dynamic,False,0.0,-0.024330464620324815,400,7.492618907999713,0.01873154726999928,False,False,True,False,trial_51
25,0.1,1.0,6,random_same,dynamic,False,0.0,-0.024330464620324815,400,7.068125746998703,0.017670314367496758,False,False,True,False,trial_51
25,0.1,1.0,6,random_same,dynamic,False,0.0,-0.024330464620324815,400,8.131456424001954,0.020328641060004884,False,False,True,False,trial_51
25,0.1,1.0,6,random_same,dynamic,False,0.0,-0.024330464620324815,400,7.473158884000441,0.0186828972100011,False,False,True,False,trial_51
25,0.1,1.0,6,random_same,dynamic,False,0.0,-0.024330464620324815,400,7.2615419430003385,0.018153854857500845,False,False,True,False,trial_51
25,0.1,1.0,6,random_same,dynamic,False,0.0,-0.024330464620324815,400,6.812855137002771,0.017032137842506928,False,False,True,False,trial_51
25,0.1,1.0,6,random_same,dynamic,False,0.0,-0.024330464620324815,400,6.515241123997839,0.016288102809994598,False,False,True,False,trial_51
25,0.1,1.0,6,random_same,dynamic,False,0.0,-0.024330464620324815,400,7.145300263997342,0.017863250659993356,False,False,True,False,trial_51
25,0.1,1.0,6,random_same,dynamic,False,0.0,-0.024330464620324815,400,6.665043600994977,0.016662609002487443,False,False,True,False,trial_51
25,0.1,1.0,6,random_same,dynamic,False,0.0,-0.024330464620324815,400,6.913111943998956,0.01728277985999739,False,False,True,False,trial_51
25,0.1,1.0,6,random_same,dynamic,False,0.0,-0.024330464620324815,400,6.580012094003905,0.016450030235009763,False,False,True,False,trial_51
25,0.1,1.0,6,random_same,dynamic,False,0.0,-0.024330464620324815,400,6.7397365479992,0.016849341369998,False,False,True,False,trial_51
25,0.1,1.0,6,random_same,dynamic,False,0.0,-0.024330464620324815,400,6.744794887003081,0.016861987217507705,False,False,True,False,trial_51
25,0.1,1.0,6,random_same,dynamic,False,0.0,-0.024330464620324815,400,6.656083252004464,0.01664020813001116,False,False,True,False,trial_51
25,0.1,1.0,6,random_same,dynamic,False,0.0,-0.024330464620324815,400,6.599233518005349,0.01649808379501337,False,False,True,False,trial_51
25,0.1,1.0,6,random_same,dynamic,False,0.0,-0.024330464620324815,400,6.6473206379960175,0.016618301594990045,False,False,True,False,trial_51
25,0.1,1.0,6,random_same,dynamic,False,0.0,-0.024330464620324815,400,6.610977705997357,0.01652744426499339,False,False,True,False,trial_51
25,0.1,1.0,6,random_same,dynamic,False,0.0,-0.024330464620324815,400,6.72791822799627,0.016819795569990675,False,False,True,False,trial_51
25,0.1,1.0,6,random_same,dynamic,False,0.0,-0.024330464620324815,400,6.631504875003884,0.01657876218750971,False,False,True,False,trial_51
25,0.1,1.0,6,random_same,dynamic,False,0.0,-0.024330464620324815,400,6.5949995780028985,0.016487498945007246,False,False,True,False,trial_51
25,0.1,1.0,6,random_same,dynamic,False,0.0,-0.024330464620324815,400,7.276400578004541,0.018191001445011352,False,False,True,False,trial_51
25,0.1,1.0,6,random_same,dynamic,False,0.0,-0.024330464620324815,400,6.8843212770007085,0.01721080319250177,False,False,True,False,trial_51
25,0.1,1.0,6,random_same,dynamic,False,0.0,-0.024330464620324815,400,6.763508553995052,0.01690877138498763,False,False,True,False,trial_51
25,0.1,1.0,6,random_same,dynamic,False,0.0,-0.024330464620324815,400,6.748883159998513,0.016872207899996283,False,False,True,False,trial_51
25,0.1,1.0,6,random_same,dynamic,False,0.0,-0.024330464620324815,400,7.020297804003349,0.017550744510008372,False,False,True,False,trial_51
25,0.1,1.0,6,random_same,dynamic,False,0.0,-0.024330464620324815,400,7.153046171006281,0.0178826154275157,False,False,True,False,trial_51
25,0.1,1.0,6,random_same,dynamic,False,0.0,-0.024330464620324815,400,6.957917840001755,0.017394794600004388,False,False,True,False,trial_51
25,0.1,1.0,6,random_same,dynamic,False,77.77210237807851,0.8868400670035458,29,2.0275000580004416,0.0699137951034635,False,True,True,False,trial_46
25,0.1,1.0,6,random_same,dynamic,False,74.26613505354302,0.8379937848584416,49,3.3205873089973466,0.06776708793872135,False,True,True,False,trial_46
25,0.1,1.0,6,random_same,dynamic,False,0.0,-0.024330464620324815,400,7.243614519997209,0.018109036299993022,False,False,True,False,trial_51
25,0.1,1.0,6,random_same,dynamic,False,0.0,-0.024330464620324815,400,7.2641414719983,0.01816035367999575,False,False,True,False,trial_51
25,0.1,1.0,6,random_same,dynamic,False,77.77210237807851,0.8868400670035458,29,2.344508854999731,0.0808451329310252,False,True,True,False,trial_46
25,0.1,1.0,6,random_same,dynamic,False,0.0,-0.024330464620324815,400,7.681708599004196,0.01920427149751049,False,False,True,False,trial_51
25,0.1,1.0,6,random_same,dynamic,False,0.0,-0.024330464620324815,400,8.294842427996628,0.02073710606999157,False,False,True,False,trial_51
25,0.1,1.0,6,random_same,dynamic,False,0.0,-0.024330464620324815,400,7.741390691997367,0.019353476729993418,False,False,True,False,trial_51
25,0.1,1.0,6,random_same,dynamic,False,0.0,-0.024330464620324815,400,8.353199577999476,0.02088299894499869,False,False,True,False,trial_51
25,0.1,1.0,6,random_same,dynamic,False,0.0,-0.024330464620324815,400,8.572408908003126,0.021431022270007816,False,False,True,False,trial_51
25,0.1,1.0,6,random_same,dynamic,False,0.0,-0.024330464620324815,400,8.938651190997916,0.02234662797749479,False,False,True,False,trial_51
25,0.1,1.0,6,random_same,dynamic,False,83.33333333333334,0.9488673758982445,400,33.36837581200234,0.08342093953000586,False,False,True,False,trial_60
25,0.1,1.0,6,random_same,dynamic,False,0.0,-0.024330464620324815,400,9.880704237999453,0.024701760594998633,False,False,True,False,trial_51
25,0.1,1.0,6,random_same,dynamic,False,66.66666666666667,0.7784788395253912,400,16.386272677002125,0.040965681692505314,False,False,True,False,trial_46
25,0.1,1.0,6,random_same,dynamic,False,82.86196543326407,0.9582901733162538,400,18.410737116995733,0.046026842792489336,False,False,True,False,trial_46
25,0.1,1.0,6,random_same,dynamic,False,66.66666666666667,0.7867521446586819,400,19.45090828800312,0.048627270720007804,False,False,True,False,trial_46
25,0.1,1.0,6,random_same,dynamic,False,83.33333333333334,0.9642280391587075,400,17.617648384002678,0.04404412096000669,False,False,True,False,trial_46
25,0.1,1.0,6,random_same,dynamic,False,83.33333333333334,0.9696563057578463,400,21.858689841006708,0.054646724602516766,False,False,True,False,trial_46
25,0.1,1.0,6,random_same,dynamic,False,82.86158528730576,0.9582863718566709,400,20.400104041000304,0.051000260102500763,False,False,True,False,trial_46
25,0.1,1.0,6,random_same,dynamic,False,82.86196543326407,0.9582901733162538,400,22.3407992890061,0.05585199822251525,False,False,True,False,trial_46
25,0.1,1.0,6,random_same,dynamic,False,83.33333333333334,0.9611729626195269,400,22.934899587999098,0.05733724896999774,False,False,True,False,trial_46
25,0.1,1.0,6,random_same,dynamic,False,82.86362114638153,0.9583067304474285,400,22.268899472001067,0.055672248680002666,False,False,True,False,trial_46
25,0.1,1.0,6,random_same,dynamic,False,83.33333333333334,0.9739116411641261,400,22.027799700001196,0.05506949925000299,False,False,True,False,trial_46
25,0.1,1.0,6,random_same,dynamic,False,91.66666666666666,1.0700918792062681,400,24.776062135999382,0.06194015533999846,False,False,True,False,trial_46
25,0.1,1.0,6,random_same,dynamic,False,66.66666666666667,0.7855339332632147,400,18.577460765001888,0.04644365191250472,False,False,True,False,trial_46
25,0.1,1.0,6,random_same,dynamic,False,82.86566816172183,0.9583272006008314,400,23.192475837997335,0.05798118959499334,False,False,True,False,trial_46
25,0.1,1.0,6,random_same,dynamic,False,82.86566816172183,0.9583272006008314,400,23.274927663995186,0.05818731915998796,False,False,True,False,trial_46
25,0.1,1.0,6,random_same,dynamic,False,83.33333333333334,0.976193378159111,400,25.128848842003208,0.06282212210500802,False,False,True,False,trial_46
25,0.1,1.0,6,random_same,dynamic,False,66.66666666666667,0.7867448133575554,400,28.026898433003225,0.07006724608250807,False,False,True,False,trial_46
25,0.1,1.0,6,random_same,dynamic,False,83.33333333333334,0.9739116411641261,400,21.893631687999004,0.05473407921999751,False,False,True,False,trial_46
25,0.1,1.0,6,random_same,dynamic,False,75.0,0.8892421747193151,400,26.90969391800172,0.0672742347950043,False,False,True,False,trial_46
25,0.1,1.0,6,random_same,dynamic,False,75.0,0.8892421747193151,400,27.116377487996942,0.06779094371999235,False,False,True,False,trial_46
25,0.1,1.0,6,random_same,dynamic,False,82.87554387956502,0.9584259577792632,400,23.707064363996324,0.05926766090999081,False,False,True,False,trial_46
25,0.1,1.0,6,random_same,dynamic,False,83.33333333333334,0.9611729626195269,400,25.567511756002204,0.06391877939000551,False,False,True,False,trial_46
25,0.1,1.0,6,random_same,dynamic,False,89.15790232150229,1.017600327803764,400,32.732270824002626,0.08183067706000656,False,False,True,False,trial_46
25,0.1,1.0,6,random_same,dynamic,False,90.3198829755603,1.0505529061463847,400,33.36025519200484,0.08340063798001211,False,False,True,False,trial_46
25,0.1,1.0,6,random_same,dynamic,False,66.66666666666667,0.7896625702313399,400,25.178500578003877,0.06294625144500969,False,False,True,False,trial_46
25,0.1,1.0,6,random_same,dynamic,False,75.0,0.8892421747193151,400,30.494263683998724,0.07623565920999681,False,False,True,False,trial_46
25,0.1,1.0,6,random_same,dynamic,False,66.66666666666667,0.7784788395253912,400,16.1563035040017,0.040390758760004246,False,False,True,False,trial_46
25,0.1,1.0,6,random_same,dynamic,False,66.66666666666667,0.7867521446586819,400,19.681688766999287,0.049204221917498216,False,False,True,False,trial_46
25,0.1,1.0,6,random_same,dynamic,False,91.07885539939508,1.0327865965028515,400,39.605377184001554,0.09901344296000389,False,False,True,False,trial_46
25,0.1,1.0,6,random_same,dynamic,False,83.33333333333334,0.9869029307888002,400,36.70072896099737,0.09175182240249341,False,False,True,False,trial_46
25,0.1,1.0,6,random_same,dynamic,False,91.07885539939508,1.0327865965028515,400,41.38867547800328,0.1034716886950082,False,False,True,False,trial_46
25,0.1,1.0,6,random_same,dynamic,False,91.07885539939508,1.0327865965028515,400,41.65253897799994,0.10413134744499984,False,False,True,False,trial_46
25,0.1,1.0,6,random_same,dynamic,False,82.86566816172183,0.9583272006008314,400,19.915377852004895,0.04978844463001224,False,False,True,False,trial_46
25,0.1,1.0,6,random_same,dynamic,False,66.66666666666667,0.7887021279582641,400,26.216902727006527,0.06554225681751631,False,False,True,False,trial_46
25,0.1,1.0,6,random_same,dynamic,False,66.66666666666667,0.7864822287388741,400,25.141235674003838,0.06285308918500959,False,False,True,False,trial_46
25,0.1,1.0,6,random_same,dynamic,False,41.666666666666664,0.49583333333333335,400,15.243587885001034,0.038108969712502584,False,False,True,True,trial_45
25,0.1,1.0,6,random_same,dynamic,False,91.66666666666666,1.055501516837391,400,43.21142234800209,0.10802855587000522,False,False,True,False,trial_46
25,0.1,1.0,6,random_same,dynamic,False,83.33333333333334,0.981718250769635,400,23.61885413800337,0.059047135345008425,False,False,True,False,trial_46
25,0.1,1.0,6,random_same,dynamic,False,83.33333333333334,0.9770371427785205,400,23.427718619997904,0.05856929654999476,False,False,True,False,trial_46
25,0.1,1.0,6,random_same,dynamic,False,66.66666666666667,0.7870610553897167,400,32.26085004000197,0.08065212510000493,False,False,True,False,trial_46
25,0.1,1.0,6,random_same,dynamic,False,90.30517592936638,1.0504058356844452,400,30.975519807994715,0.07743879951998679,False,False,True,False,trial_46
25,0.1,1.0,6,random_same,dynamic,False,83.33333333333334,0.9870503262300647,400,23.68927875699592,0.059223196892489796,False,False,True,False,trial_46
25,0.1,1.0,6,random_same,dynamic,False,66.66666666666667,0.7887021279582641,400,33.11574551399826,0.08278936378499566,False,False,True,False,trial_46
25,0.1,1.0,6,random_same,dynamic,False,83.33333333333334,0.9770371427785205,400,25.562577540003986,0.06390644385000996,False,False,True,False,trial_46
25,0.1,1.0,6,random_same,dynamic,False,75.0,0.8806761396939002,400,28.816903815000842,0.07204225953750211,False,False,True,False,trial_46
25,0.1,1.0,6,random_same,dynamic,False,75.0,0.8806761396939002,400,28.562445684001432,0.07140611421000358,False,False,True,False,trial_46
25,0.1,1.0,6,random_same,dynamic,False,66.66666666666667,0.7880695858665673,400,32.40930447199935,0.08102326117999838,False,False,True,False,trial_46
25,0.1,1.0,6,random_same,dynamic,False,66.66666666666667,0.7872026473149708,400,32.4311805729958,0.0810779514324895,False,False,True,False,trial_46
25,0.1,1.0,6,random_same,dynamic,False,41.666666666666664,0.49583333333333335,400,32.08221313299873,0.08020553283249683,False,False,True,True,trial_45
25,0.1,1.0,6,random_same,dynamic,False,41.666666666666664,0.4958333333333333,400,31.746773432998452,0.07936693358249614,False,False,True,True,trial_45
25,0.1,1.0,6,random_same,dynamic,False,41.666666666666664,0.4958333333333334,400,31.66344288900291,0.07915860722250727,False,False,True,True,trial_45
25,0.1,1.0,6,random_same,dynamic,False,41.666666666666664,0.4958333333333333,400,32.449290621996624,0.08112322655499156,False,False,True,True,trial_45
25,0.1,1.0,6,random_same,dynamic,False,41.666666666666664,0.49583333333333324,400,34.85732152499986,0.08714330381249966,False,False,True,True,trial_45
25,0.1,1.0,6,random_same,dynamic,False,91.07442051649483,1.0327422476738493,400,42.980260140997416,0.10745065035249354,False,False,True,False,trial_46
25,0.1,1.0,6,random_same,dynamic,False,41.666666666666664,0.4958333333333333,400,32.84234950099926,0.08210587375249816,False,False,True,True,trial_45
25,0.1,1.0,6,random_same,dynamic,False,41.666666666666664,0.4958333333333333,400,29.845792273998086,0.07461448068499521,False,False,True,True,trial_45
25,0.1,1.0,6,random_same,dynamic,False,41.666666666666664,0.49583333333333335,400,30.483675954004866,0.07620918988501217,False,False,True,True,trial_45
25,0.1,1.0,6,random_same,dynamic,False,41.666666666666664,0.4958333333333333,400,33.28659226900345,0.08321648067250863,False,False,True,True,trial_45
25,0.1,1.0,6,random_same,dynamic,False,41.666666666666664,0.49583333333333335,400,35.69237514999986,0.08923093787499965,False,False,True,True,trial_45
25,0.1,1.0,6,random_same,dynamic,False,41.666666666666664,0.4958333333333333,400,32.56104552099714,0.08140261380249285,False,False,True,True,trial_45
25,0.1,1.0,6,random_same,dynamic,False,41.666666666666664,0.4958333333333333,400,29.8842781140047,0.07471069528501176,False,False,True,True,trial_45
25,0.1,1.0,6,random_same,dynamic,False,41.666666666666664,0.49583333333333335,400,34.06829891700181,0.08517074729250453,False,False,True,True,trial_45
25,0.1,1.0,6,random_same,dynamic,False,41.666666666666664,0.4958333333333333,400,30.831714167004975,0.07707928541751244,False,False,True,True,trial_45
25,0.1,1.0,6,random_same,dynamic,False,41.666666666666664,0.4958333333333334,400,30.38464085900341,0.07596160214750852,False,False,True,True,trial_45
25,0.1,1.0,6,random_same,dynamic,False,41.666666666666664,0.49583333333333335,400,34.86994398099341,0.08717485995248353,False,False,True,True,trial_45
25,0.1,1.0,6,random_same,dynamic,False,41.666666666666664,0.49583333333333335,400,31.74651142500079,0.07936627856250197,False,False,True,True,trial_45
25,0.1,1.0,6,random_same,dynamic,False,41.666666666666664,0.4958333333333334,400,31.729144025004643,0.0793228600625116,False,False,True,True,trial_45
25,0.1,1.0,6,random_same,dynamic,False,41.666666666666664,0.4958333333333333,400,30.56159325599583,0.07640398313998958,False,False,True,True,trial_45
25,0.1,1.0,6,random_same,dynamic,False,41.666666666666664,0.4958333333333333,400,31.18936660399777,0.07797341650999443,False,False,True,True,trial_45
25,0.1,1.0,6,random_same,dynamic,False,41.666666666666664,0.4958333333333334,400,31.998345250001876,0.07999586312500469,False,False,True,True,trial_45
25,0.1,1.0,6,random_same,dynamic,False,41.666666666666664,0.4958333333333333,400,30.457693049997033,0.07614423262499258,False,False,True,True,trial_45
25,0.1,1.0,6,random_same,dynamic,False,41.666666666666664,0.4958333333333334,400,28.811041791996104,0.07202760447999026,False,False,True,True,trial_45
25,0.1,1.0,6,random_same,dynamic,False,41.666666666666664,0.4958333333333333,400,29.848470363998786,0.07462117590999696,False,False,True,True,trial_45
25,0.1,1.0,6,random_same,dynamic,False,41.666666666666664,0.4958333333333333,400,34.28284321299725,0.08570710803249312,False,False,True,True,trial_45
25,0.1,1.0,6,random_same,dynamic,False,41.666666666666664,0.4958333333333334,400,34.417140402998484,0.08604285100749622,False,False,True,True,trial_45
25,0.1,1.0,6,random_same,dynamic,False,41.666666666666664,0.4958333333333333,400,33.48540512099862,0.08371351280249656,False,False,True,True,trial_45
25,0.1,1.0,6,random_same,dynamic,False,41.666666666666664,0.4958333333333333,400,33.85591787500016,0.0846397946875004,False,False,True,True,trial_45
25,0.1,1.0,6,random_same,dynamic,False,41.666666666666664,0.4958333333333334,400,30.264040702000784,0.07566010175500196,False,False,True,True,trial_45
25,0.1,1.0,6,random_same,dynamic,False,41.666666666666664,0.49583333333333324,400,29.65279966500384,0.07413199916250961,False,False,True,True,trial_45
25,0.1,1.0,6,random_same,dynamic,False,41.666666666666664,0.4958333333333334,400,30.37646444800339,0.07594116112000847,False,False,True,True,trial_45
25,0.1,1.0,6,random_same,dynamic,False,41.666666666666664,0.49583333333333335,400,14.951790104998508,0.03737947526249627,False,False,True,True,trial_45
25,0.1,1.0,6,random_same,dynamic,False,41.666666666666664,0.49583333333333335,400,15.505362504001823,0.03876340626000456,False,False,True,True,trial_45
25,0.1,1.0,6,random_same,dynamic,False,41.666666666666664,0.49583333333333335,400,27.007021072000498,0.06751755268000124,False,False,True,True,trial_45
25,0.1,1.0,6,random_same,dynamic,False,41.666666666666664,0.4958333333333333,400,29.370660307002254,0.07342665076750564,False,False,True,True,trial_45
25,0.1,1.0,6,random_same,dynamic,False,41.666666666666664,0.4958333333333333,400,35.175285815996176,0.08793821453999044,False,False,True,True,trial_45
25,0.1,1.0,6,random_same,dynamic,False,41.666666666666664,0.49583333333333335,400,33.37853076800093,0.08344632692000233,False,False,True,True,trial_45
25,0.1,1.0,6,random_same,dynamic,False,41.666666666666664,0.49583333333333335,400,33.029567716999736,0.08257391929249934,False,False,True,True,trial_45
25,0.1,1.0,6,random_same,dynamic,False,41.666666666666664,0.49583333333333324,400,33.691243581997696,0.08422810895499425,False,False,True,True,trial_45
25,0.1,1.0,6,random_same,dynamic,False,41.666666666666664,0.4958333333333334,400,30.289162849003333,0.07572290712250833,False,False,True,True,trial_45
25,0.1,1.0,6,random_same,dynamic,False,41.666666666666664,0.49583333333333335,400,31.330172521993518,0.07832543130498379,False,False,True,True,trial_45
25,0.1,1.0,6,random_same,dynamic,False,41.666666666666664,0.4958333333333333,400,33.144985234997876,0.08286246308749469,False,False,True,True,trial_45
25,0.1,1.0,6,random_same,dynamic,False,41.666666666666664,0.49583333333333335,400,33.30153694100591,0.08325384235251476,False,False,True,True,trial_45
25,0.1,1.0,6,random_same,dynamic,False,58.33333333333333,0.6941666666666667,400,26.309061025996925,0.06577265256499232,False,False,True,True,trial_60
25,0.1,1.0,6,random_same,dynamic,False,41.666666666666664,0.49583333333333335,400,31.15932791800151,0.07789831979500378,False,False,True,True,trial_45
25,0.1,1.0,6,random_same,dynamic,False,41.666666666666664,0.49583333333333335,400,30.93840867000108,0.07734602167500271,False,False,True,True,trial_45
25,0.1,1.0,6,random_same,dynamic,False,41.666666666666664,0.49583333333333335,400,30.793998462999298,0.07698499615749825,False,False,True,True,trial_45
25,0.1,1.0,6,random_same,dynamic,False,41.666666666666664,0.4958333333333333,400,31.131719698998495,0.07782929924749624,False,False,True,True,trial_45
25,0.1,1.0,6,random_same,dynamic,False,58.33333333333333,0.6941666666666668,400,29.143599139999424,0.07285899784999855,False,False,True,True,trial_60
25,0.1,1.0,6,random_same,dynamic,False,41.666666666666664,0.49583333333333335,400,34.455859402994975,0.08613964850748744,False,False,True,True,trial_45
25,0.1,1.0,6,random_same,dynamic,False,41.666666666666664,0.49583333333333335,400,36.203191528999014,0.09050797882249753,False,False,True,True,trial_45
25,0.1,1.0,6,random_same,dynamic,False,58.33333333333333,0.6941666666666667,400,29.3580115710065,0.07339502892751625,False,False,True,True,trial_60
25,0.1,1.0,6,random_same,dynamic,False,58.33333333333333,0.6941666666666668,400,25.701916222002183,0.06425479055500545,False,False,True,True,trial_60
25,0.1,1.0,6,random_same,dynamic,False,58.33333333333333,0.6941666666666666,400,28.958388683997327,0.07239597170999332,False,False,True,True,trial_60
25,0.1,1.0,6,random_same,dynamic,False,58.33333333333333,0.6941666666666667,400,30.846421769994777,0.07711605442498694,False,False,True,True,trial_60
25,0.1,1.0,6,random_same,dynamic,False,58.33333333333333,0.6941666666666668,400,30.822956812000484,0.07705739203000121,False,False,True,True,trial_60
25,0.1,1.0,6,random_same,dynamic,False,58.33333333333333,0.6941666666666666,400,31.787577481998596,0.07946894370499649,False,False,True,True,trial_60
25,0.1,1.0,6,random_same,dynamic,False,58.33333333333333,0.6941666666666666,400,29.3904321670052,0.07347608041751301,False,False,True,True,trial_60
25,0.1,1.0,6,random_same,dynamic,False,58.33333333333333,0.6941666666666666,400,29.573000717995455,0.07393250179498864,False,False,True,True,trial_60
25,0.1,1.0,6,random_same,dynamic,False,58.33333333333333,0.6941666666666668,400,29.405528986004356,0.07351382246501088,False,False,True,True,trial_60
25,0.1,1.0,6,random_same,dynamic,False,58.33333333333333,0.6941666666666665,400,28.1823462090033,0.07045586552250825,False,False,True,True,trial_60
25,0.1,1.0,6,random_same,dynamic,False,58.33333333333333,0.6941666666666666,400,25.654277426998306,0.06413569356749577,False,False,True,True,trial_60
25,0.1,1.0,6,random_same,dynamic,False,58.33333333333333,0.6941666666666667,400,26.317394365003565,0.06579348591250891,False,False,True,True,trial_60
25,0.1,1.0,6,random_same,dynamic,False,58.33333333333333,0.6941666666666666,400,32.00217733899626,0.08000544334749066,False,False,True,True,trial_60
25,0.1,1.0,6,random_same,dynamic,False,58.33333333333333,0.6941666666666666,400,29.411160857998766,0.07352790214499691,False,False,True,True,trial_60
25,0.1,1.0,6,random_same,dynamic,False,58.33333333333333,0.6941666666666667,400,30.185667912999634,0.07546416978249909,False,False,True,True,trial_60
25,0.1,1.0,6,random_same,dynamic,False,58.33333333333333,0.6941666666666667,400,27.068941079996875,0.0676723526999922,False,False,True,True,trial_60
25,0.1,1.0,6,random_same,dynamic,False,58.33333333333333,0.6941666666666666,400,28.389842973992927,0.07097460743498232,False,False,True,True,trial_60
25,0.1,1.0,6,random_same,dynamic,False,58.33333333333333,0.6941666666666667,400,30.609475470999314,0.07652368867749829,False,False,True,True,trial_60
25,0.1,1.0,6,random_same,dynamic,False,58.33333333333333,0.6941666666666667,400,32.825548421998974,0.08206387105499743,False,False,True,True,trial_60
25,0.1,1.0,6,random_same,dynamic,False,58.33333333333333,0.6941666666666667,400,33.20303383900318,0.08300758459750796,False,False,True,True,trial_60
25,0.1,1.0,6,random_same,dynamic,False,58.33333333333333,0.6941666666666666,400,30.721446335002838,0.0768036158375071,False,False,True,True,trial_60
25,0.1,1.0,6,random_same,dynamic,False,58.33333333333333,0.6941666666666666,400,29.150376396995853,0.07287594099248963,False,False,True,True,trial_60
25,0.1,1.0,6,random_same,dynamic,False,58.33333333333333,0.6941666666666666,400,27.04805962899991,0.06762014907249977,False,False,True,True,trial_60
25,0.1,1.0,6,random_same,dynamic,False,58.33333333333333,0.6941666666666667,400,32.27905757299595,0.08069764393248988,False,False,True,True,trial_60
25,0.1,1.0,6,random_same,dynamic,False,58.33333333333333,0.6941666666666667,400,31.567655436003406,0.07891913859000851,False,False,True,True,trial_60
25,0.1,1.0,6,random_same,dynamic,False,58.33333333333333,0.6941666666666666,400,28.809286999996402,0.07202321749999101,False,False,True,True,trial_60
25,0.1,1.0,6,random_same,dynamic,False,58.33333333333333,0.6941666666666666,400,28.711178277997533,0.07177794569499384,False,False,True,True,trial_60
25,0.1,1.0,6,random_same,dynamic,False,58.33333333333333,0.6941666666666666,400,29.384194480000588,0.07346048620000147,False,False,True,True,trial_60
25,0.1,1.0,6,random_same,dynamic,False,58.33333333333333,0.6941666666666666,400,27.17576594700222,0.06793941486750554,False,False,True,True,trial_60
25,0.1,1.0,6,random_same,dynamic,False,58.33333333333333,0.6941666666666666,400,26.64491494300455,0.06661228735751137,False,False,True,True,trial_60
25,0.1,1.0,6,random_same,dynamic,False,58.33333333333333,0.6941666666666667,400,29.619071143002657,0.07404767785750664,False,False,True,True,trial_60
25,0.1,1.0,6,random_same,dynamic,False,0.0,0.0,400,10.104768780998711,0.02526192195249678,False,False,True,True,trial_51
25,0.1,1.0,6,random_same,dynamic,False,58.33333333333333,0.6941666666666667,400,29.587915786003578,0.07396978946500894,False,False,True,True,trial_60
25,0.1,1.0,6,random_same,dynamic,False,0.0,0.0,400,9.642708678999043,0.024106771697497607,False,False,True,True,trial_51
25,0.1,1.0,6,random_same,dynamic,False,0.0,0.0,400,10.45716566700139,0.026142914167503476,False,False,True,True,trial_51
25,0.1,1.0,6,random_same,dynamic,False,58.33333333333333,0.6941666666666667,400,31.127558009000495,0.07781889502250124,False,False,True,True,trial_60
25,0.1,1.0,6,random_same,dynamic,False,0.0,0.0,400,9.073659963003593,0.022684149907508982,False,False,True,True,trial_51
25,0.1,1.0,6,random_same,dynamic,False,0.0,0.0,400,9.030668874002004,0.02257667218500501,False,False,True,True,trial_51
25,0.1,1.0,6,random_same,dynamic,False,58.33333333333333,0.6941666666666666,400,24.58634475299914,0.06146586188249785,False,False,True,True,trial_60
25,0.1,1.0,6,random_same,dynamic,False,0.0,0.0,400,9.54507770100463,0.023862694252511574,False,False,True,True,trial_51
25,0.1,1.0,6,random_same,dynamic,False,0.0,0.0,400,8.645303994002461,0.021613259985006152,False,False,True,True,trial_51
25,0.1,1.0,6,random_same,dynamic,False,0.0,0.0,400,9.298141960003704,0.02324535490000926,False,False,True,True,trial_51
25,0.1,1.0,6,random_same,dynamic,False,58.33333333333333,0.6941666666666667,400,27.01071534500079,0.06752678836250198,False,False,True,True,trial_60
25,0.1,1.0,6,random_same,dynamic,False,58.33333333333333,0.6941666666666667,400,28.349329076001595,0.07087332269000399,False,False,True,True,trial_60
25,0.1,1.0,6,random_same,dynamic,False,58.33333333333333,0.6941666666666666,400,30.81703719199868,0.0770425929799967,False,False,True,True,trial_60
25,0.1,1.0,6,random_same,dynamic,False,58.33333333333333,0.6941666666666668,400,27.365059448995453,0.06841264862248864,False,False,True,True,trial_60
25,0.1,1.0,6,random_same,dynamic,False,58.33333333333333,0.6941666666666666,400,31.91695637799421,0.07979239094498553,False,False,True,True,trial_60
25,0.1,1.0,6,random_same,dynamic,False,0.0,0.0,400,7.269476761000988,0.018173691902502467,False,False,True,True,trial_51
25,0.1,1.0,6,random_same,dynamic,False,0.0,0.0,400,9.491367476002779,0.02372841869000695,False,False,True,True,trial_51
25,0.1,1.0,6,random_same,dynamic,False,58.33333333333333,0.6941666666666666,400,28.63352224999835,0.07158380562499587,False,False,True,True,trial_60
25,0.1,1.0,6,random_same,dynamic,False,58.33333333333333,0.6941666666666667,400,30.807164831996488,0.07701791207999122,False,False,True,True,trial_60
25,0.1,1.0,6,random_same,dynamic,False,0.0,0.0,400,7.9026961180061335,0.019756740295015333,False,False,True,True,trial_51
25,0.1,1.0,6,random_same,dynamic,False,0.0,0.0,400,8.534116508999432,0.02133529127249858,False,False,True,True,trial_51
25,0.1,1.0,6,random_same,dynamic,False,58.33333333333333,0.6941666666666667,400,28.0443391910012,0.070110847977503,False,False,True,True,trial_60
25,0.1,1.0,6,random_same,dynamic,False,58.33333333333333,0.6941666666666666,400,21.287733247001597,0.05321933311750399,False,False,True,True,trial_60
25,0.1,1.0,6,random_same,dynamic,False,0.0,0.0,400,8.492548305999662,0.021231370764999157,False,False,True,True,trial_51
25,0.1,1.0,6,random_same,dynamic,False,0.0,0.0,400,6.530736774002435,0.016326841935006088,False,False,True,True,trial_51
25,0.1,1.0,6,random_same,dynamic,False,0.0,0.0,400,8.642260551001527,0.02160565137750382,False,False,True,True,trial_51
25,0.1,1.0,6,random_same,dynamic,False,0.0,0.0,400,8.022462365996034,0.020056155914990086,False,False,True,True,trial_51
25,0.1,1.0,6,random_same,dynamic,False,0.0,0.0,400,7.583770413999446,0.018959426034998613,False,False,True,True,trial_51
25,0.1,1.0,6,random_same,dynamic,False,0.0,0.0,400,7.818540871005098,0.019546352177512744,False,False,True,True,trial_51
25,0.1,1.0,6,random_same,dynamic,False,58.33333333333333,0.6941666666666667,400,27.287680572997488,0.06821920143249371,False,False,True,True,trial_60
25,0.1,1.0,6,random_same,dynamic,False,0.0,0.0,400,6.21732450700074,0.01554331126750185,False,False,True,True,trial_51
25,0.1,1.0,6,random_same,dynamic,False,0.0,0.0,400,8.150660481995146,0.020376651204987866,False,False,True,True,trial_51
25,0.1,1.0,6,random_same,dynamic,False,0.0,0.0,400,7.286971757996071,0.018217429394990176,False,False,True,True,trial_51
25,0.1,1.0,6,random_same,dynamic,False,58.33333333333333,0.6941666666666668,400,23.97544074599864,0.059938601864996596,False,False,True,True,trial_60
25,0.1,1.0,6,random_same,dynamic,False,0.0,0.0,400,7.100078716997814,0.017750196792494535,False,False,True,True,trial_51
25,0.1,1.0,6,random_same,dynamic,False,0.0,0.0,400,6.383389447997615,0.01595847361999404,False,False,True,True,trial_51
25,0.1,1.0,6,random_same,dynamic,False,58.33333333333333,0.6941666666666666,400,29.9941020749975,0.07498525518749374,False,False,True,True,trial_60
25,0.1,1.0,6,random_same,dynamic,False,0.0,0.0,400,6.46688666800037,0.016167216670000924,False,False,True,True,trial_51
25,0.1,1.0,6,random_same,dynamic,False,0.0,0.0,400,6.9064050519955344,0.017266012629988836,False,False,True,True,trial_51
25,0.1,1.0,6,random_same,dynamic,False,0.0,0.0,400,6.442719124999712,0.016106797812499282,False,False,True,True,trial_51
25,0.1,1.0,6,random_same,dynamic,False,58.33333333333333,0.6941666666666668,400,24.718939219004824,0.06179734804751206,False,False,True,True,trial_60
25,0.1,1.0,6,random_same,dynamic,False,0.0,0.0,400,6.60477545800677,0.016511938645016926,False,False,True,True,trial_51
25,0.1,1.0,6,random_same,dynamic,False,0.0,0.0,400,7.056317480994039,0.0176407937024851,False,False,True,True,trial_51
25,0.1,1.0,6,random_same,dynamic,False,58.33333333333333,0.6941666666666668,400,26.785362738999538,0.06696340684749885,False,False,True,True,trial_60
25,0.1,1.0,6,random_same,dynamic,False,0.0,0.0,400,6.636742242000764,0.016591855605001912,False,False,True,True,trial_51
25,0.1,1.0,6,random_same,dynamic,False,0.0,0.0,400,6.584069714001089,0.016460174285002724,False,False,True,True,trial_51
25,0.1,1.0,6,random_same,dynamic,False,0.0,0.0,400,6.195671780995326,0.015489179452488315,False,False,True,True,trial_51
25,0.1,1.0,6,random_same,dynamic,False,0.0,0.0,400,6.547127465004451,0.016367818662511125,False,False,True,True,trial_51
25,0.1,1.0,6,random_same,dynamic,False,0.0,0.0,400,6.598945310994168,0.01649736327748542,False,False,True,True,trial_51
25,0.1,1.0,6,random_same,dynamic,False,0.0,0.0,400,6.2561138559976825,0.015640284639994208,False,False,True,True,trial_51
25,0.1,1.0,6,random_same,dynamic,False,0.0,0.0,400,6.462643550999928,0.016156608877499822,False,False,True,True,trial_51
25,0.1,1.0,6,random_same,dynamic,False,0.0,0.0,400,7.133639122002933,0.017834097805007332,False,False,True,True,trial_51
25,0.1,1.0,6,random_same,dynamic,False,0.0,0.0,400,7.151754451995657,0.01787938612998914,False,False,True,True,trial_51
25,0.1,1.0,6,random_same,dynamic,False,0.0,0.0,400,8.05988846100081,0.020149721152502024,False,False,True,True,trial_51
25,0.1,1.0,6,random_same,dynamic,False,0.0,0.0,400,7.359601511001529,0.018399003777503822,False,False,True,True,trial_51
25,0.1,1.0,6,random_same,dynamic,False,0.0,0.0,400,6.556302559998585,0.016390756399996462,False,False,True,True,trial_51
25,0.1,1.0,6,random_same,dynamic,False,0.0,0.0,400,7.760727797001891,0.01940181949250473,False,False,True,True,trial_51
25,0.1,1.0,6,random_same,dynamic,False,0.0,0.0,400,6.661711764994834,0.016654279412487084,False,False,True,True,trial_51
25,0.1,1.0,6,random_same,dynamic,False,0.0,0.0,400,7.842754543002229,0.019606886357505574,False,False,True,True,trial_51
25,0.1,1.0,6,random_same,dynamic,False,0.0,0.0,400,7.707026875999873,0.019267567189999682,False,False,True,True,trial_51
25,0.1,1.0,6,random_same,dynamic,False,0.0,0.0,400,7.572207839002658,0.018930519597506645,False,False,True,True,trial_51
25,0.1,1.0,6,random_same,dynamic,False,0.0,0.0,400,8.09421541699703,0.020235538542492576,False,False,True,True,trial_51
25,0.1,1.0,6,random_same,dynamic,False,0.0,0.0,400,8.597154290000617,0.02149288572500154,False,False,True,True,trial_51
25,0.1,1.0,6,random_same,dynamic,False,0.0,0.0,400,8.232887995000056,0.02058221998750014,False,False,True,True,trial_51
25,0.1,1.0,6,random_same,dynamic,False,0.0,0.0,400,7.8455547699995805,0.01961388692499895,False,False,True,True,trial_51
25,0.1,1.0,6,random_same,dynamic,False,0.0,0.0,400,7.977843565997318,0.019944608914993295,False,False,True,True,trial_51
25,0.1,1.0,6,random_same,dynamic,False,25.0,0.2975,400,16.982571497996105,0.04245642874499026,False,False,True,True,trial_46
25,0.1,1.0,6,random_same,dynamic,False,25.0,0.2975,400,18.094803138003044,0.04523700784500761,False,False,True,True,trial_46
25,0.1,1.0,6,random_same,dynamic,False,25.0,0.2975,400,17.764177375000145,0.04441044343750036,False,False,True,True,trial_46
25,0.1,1.0,6,random_same,dynamic,False,25.0,0.2975,400,19.01050536800176,0.0475262634200044,False,False,True,True,trial_46
25,0.1,1.0,6,random_same,dynamic,False,25.0,0.2975,400,18.903907339001307,0.04725976834750327,False,False,True,True,trial_46
25,0.1,1.0,6,random_same,dynamic,False,25.0,0.2975,400,18.93409732299915,0.04733524330749787,False,False,True,True,trial_46
25,0.1,1.0,6,random_same,dynamic,False,25.0,0.2975,400,20.075633902000845,0.05018908475500211,False,False,True,True,trial_46
25,0.1,1.0,6,random_same,dynamic,False,25.0,0.2975,400,20.037442581000505,0.050093606452501264,False,False,True,True,trial_46
25,0.1,1.0,6,random_same,dynamic,False,25.0,0.2975,400,19.827145745999587,0.049567864364998965,False,False,True,True,trial_46
25,0.1,1.0,6,random_same,dynamic,False,25.0,0.2975,400,19.367069314001128,0.04841767328500282,False,False,True,True,trial_46
25,0.1,1.0,6,random_same,dynamic,False,25.0,0.2975,400,20.814552711999568,0.05203638177999892,False,False,True,True,trial_46
25,0.1,1.0,6,random_same,dynamic,False,25.0,0.2975,400,21.180319906998193,0.052950799767495484,False,False,True,True,trial_46
25,0.1,1.0,6,random_same,dynamic,False,25.0,0.29750000000000004,400,22.4182250629965,0.05604556265749125,False,False,True,True,trial_46
25,0.1,1.0,6,random_same,dynamic,False,25.0,0.2975,400,19.603514975002327,0.049008787437505814,False,False,True,True,trial_46
25,0.1,1.0,6,random_same,dynamic,False,25.0,0.2975,400,18.94167831300001,0.047354195782500025,False,False,True,True,trial_46
25,0.1,1.0,6,random_same,dynamic,False,25.0,0.2975,400,19.54956317399774,0.04887390793499435,False,False,True,True,trial_46
25,0.1,1.0,6,random_same,dynamic,False,25.0,0.2975,400,20.20684568100114,0.05051711420250285,False,False,True,True,trial_46
25,0.1,1.0,6,random_same,dynamic,False,25.0,0.2975,400,20.313035417006176,0.05078258854251544,False,False,True,True,trial_46
25,0.1,1.0,6,random_same,dynamic,False,25.0,0.29750000000000004,400,22.689857841003686,0.056724644602509214,False,False,True,True,trial_46
25,0.1,1.0,6,random_same,dynamic,False,25.0,0.2975,400,22.005448781004816,0.05501362195251204,False,False,True,True,trial_46
25,0.1,1.0,6,random_same,dynamic,False,25.0,0.2975,400,20.396063435000542,0.050990158587501354,False,False,True,True,trial_46
25,0.1,1.0,6,random_same,dynamic,False,25.0,0.29750000000000004,400,23.28471528299997,0.05821178820749992,False,False,True,True,trial_46
25,0.1,1.0,6,random_same,dynamic,False,25.0,0.29750000000000004,400,21.653594294002687,0.05413398573500672,False,False,True,True,trial_46
25,0.1,1.0,6,random_same,dynamic,False,25.0,0.2975,400,26.826146878003783,0.06706536719500945,False,False,True,True,trial_46
25,0.1,1.0,6,random_same,dynamic,False,25.0,0.2975,400,20.70158477899531,0.051753961947488276,False,False,True,True,trial_46
25,0.1,1.0,6,random_same,dynamic,False,25.0,0.29750000000000004,400,23.545951562999107,0.05886487890749777,False,False,True,True,trial_46
25,0.1,1.0,6,random_same,dynamic,False,25.0,0.2975,400,20.184298643995135,0.05046074660998784,False,False,True,True,trial_46
25,0.1,1.0,6,random_same,dynamic,False,25.0,0.2975,400,23.785017932998016,0.059462544832495044,False,False,True,True,trial_46
25,0.1,1.0,6,random_same,dynamic,False,25.0,0.2975,400,25.301743980999163,0.06325435995249791,False,False,True,True,trial_46
25,0.1,1.0,6,random_same,dynamic,False,25.0,0.2975,400,27.58836671699828,0.0689709167924957,False,False,True,True,trial_46
25,0.1,1.0,6,random_same,dynamic,False,25.0,0.2975,400,18.7647436049956,0.046911859012489,False,False,True,True,trial_46
25,0.1,1.0,6,random_same,dynamic,False,25.0,0.2975,400,20.309310800003004,0.05077327700000751,False,False,True,True,trial_46
25,0.1,1.0,6,random_same,dynamic,False,25.0,0.2975,400,19.328266368000186,0.04832066592000046,False,False,True,True,trial_46
25,0.1,1.0,6,random_same,dynamic,False,25.0,0.2975,400,19.92567187799432,0.0498141796949858,False,False,True,True,trial_46
25,0.1,1.0,6,random_same,dynamic,False,25.0,0.2975,400,22.467543375001696,0.05616885843750424,False,False,True,True,trial_46
25,0.1,1.0,6,random_same,dynamic,False,25.0,0.2975,400,23.342725034002797,0.058356812585006995,False,False,True,True,trial_46
25,0.1,1.0,6,random_same,dynamic,False,25.0,0.29750000000000004,400,20.840054227999644,0.05210013556999911,False,False,True,True,trial_46
25,0.1,1.0,6,random_same,dynamic,False,25.0,0.2975,400,20.795821292995242,0.051989553232488106,False,False,True,True,trial_46
25,0.1,1.0,6,random_same,dynamic,False,25.0,0.2975,400,17.43494937799551,0.043587373444988774,False,False,True,True,trial_46
25,0.1,1.0,6,random_same,dynamic,False,25.0,0.2975,400,21.06440708500304,0.0526610177125076,False,False,True,True,trial_46
25,0.1,1.0,6,random_same,dynamic,False,25.0,0.2975,400,21.233173857006477,0.05308293464251619,False,False,True,True,trial_46
25,0.1,1.0,6,random_same,dynamic,False,25.0,0.29750000000000004,400,21.004975633994036,0.05251243908498509,False,False,True,True,trial_46
25,0.1,1.0,6,random_same,dynamic,False,25.0,0.2975,400,19.87930409200635,0.049698260230015875,False,False,True,True,trial_46
25,0.1,1.0,6,random_same,dynamic,False,25.0,0.2975,400,20.77455738799472,0.0519363934699868,False,False,True,True,trial_46
25,0.1,1.0,6,random_same,dynamic,False,25.0,0.2975,400,19.91598808600247,0.049789970215006175,False,False,True,True,trial_46
25,0.1,1.0,6,random_same,dynamic,False,25.0,0.2975,400,19.562331535998965,0.04890582883999741,False,False,True,True,trial_46
25,0.1,1.0,6,random_same,dynamic,False,25.0,0.2975,400,21.007909273001133,0.05251977318250283,False,False,True,True,trial_46
25,0.1,1.0,6,random_same,dynamic,False,25.0,0.2975,400,22.84413920199586,0.057110348004989646,False,False,True,True,trial_46
50,0.1,1.0,3,random_same,dynamic,False,84.87021615501492,0.9235340703246141,63,19.768595770998218,0.31378723446028917,False,True,False,False,trial_45
25,0.1,1.0,6,random_same,dynamic,False,25.0,0.2975,400,24.063233079999918,0.060158082699999796,False,False,True,True,trial_46
25,0.1,1.0,6,random_same,dynamic,False,25.0,0.29750000000000004,400,26.53442313800042,0.06633605784500105,False,False,True,True,trial_46
50,0.1,1.0,3,random_same,dynamic,True,100.0,1.1816205337534482,76,25.3667390720002,0.3337728825263184,False,False,False,False,trial_45
50,0.1,1.0,3,random_same,dynamic,True,100.0,1.1750887454490244,112,38.989268119999906,0.348118465357142,False,False,False,False,trial_45
50,0.1,1.0,3,random_same,dynamic,True,100.0,1.1846477119076204,108,37.45119435700326,0.34677031812040054,False,False,False,False,trial_45
50,0.1,1.0,3,random_same,dynamic,True,100.0,1.1617815154008952,151,54.81202097499772,0.36299351639071337,False,False,False,False,trial_45
50,0.1,1.0,3,random_same,dynamic,True,100.0,1.1777049192268907,253,96.0478082960035,0.3796356059130573,False,False,False,False,trial_45
50,0.1,1.0,3,random_same,dynamic,True,100.0,1.170862524409711,252,94.57678555299935,0.3753047045753943,False,False,False,False,trial_45
50,0.1,1.0,3,random_same,dynamic,True,100.0,1.167142511589707,273,93.68782248399657,0.3431788369377164,False,False,False,False,trial_45
50,0.1,1.0,3,random_same,dynamic,True,100.0,1.170862524409711,252,95.05682873800106,0.3772096378492106,False,False,False,False,trial_45
50,0.1,1.0,3,random_same,dynamic,True,100.0,1.175541530636745,316,109.07041272799688,0.3451595339493572,False,False,False,False,trial_45
50,0.1,1.0,3,random_same,dynamic,True,100.0,1.175541530636745,316,123.7139346920012,0.3914997933291177,False,False,False,False,trial_45
50,0.1,1.0,3,random_same,dynamic,True,100.0,1.175541530636745,316,114.7783542440011,0.3632226400126617,False,False,False,False,trial_45
50,0.1,1.0,3,random_same,dynamic,True,100.0,1.1633368367226977,345,115.1687237379956,0.33382238764636407,False,False,False,False,trial_45
50,0.1,1.0,3,random_same,dynamic,True,100.0,1.1846477119076204,108,34.781645037001,0.32205226886112037,False,False,False,False,trial_45
50,0.1,1.0,3,random_same,dynamic,True,100.0,1.1797269276239215,387,146.41084988099465,0.37832260951161406,False,False,False,False,trial_45
50,0.1,1.0,3,random_same,dynamic,True,100.0,1.182332792964297,367,147.62372435599536,0.4022444805340473,False,False,False,False,trial_45
50,0.1,1.0,3,random_same,dynamic,False,50.0,0.594346515891731,400,144.3844201400061,0.3609610503500153,False,False,False,False,trial_45
50,0.1,1.0,3,random_same,dynamic,False,58.33333333333333,0.6896809561304976,400,156.07269996400282,0.39018174991000704,False,False,False,False,trial_45
50,0.1,1.0,3,random_same,dynamic,True,100.0,1.1846477119076204,108,37.378371717000846,0.3460960344166745,False,False,False,False,trial_45
50,0.1,1.0,3,random_same,dynamic,True,100.0,1.1846477119076204,108,32.65788569200231,0.30238783048150286,False,False,False,False,trial_45
50,0.1,1.0,3,random_same,dynamic,False,91.66666666666666,1.0875524008799347,400,145.99645426300413,0.3649911356575103,False,False,False,False,trial_45
50,0.1,1.0,3,random_same,dynamic,False,50.0,0.5947315995666564,400,148.00045830000454,0.37000114575001136,False,False,False,False,trial_45
50,0.1,1.0,3,random_same,dynamic,False,50.0,0.594909058756946,400,150.94114947799972,0.3773528736949993,False,False,False,False,trial_45
50,0.1,1.0,3,random_same,dynamic,False,50.0,0.594909058756946,400,156.16217330099607,0.39040543325249016,False,False,False,False,trial_45
50,0.1,1.0,3,random_same,dynamic,False,50.0,0.5948642008161807,400,160.74023827999918,0.4018505956999979,False,False,False,False,trial_45
50,0.1,1.0,3,random_same,dynamic,False,50.0,0.594909058756946,400,165.39826470799744,0.4134956617699936,False,False,False,False,trial_45
50,0.1,1.0,3,random_same,dynamic,False,50.0,0.594909058756946,400,162.76595088499744,0.4069148772124936,False,False,False,False,trial_45
50,0.1,1.0,3,random_same,dynamic,False,50.0,0.5948834981165195,400,166.58821902699856,0.4164705475674964,False,False,False,False,trial_45
50,0.1,1.0,3,random_same,dynamic,False,50.0,0.5941496203507423,400,162.05605407000257,0.4051401351750064,False,False,False,False,trial_45
50,0.1,1.0,3,random_same,dynamic,False,50.0,0.5947299031447622,400,169.25954946200363,0.4231488736550091,False,False,False,False,trial_45
50,0.1,1.0,3,random_same,dynamic,False,50.0,0.5946869833930248,400,165.32834125200316,0.4133208531300079,False,False,False,False,trial_45
50,0.1,1.0,3,random_same,dynamic,False,50.0,0.5946869833930248,400,170.11912368999765,0.4252978092249941,False,False,False,False,trial_45
50,0.1,1.0,3,random_same,dynamic,True,100.0,1.1814406410896199,102,32.47219591400062,0.3183548619019669,False,False,False,False,trial_45
50,0.1,1.0,3,random_same,dynamic,False,50.0,0.594833065080694,400,172.84747397599858,0.43211868493999644,False,False,False,False,trial_45
50,0.1,1.0,3,random_same,dynamic,False,50.0,0.5915146431936995,400,176.781952516998,0.441954881292495,False,False,False,False,trial_45
50,0.1,1.0,3,random_same,dynamic,True,100.0,1.1839941946133514,82,28.000411945999076,0.3414684383658424,False,False,False,False,trial_60
50,0.1,1.0,3,random_same,dynamic,False,50.0,0.5948510859541404,400,170.95903822700348,0.42739759556750867,False,False,False,False,trial_45
50,0.1,1.0,3,random_same,dynamic,False,50.0,0.5949645281666375,400,161.92016078200686,0.40480040195501715,False,False,False,False,trial_45
50,0.1,1.0,3,random_same,dynamic,True,100.0,1.1753646607042976,97,31.506168954001623,0.3248058655051714,False,False,False,False,trial_60
50,0.1,1.0,3,random_same,dynamic,True,100.0,1.1588380570219463,80,29.71428307399765,0.3714285384249706,False,False,False,False,trial_60
50,0.1,1.0,3,random_same,dynamic,False,75.00682913078253,0.8188268295378192,23,9.259125784999924,0.4025706863043445,False,True,False,False,trial_60
50,0.1,1.0,3,random_same,dynamic,True,100.0,1.1553292528854564,85,23.82889805099694,0.28033997707055225,False,False,False,False,trial_60
50,0.1,1.0,3,random_same,dynamic,False,50.0,0.5941496203507423,400,158.8323694119972,0.397080923529993,False,False,False,False,trial_45
50,0.1,1.0,3,random_same,dynamic,True,100.0,1.1759664195853083,94,27.170165135001298,0.28904430994682234,False,False,False,False,trial_60
50,0.1,1.0,3,random_same,dynamic,True,100.0,1.1723926600829988,200,40.07981201900111,0.20039906009500555,False,False,False,False,trial_60
50,0.1,1.0,3,random_same,dynamic,True,100.0,1.1753646607042976,97,31.625074919997132,0.326031700206156,False,False,False,False,trial_60
50,0.1,1.0,3,random_same,dynamic,True,100.0,1.1753646607042976,97,32.735923257998365,0.3374837449278182,False,False,False,False,trial_60
50,0.1,1.0,3,random_same,dynamic,True,100.0,1.1759664195853083,94,29.695993330999045,0.3159148226702026,False,False,False,False,trial_60
50,0.1,1.0,3,random_same,dynamic,False,50.0,0.5948210768483269,400,171.59390792400518,0.42898476981001293,False,False,False,False,trial_45
50,0.1,1.0,3,random_same,dynamic,False,75.00682913078253,0.8188268295378192,23,8.773849787998188,0.3814717299129647,False,True,False,False,trial_60
50,0.1,1.0,3,random_same,dynamic,False,91.66666666666666,1.0601087078780902,56,18.6240880760015,0.3325730013571696,False,True,False,False,trial_60
50,0.1,1.0,3,random_same,dynamic,True,100.0,1.1636581751085153,142,33.923397066006146,0.238897162436663,False,False,False,False,trial_60
50,0.1,1.0,3,random_same,dynamic,False,91.66666666666666,1.0624613852821625,400,75.20813813900168,0.1880203453475042,False,False,False,False,trial_60
50,0.1,1.0,3,random_same,dynamic,False,75.00682913078253,0.8188268295378192,23,7.500591712996538,0.3261126831737625,False,True,False,False,trial_60
50,0.1,1.0,3,random_same,dynamic,True,100.0,1.1487202020475007,137,45.36875767099991,0.3311588151167877,False,False,False,False,trial_60
50,0.1,1.0,3,random_same,dynamic,True,100.0,1.1762283698656026,351,137.46748956199735,0.39164526940739985,False,False,False,False,trial_45
50,0.1,1.0,3,random_same,dynamic,False,91.66666666666666,1.0601087078780902,56,19.17928196700086,0.3424871779821582,False,True,False,False,trial_60
50,0.1,1.0,3,random_same,dynamic,False,91.66666666666666,1.0624613852821625,400,77.0868987319991,0.19271724682999775,False,False,False,False,trial_60
50,0.1,1.0,3,random_same,dynamic,True,100.0,1.1743787660798384,47,15.68124463300046,0.33364350282979705,False,False,False,False,trial_60
50,0.1,1.0,3,random_same,dynamic,True,100.0,1.139272600528158,174,68.41493023200019,0.39318925420689765,False,False,False,False,trial_60
50,0.1,1.0,3,random_same,dynamic,False,91.66666666666666,1.0630331195942488,400,69.09847019099834,0.17274617547749585,False,False,False,False,trial_60
50,0.1,1.0,3,random_same,dynamic,True,100.0,1.1499114588369348,80,27.382656292997126,0.34228320366246406,False,False,False,False,trial_60
50,0.1,1.0,3,random_same,dynamic,False,50.0,0.5948302758975701,400,153.78092161100358,0.38445230402750896,False,False,False,False,trial_45
50,0.1,1.0,3,random_same,dynamic,True,100.0,1.16224250622324,94,33.55775483400066,0.3569973918510709,False,False,False,False,trial_60
50,0.1,1.0,3,random_same,dynamic,True,100.0,1.154956502411009,94,30.830216669994115,0.32798102840419274,False,False,False,False,trial_60
50,0.1,1.0,3,random_same,dynamic,True,100.0,1.1487202020475007,137,50.15940095899714,0.3661270142992492,False,False,False,False,trial_60
50,0.1,1.0,3,random_same,dynamic,True,100.0,1.18069182562467,112,41.85338274400419,0.3736909173571803,False,False,False,False,trial_60
50,0.1,1.0,3,random_same,dynamic,True,100.0,1.1449717606125147,74,25.480432565003866,0.34433016979734954,False,False,False,False,trial_60
50,0.1,1.0,3,random_same,dynamic,False,83.33333333333334,0.9646780800810064,55,21.044133467999927,0.3826206085090896,False,True,False,False,trial_60
50,0.1,1.0,3,random_same,dynamic,True,100.0,1.1588380570219463,80,27.078238503003377,0.3384779812875422,False,False,False,False,trial_60
50,0.1,1.0,3,random_same,dynamic,True,100.0,1.150903683459842,80,27.04270008900494,0.33803375111256173,False,False,False,False,trial_60
50,0.1,1.0,3,random_same,dynamic,True,100.0,1.1234071129162024,83,27.810164904003614,0.3350622277590797,False,False,False,False,trial_60
50,0.1,1.0,3,random_same,dynamic,True,100.0,1.1594284309834932,80,29.094925574994704,0.3636865696874338,False,False,False,False,trial_60
50,0.1,1.0,3,random_same,dynamic,True,100.0,1.1654496881479488,77,29.54751328999555,0.383733938831111,False,False,False,False,trial_60
50,0.1,1.0,3,random_same,dynamic,False,70.58249204191355,0.7267096705641347,30,10.876309870000114,0.3625436623333371,False,True,False,False,trial_60
50,0.1,1.0,3,random_same,dynamic,True,100.0,1.1762283698656026,351,128.43513563099987,0.36591206732478593,False,False,False,False,trial_45
50,0.1,1.0,3,random_same,dynamic,False,49.58059533379079,0.573408938472038,400,148.66295266900124,0.3716573816725031,False,False,False,False,trial_45
50,0.1,1.0,3,random_same,dynamic,False,91.66666666666666,1.0755295609764621,400,139.84520869099651,0.3496130217274913,False,False,False,False,trial_45
50,0.1,1.0,3,random_same,dynamic,True,100.0,1.18069182562467,112,46.20907618899946,0.4125810374017809,False,False,False,False,trial_60
50,0.1,1.0,3,random_same,dynamic,True,100.0,1.1371337295321664,121,34.12777094500052,0.2820476937603349,False,False,False,False,trial_60
50,0.1,1.0,3,random_same,dynamic,True,100.0,1.1835174139140918,89,31.41689753800165,0.35299884874159154,False,False,False,False,trial_60
50,0.1,1.0,3,random_same,dynamic,True,100.0,1.1449717606125147,74,24.295302312006243,0.3283148961081925,False,False,False,False,trial_60
50,0.1,1.0,3,random_same,dynamic,True,100.0,1.1718006274514645,86,30.40048592999665,0.3534940224418215,False,False,False,False,trial_60
50,0.1,1.0,3,random_same,dynamic,False,62.85589730085914,0.6531617133519433,23,7.70520073499938,0.3350087276086687,False,True,False,False,trial_51
50,0.1,1.0,3,random_same,dynamic,True,100.0,1.1483930546215209,91,31.745967401999224,0.3488567846373541,False,False,False,False,trial_60
50,0.1,1.0,3,random_same,dynamic,False,50.0,0.5941496203507423,400,167.89634829299757,0.41974087073249394,False,False,False,False,trial_45
50,0.1,1.0,3,random_same,dynamic,False,62.016045454746575,0.6480988209022772,24,7.694162641004368,0.3205901100418487,False,True,False,False,trial_51
50,0.1,1.0,3,random_same,dynamic,True,100.0,1.154956502411009,94,31.04811403700296,0.3302990855000315,False,False,False,False,trial_60
50,0.1,1.0,3,random_same,dynamic,False,83.33333333333334,0.9685424080389673,50,15.464832509998814,0.30929665019997626,False,True,False,False,trial_51
50,0.1,1.0,3,random_same,dynamic,False,50.0,0.5925714233364369,400,151.52268112300226,0.37880670280750567,False,False,False,False,trial_45
50,0.1,1.0,3,random_same,dynamic,True,100.0,1.1423702221318517,77,30.225858385005267,0.3925436153896788,False,False,False,False,trial_51
50,0.1,1.0,3,random_same,dynamic,False,50.0,0.594833065080694,400,157.78199142299854,0.39445497855749634,False,False,False,False,trial_45
50,0.1,1.0,3,random_same,dynamic,False,72.05830081891848,0.7811061006614509,319,115.68871394600137,0.36266054528527075,False,True,False,False,trial_60
50,0.1,1.0,3,random_same,dynamic,True,100.0,1.1423702221318517,77,28.704874078001012,0.3727905724415716,False,False,False,False,trial_51
50,0.1,1.0,3,random_same,dynamic,True,100.0,1.1612044560878434,240,48.80966665699816,0.20337361107082566,False,False,False,False,trial_60
50,0.1,1.0,3,random_same,dynamic,False,50.0,0.5946458277790035,400,156.9556608760031,0.39238915219000775,False,False,False,False,trial_45
50,0.1,1.0,3,random_same,dynamic,False,91.66666666666666,1.0688483442789891,400,164.74071292200097,0.4118517823050024,False,False,False,False,trial_45
50,0.1,1.0,3,random_same,dynamic,False,49.58059533379079,0.573408938472038,400,165.39352992400381,0.41348382481000956,False,False,False,False,trial_45
50,0.1,1.0,3,random_same,dynamic,True,100.0,1.15698514154372,242,73.33267935500044,0.30302760064049766,False,False,False,False,trial_60
50,0.1,1.0,3,random_same,dynamic,False,91.66666666666666,1.070813172764683,400,116.39851638199616,0.2909962909549904,False,False,False,False,trial_60
50,0.1,1.0,3,random_same,dynamic,False,61.89907062626434,0.6382116126634526,26,8.587877725003636,0.3303029894232168,False,True,False,False,trial_51
50,0.1,1.0,3,random_same,dynamic,True,100.0,1.1727161323462383,116,56.90193791400088,0.49053394753449037,False,False,False,False,trial_51
50,0.1,1.0,3,random_same,dynamic,False,91.66666666666666,1.070813172764683,400,129.73733325300418,0.32434333313251046,False,False,False,False,trial_60
50,0.1,1.0,3,random_same,dynamic,False,65.040865866881,0.7120515121842592,27,9.690459243000078,0.35890589788889177,False,True,False,False,trial_51
50,0.1,1.0,3,random_same,dynamic,False,66.66666666666667,0.7931842075418131,400,165.23249293400295,0.4130812323350074,False,False,False,False,trial_60
50,0.1,1.0,3,random_same,dynamic,True,100.0,1.1768509571839114,303,119.03755497100065,0.39286321772607474,False,False,False,False,trial_60
50,0.1,1.0,3,random_same,dynamic,True,100.0,1.1646545221175162,260,110.58733025499532,0.42533588559613583,False,False,False,False,trial_51
50,0.1,1.0,3,random_same,dynamic,True,100.0,1.1825099829041554,61,19.817148759000702,0.32487129113115903,False,False,False,False,trial_51
50,0.1,1.0,3,random_same,dynamic,True,100.0,1.1763572741806472,258,90.43979367900465,0.35054183596513433,False,False,False,False,trial_51
50,0.1,1.0,3,random_same,dynamic,False,50.0,0.5949418045346262,400,130.46745112299686,0.3261686278074922,False,False,False,False,trial_51
50,0.1,1.0,3,random_same,dynamic,False,50.0,0.5947912462446107,400,134.79412686000433,0.3369853171500108,False,False,False,False,trial_51
50,0.1,1.0,3,random_same,dynamic,False,50.0,0.5946089010177334,400,129.97358211199753,0.3249339552799938,False,False,False,False,trial_51
50,0.1,1.0,3,random_same,dynamic,False,50.0,0.5947628292034269,400,157.7180625760011,0.39429515644000274,False,False,False,False,trial_60
50,0.1,1.0,3,random_same,dynamic,False,91.66666666666666,1.0633577803359286,400,150.3506763510013,0.3758766908775033,False,False,False,False,trial_60
50,0.1,1.0,3,random_same,dynamic,True,100.0,1.1646545221175162,260,107.03920545399887,0.4116892517461495,False,False,False,False,trial_51
50,0.1,1.0,3,random_same,dynamic,False,63.19231378515357,0.6577911644406104,26,8.291263529994467,0.31889475115363336,False,True,False,False,trial_51
50,0.1,1.0,3,random_same,dynamic,False,50.0,0.5946089010177334,400,127.55139115699421,0.3188784778924855,False,False,False,False,trial_51
50,0.1,1.0,3,random_same,dynamic,False,50.0,0.5949742941602186,400,133.35247583100136,0.3333811895775034,False,False,False,False,trial_51
50,0.1,1.0,3,random_same,dynamic,False,50.0,0.5949418045346262,400,140.18921004299773,0.35047302510749434,False,False,False,False,trial_51
50,0.1,1.0,3,random_same,dynamic,True,100.0,1.1825099829041554,61,18.563451374997385,0.30431887499995713,False,False,False,False,trial_51
50,0.1,1.0,3,random_same,dynamic,False,50.0,0.5947912462446107,400,138.3556814570038,0.3458892036425095,False,False,False,False,trial_51
50,0.1,1.0,3,random_same,dynamic,True,100.0,1.1696998175925142,93,35.60347938600171,0.3828331116774377,False,False,False,False,trial_51
50,0.1,1.0,3,random_same,dynamic,False,50.0,0.5949222689235419,400,129.22423420500127,0.32306058551250316,False,False,False,False,trial_51
50,0.1,1.0,3,random_same,dynamic,False,50.0,0.5947912462446107,400,134.55346723399998,0.336383668085,False,False,False,False,trial_51
50,0.1,1.0,3,random_same,dynamic,False,91.2180938978274,1.0375255961598235,400,179.80666795000434,0.4495166698750108,False,False,False,False,trial_51
50,0.1,1.0,3,random_same,dynamic,True,100.0,1.1683887121568708,43,14.624011662999692,0.34009329448836495,False,False,False,False,trial_46
50,0.1,1.0,3,random_same,dynamic,False,50.0,0.5948052618622168,400,130.35491900699708,0.3258872975174927,False,False,False,False,trial_51
50,0.1,1.0,3,random_same,dynamic,True,100.0,1.1790379855409003,51,17.519486953002342,0.3435193520196538,False,False,False,False,trial_46
50,0.1,1.0,3,random_same,dynamic,True,100.0,1.1683887121568708,43,16.640927559004922,0.38699831532569584,False,False,False,False,trial_46
50,0.1,1.0,3,random_same,dynamic,False,50.0,0.59490820036965,400,130.9428934949974,0.32735723373749354,False,False,False,False,trial_51
50,0.1,1.0,3,random_same,dynamic,True,100.0,1.171871184919963,64,21.506188329003635,0.3360341926406818,False,False,False,False,trial_46
50,0.1,1.0,3,random_same,dynamic,False,91.66666666666666,1.041667353772026,400,161.01926729200204,0.4025481682300051,False,False,False,False,trial_51
50,0.1,1.0,3,random_same,dynamic,True,100.0,1.1539716384389813,53,16.498422698998183,0.31129099432072044,False,False,False,False,trial_46
50,0.1,1.0,3,random_same,dynamic,False,66.66666666666667,0.7883530162242491,400,200.59413358399615,0.5014853339599904,False,False,False,False,trial_51
50,0.1,1.0,3,random_same,dynamic,True,100.0,1.1768925648528386,41,14.989015557999664,0.365585745317065,False,False,False,False,trial_46
50,0.1,1.0,3,random_same,dynamic,True,100.0,1.1697787844256502,54,19.096673887004727,0.35364210901860604,False,False,False,False,trial_46
50,0.1,1.0,3,random_same,dynamic,False,91.66666666666666,1.0800364971440821,400,149.26094772700162,0.37315236931750406,False,False,False,False,trial_51
50,0.1,1.0,3,random_same,dynamic,True,100.0,1.1697787844256502,54,19.62419939100073,0.36341109983334685,False,False,False,False,trial_46
50,0.1,1.0,3,random_same,dynamic,False,91.66666666666666,1.0741895970744406,400,143.69211471699964,0.3592302867924991,False,False,False,False,trial_51
50,0.1,1.0,3,random_same,dynamic,False,66.66666666666667,0.7883530162242491,400,207.6104176719964,0.519026044179991,False,False,False,False,trial_51
50,0.1,1.0,3,random_same,dynamic,True,100.0,1.1828630904891848,61,19.81526374099485,0.3248403891966369,False,False,False,False,trial_46
50,0.1,1.0,3,random_same,dynamic,True,100.0,1.1579428640844927,318,136.4982988299962,0.42923993342766104,False,False,False,False,trial_51
50,0.1,1.0,3,random_same,dynamic,True,100.0,1.1845536936072507,57,20.22990878499695,0.354910680438543,False,False,False,False,trial_46
50,0.1,1.0,3,random_same,dynamic,False,91.66666666666666,1.041667353772026,400,166.09347094300028,0.4152336773575007,False,False,False,False,trial_51
50,0.1,1.0,3,random_same,dynamic,True,100.0,1.1409217741639879,46,15.604428851998819,0.33922671417388733,False,False,False,False,trial_46
50,0.1,1.0,3,random_same,dynamic,False,66.66666666666667,0.7883530162242491,400,203.46426564499416,0.5086606641124853,False,False,False,False,trial_51
50,0.1,1.0,3,random_same,dynamic,False,71.48770648514633,0.7453103157813984,12,4.2407779849963845,0.3533981654163654,False,True,False,False,trial_46
50,0.1,1.0,3,random_same,dynamic,False,71.33875119331559,0.7338151654773475,18,6.591352524003014,0.3661862513335008,False,True,False,False,trial_46
50,0.1,1.0,3,random_same,dynamic,True,100.0,1.1790379855409003,51,19.511592693997954,0.38258024890192066,False,False,False,False,trial_46
50,0.1,1.0,3,random_same,dynamic,True,100.0,1.1768925648528386,41,13.484418509004172,0.32888825631717494,False,False,False,False,trial_46
50,0.1,1.0,3,random_same,dynamic,False,83.33333333333334,0.9752894470300717,400,195.50090202299907,0.4887522550574977,False,False,False,False,trial_51
50,0.1,1.0,3,random_same,dynamic,True,100.0,1.1606172090081668,43,16.183611164000467,0.37636305032559225,False,False,False,False,trial_46
50,0.1,1.0,3,random_same,dynamic,False,66.23502487537192,0.6793839877438691,11,4.450054649001686,0.4045504226365169,False,True,False,False,trial_46
50,0.1,1.0,3,random_same,dynamic,False,91.66666666666666,1.0032694762369776,400,158.8487396019991,0.3971218490049978,False,False,False,False,trial_51
50,0.1,1.0,3,random_same,dynamic,False,91.66666666666666,1.0455759161778015,400,197.43056170300406,0.49357640425751015,False,False,False,False,trial_51
50,0.1,1.0,3,random_same,dynamic,False,50.0,0.5949222689235419,400,139.57027441100217,0.34892568602750546,False,False,False,False,trial_51
50,0.1,1.0,3,random_same,dynamic,False,71.48770648514633,0.7453103157813984,12,4.133202873999835,0.3444335728333196,False,True,False,False,trial_46
50,0.1,1.0,3,random_same,dynamic,True,100.0,1.1671950735506147,56,18.416054358996917,0.32885811355351635,False,False,False,False,trial_46
50,0.1,1.0,3,random_same,dynamic,True,100.0,1.184866162457952,61,22.57542293300503,0.3700889005410661,False,False,False,False,trial_46
50,0.1,1.0,3,random_same,dynamic,True,100.0,1.1869362043474057,51,16.08308609099913,0.3153546292352771,False,False,False,False,trial_46
50,0.1,1.0,3,random_same,dynamic,False,91.24154737290245,1.0635783012241302,400,97.79518060800183,0.24448795152000458,False,False,False,False,trial_51
50,0.1,1.0,3,random_same,dynamic,False,71.48770648514633,0.7453103157813984,12,5.180328688998998,0.4316940574165831,False,True,False,False,trial_46
50,0.1,1.0,3,random_same,dynamic,True,100.0,1.1646938245372447,82,33.16727496699605,0.4044789630121469,False,False,False,False,trial_46
50,0.1,1.0,3,random_same,dynamic,True,100.0,1.1828536412495783,56,20.150005317998875,0.3598215235356942,False,False,False,False,trial_46
50,0.1,1.0,3,random_same,dynamic,True,100.0,1.1547262556160052,52,18.542849971003307,0.3565932686731405,False,False,False,False,trial_46
50,0.1,1.0,3,random_same,dynamic,True,100.0,1.1721784692506025,54,19.08062196499668,0.35334485120364223,False,False,False,False,trial_46
50,0.1,1.0,3,random_same,dynamic,True,100.0,1.1825504295745348,190,74.05991867199918,0.389789045642101,False,False,False,False,trial_46
50,0.1,1.0,3,random_same,dynamic,True,100.0,1.1869362043474057,51,18.4945496069995,0.36263822758822545,False,False,False,False,trial_46
50,0.1,1.0,3,random_same,dynamic,True,100.0,1.1869362043474057,51,20.42053971000132,0.4004027394117906,False,False,False,False,trial_46
50,0.1,1.0,3,random_same,dynamic,False,91.66666666666666,1.0455759161778015,400,200.07545925599698,0.5001886481399924,False,False,False,False,trial_51
50,0.1,1.0,3,random_same,dynamic,True,100.0,1.1416845330403593,381,142.091241523005,0.3729428911364961,False,False,False,False,trial_51
50,0.1,1.0,3,random_same,dynamic,True,100.0,1.1085425486443272,296,135.75745655100036,0.45864005591554174,False,False,False,False,trial_51
50,0.1,1.0,3,random_same,dynamic,True,100.0,1.1844428950092554,390,151.0424927589993,0.38728844297179305,False,False,False,False,trial_51
50,0.1,1.0,3,random_same,dynamic,True,100.0,1.184210953954148,52,20.1695386470019,0.38787574321157503,False,False,False,False,trial_46
50,0.1,1.0,3,random_same,dynamic,True,100.0,1.1838101102702565,90,33.00992457599932,0.3667769397333258,False,False,False,False,trial_46
50,0.1,1.0,3,random_same,dynamic,False,83.33333333333334,0.9727746729631914,400,106.90190249800071,0.2672547562450018,False,False,False,False,trial_46
50,0.1,1.0,3,random_same,dynamic,False,91.66666666666666,1.0032694762369776,400,159.49079862899816,0.3987269965724954,False,False,False,False,trial_51
50,0.1,1.0,3,random_same,dynamic,True,100.0,1.1825504295745348,190,75.54208298100275,0.39758991042633024,False,False,False,False,trial_46
50,0.1,1.0,3,random_same,dynamic,True,100.0,1.1844428950092554,390,152.64142455399997,0.3913882680871794,False,False,False,False,trial_51
50,0.1,1.0,3,random_same,dynamic,True,100.0,1.1825504295745348,190,80.29353191800328,0.4225975364105436,False,False,False,False,trial_46
50,0.1,1.0,3,random_same,dynamic,False,91.66666666666666,1.0573099046311865,400,175.98996476700268,0.4399749119175067,False,False,False,False,trial_51
50,0.1,1.0,3,random_same,dynamic,True,100.0,1.1317909426863615,391,167.2747415049962,0.4278126381201949,False,True,False,False,trial_51
50,0.1,1.0,3,random_same,dynamic,True,100.0,1.1594707869153653,120,47.73245693100034,0.39777047442500285,False,False,False,False,trial_46
50,0.1,1.0,3,random_same,dynamic,False,73.27962270432458,0.8215293031400895,331,180.3610849609977,0.5448975376465187,False,True,False,False,trial_51
50,0.1,1.0,3,random_same,dynamic,False,83.33333333333334,0.9727746729631914,400,125.84131880700443,0.31460329701751105,False,False,False,False,trial_46
50,0.1,1.0,3,random_same,dynamic,False,83.33333333333334,0.9727746729631914,400,118.81128284100123,0.29702820710250305,False,False,False,False,trial_46
50,0.1,1.0,3,random_same,dynamic,False,83.33333333333334,0.9727746729631914,400,117.02821093999955,0.2925705273499989,False,False,False,False,trial_46
50,0.1,1.0,3,random_same,dynamic,False,83.33333333333334,0.987412378679918,400,120.35934512400127,0.30089836281000315,False,False,False,False,trial_46
50,0.1,1.0,3,random_same,dynamic,False,66.66666666666667,0.7575412978904178,400,189.42664007699932,0.4735666001924983,False,False,False,False,trial_51
50,0.1,1.0,3,random_same,dynamic,False,83.33333333333334,0.9727746729631914,400,123.62806550299865,0.30907016375749663,False,False,False,False,trial_46
50,0.1,1.0,3,random_same,dynamic,False,83.33333333333334,0.9826611425360934,400,119.41851494099683,0.29854628735249206,False,False,False,False,trial_46
50,0.1,1.0,3,random_same,dynamic,True,100.0,1.0951713187820642,292,68.36930623700027,0.23414145971575437,False,False,False,False,trial_46
50,0.1,1.0,3,random_same,dynamic,False,83.33333333333334,0.9872643631579455,400,114.83907394099515,0.2870976848524879,False,False,False,False,trial_46
50,0.1,1.0,3,random_same,dynamic,False,83.33333333333334,0.9872643631579455,400,109.935259605998,0.274838149014995,False,False,False,False,trial_46
50,0.1,1.0,3,random_same,dynamic,False,91.66666666666666,1.071232765488835,400,152.97589538699685,0.38243973846749213,False,False,False,False,trial_46
50,0.1,1.0,3,random_same,dynamic,False,91.66666666666666,1.071232765488835,400,147.59661708500062,0.36899154271250156,False,False,False,False,trial_46
50,0.1,1.0,3,random_same,dynamic,False,83.33333333333334,0.9710899010105762,400,211.7183389330021,0.5292958473325052,False,False,False,False,trial_46
100,0.1,1.0,3,random_same,dynamic,True,100.0,1.1811821536163163,77,49.7908336029941,0.646634202636287,False,False,False,False,trial_45
50,0.1,1.0,3,random_same,dynamic,False,83.33333333333334,0.9725344983596309,400,157.79416385000513,0.39448540962501283,False,False,False,False,trial_46
50,0.1,1.0,3,random_same,dynamic,False,83.33333333333334,0.9710899010105762,400,225.94253362299787,0.5648563340574947,False,False,False,False,trial_46
50,0.1,1.0,3,random_same,dynamic,False,91.66666666666666,1.070108452204978,400,206.94333316900156,0.5173583329225039,False,False,False,False,trial_46
100,0.1,1.0,3,random_same,dynamic,False,50.0,0.595,400,273.96779377500206,0.6849194844375052,False,False,False,False,trial_45
100,0.1,1.0,3,random_same,dynamic,False,50.0,0.5949392370091439,400,291.48583893599425,0.7287145973399857,False,False,False,False,trial_45
100,0.1,1.0,3,random_same,dynamic,False,50.0,0.5945193582823244,400,279.10497914799635,0.6977624478699909,False,False,False,False,trial_45
100,0.1,1.0,3,random_same,dynamic,False,50.0,0.5948742298181716,400,291.5817895509972,0.728954473877493,False,False,False,False,trial_45
100,0.1,1.0,3,random_same,dynamic,False,50.0,0.5934351639876694,400,286.4594084290002,0.7161485210725005,False,False,False,False,trial_45
100,0.1,1.0,3,random_same,dynamic,False,50.0,0.5949979126917698,400,286.5286383989951,0.7163215959974878,False,False,False,False,trial_45
100,0.1,1.0,3,random_same,dynamic,False,50.0,0.5949738295664506,400,287.44572502000665,0.7186143125500166,False,False,False,False,trial_45
100,0.1,1.0,3,random_same,dynamic,False,50.0,0.5948755520429031,400,279.18000147400016,0.6979500036850004,False,False,False,False,trial_45
100,0.1,1.0,3,random_same,dynamic,False,50.0,0.5949422466185855,400,295.54846593700495,0.7388711648425124,False,False,False,False,trial_45
100,0.1,1.0,3,random_same,dynamic,False,50.0,0.5942338677579436,400,297.69044830999337,0.7442261207749834,False,False,False,False,trial_45
100,0.1,1.0,3,random_same,dynamic,False,50.0,0.5927577362051637,400,297.22662901300646,0.7430665725325162,False,False,False,False,trial_45
100,0.1,1.0,3,random_same,dynamic,False,50.0,0.5949786329327914,400,282.4224112209995,0.7060560280524988,False,False,False,False,trial_45
100,0.1,1.0,3,random_same,dynamic,False,50.0,0.5946966049667829,400,290.319443028995,0.7257986075724875,False,False,False,False,trial_45
100,0.1,1.0,3,random_same,dynamic,False,50.0,0.5902381878264982,400,263.2911553320009,0.6582278883300023,False,False,False,False,trial_45
100,0.1,1.0,3,random_same,dynamic,False,50.0,0.5949103853970509,400,277.6466700480014,0.6941166751200035,False,False,False,False,trial_45
100,0.1,1.0,3,random_same,dynamic,False,50.0,0.595,400,289.92075874599686,0.7248018968649922,False,False,False,False,trial_45
100,0.1,1.0,3,random_same,dynamic,False,50.0,0.5948698574027906,400,307.40833203099464,0.7685208300774866,False,False,False,False,trial_45
100,0.1,1.0,3,random_same,dynamic,False,50.0,0.5949820756157417,400,303.6940953270023,0.7592352383175057,False,False,False,False,trial_45
100,0.1,1.0,3,random_same,dynamic,False,50.0,0.5946966049667829,400,295.8739103189946,0.7396847757974865,False,False,False,False,trial_45
100,0.1,1.0,3,random_same,dynamic,False,50.0,0.5949820756157417,400,299.3415502479984,0.748353875619996,False,False,False,False,trial_45
100,0.1,1.0,3,random_same,dynamic,False,50.0,0.594964247562512,400,313.65793608900276,0.7841448402225069,False,False,False,False,trial_45
100,0.1,1.0,3,random_same,dynamic,False,50.0,0.5919405475596422,400,292.1357401619971,0.7303393504049928,False,False,False,False,trial_45
100,0.1,1.0,3,random_same,dynamic,False,50.0,0.595,400,310.8042985339998,0.7770107463349996,False,False,False,False,trial_45
100,0.1,1.0,3,random_same,dynamic,False,50.0,0.5810119580156529,400,263.8180101970065,0.6595450254925163,False,False,False,False,trial_45
100,0.1,1.0,3,random_same,dynamic,False,50.0,0.5936476371974911,400,285.1402209809967,0.7128505524524917,False,False,False,False,trial_45
100,0.1,1.0,3,random_same,dynamic,False,50.0,0.5949103853970509,400,286.7922041809943,0.7169805104524858,False,False,False,False,trial_45
100,0.1,1.0,3,random_same,dynamic,True,100.0,1.1608077402397206,81,51.00035730799573,0.6296340408394534,False,False,False,False,trial_60
100,0.1,1.0,3,random_same,dynamic,True,100.0,1.1756894458671574,47,25.028905558996485,0.5325299055105635,False,False,False,False,trial_60
100,0.1,1.0,3,random_same,dynamic,False,50.0,0.5949103853970509,400,288.08579617200303,0.7202144904300076,False,False,False,False,trial_45
100,0.1,1.0,3,random_same,dynamic,False,50.0,0.5927577362051637,400,295.9489524189994,0.7398723810474985,False,False,False,False,trial_45
100,0.1,1.0,3,random_same,dynamic,False,50.0,0.5942338677579436,400,297.432469612002,0.743581174030005,False,False,False,False,trial_45
100,0.1,1.0,3,random_same,dynamic,True,100.0,1.1756894458671574,47,26.45945055699849,0.5629670331276274,False,False,False,False,trial_60
100,0.1,1.0,3,random_same,dynamic,False,50.0,0.594964247562512,400,307.4165364790024,0.768541341197506,False,False,False,False,trial_45
100,0.1,1.0,3,random_same,dynamic,True,100.0,1.1788057001114887,270,171.54933548100234,0.6353679091888976,False,False,False,False,trial_45
100,0.1,1.0,3,random_same,dynamic,True,100.0,1.1619781304443542,101,51.412920114999,0.509038813019792,False,False,False,False,trial_60
100,0.1,1.0,3,random_same,dynamic,True,100.0,1.1619781304443542,101,52.74604628999805,0.5222380820791886,False,False,False,False,trial_60
100,0.1,1.0,3,random_same,dynamic,True,100.0,1.1788057001114887,270,165.8356634150041,0.6142061607963114,False,False,False,False,trial_45
100,0.1,1.0,3,random_same,dynamic,True,100.0,1.1398748213312033,95,61.79118394800025,0.6504335152421079,False,False,False,False,trial_60
100,0.1,1.0,3,random_same,dynamic,True,100.0,1.1663681799552357,386,132.07845596999687,0.3421721657253805,False,False,False,False,trial_60
100,0.1,1.0,3,random_same,dynamic,False,50.0,0.5948566117151258,400,254.020017750001,0.6350500443750025,False,False,False,False,trial_45
100,0.1,1.0,3,random_same,dynamic,False,91.66666666666666,1.0595594071961871,400,176.83841824800038,0.44209604562000093,False,False,False,False,trial_60
100,0.1,1.0,3,random_same,dynamic,True,100.0,1.131194970145766,78,48.13770458200452,0.6171500587436477,False,False,False,False,trial_60
100,0.1,1.0,3,random_same,dynamic,False,99.35272613763108,1.1605415468628104,400,254.67910434099758,0.636697760852494,False,False,False,False,trial_45
100,0.1,1.0,3,random_same,dynamic,False,50.0,0.5949892495551379,400,280.60488470100245,0.7015122117525061,False,False,False,False,trial_45
100,0.1,1.0,3,random_same,dynamic,False,50.0,0.5902853602447327,400,273.4815925209987,0.6837039813024967,False,False,False,False,trial_45
100,0.1,1.0,3,random_same,dynamic,False,91.66666666666666,1.0608733804394181,52,34.823964766001154,0.6696916301154068,False,True,False,False,trial_60
100,0.1,1.0,3,random_same,dynamic,False,50.0,0.5903686455888909,400,273.9732024279947,0.6849330060699867,False,False,False,False,trial_45
100,0.1,1.0,3,random_same,dynamic,False,99.35272613763108,1.1605415468628104,400,254.62290939599916,0.6365572734899979,False,False,False,False,trial_45
100,0.1,1.0,3,random_same,dynamic,False,50.0,0.5948755520429031,400,286.731605191002,0.716829012977505,False,False,False,False,trial_45
100,0.1,1.0,3,random_same,dynamic,False,50.0,0.5899842589206908,400,280.64869139099756,0.7016217284774939,False,False,False,False,trial_45
100,0.1,1.0,3,random_same,dynamic,True,100.0,1.1587705589930797,385,246.071467365,0.6391466684805195,False,False,False,False,trial_60
100,0.1,1.0,3,random_same,dynamic,False,50.0,0.5949790228546646,400,293.87666871499823,0.7346916717874956,False,False,False,False,trial_45
100,0.1,1.0,3,random_same,dynamic,True,100.0,1.1795687958379115,252,156.03587879499537,0.6191899952182356,False,False,False,False,trial_60
100,0.1,1.0,3,random_same,dynamic,False,66.66666666666667,0.7932040580991793,400,251.3029549030034,0.6282573872575086,False,False,False,False,trial_60
100,0.1,1.0,3,random_same,dynamic,False,91.66666666666666,1.0608733804394181,52,39.93214581000211,0.7679258809615791,False,True,False,False,trial_60
100,0.1,1.0,3,random_same,dynamic,True,100.0,1.1411264532603276,81,48.413528737997694,0.5976978856542925,False,False,False,False,trial_60
100,0.1,1.0,3,random_same,dynamic,False,50.0,0.594907168557533,400,313.38672719700116,0.783466817992503,False,False,False,False,trial_45
100,0.1,1.0,3,random_same,dynamic,True,100.0,1.1548891393631955,58,35.01688457199634,0.6037393891723507,False,False,False,False,trial_60
100,0.1,1.0,3,random_same,dynamic,True,100.0,1.1636460774963784,80,47.2816958389958,0.5910211979874476,False,False,False,False,trial_60
100,0.1,1.0,3,random_same,dynamic,False,50.0,0.5949318445616081,400,314.69278603300336,0.7867319650825084,False,False,False,False,trial_45
100,0.1,1.0,3,random_same,dynamic,True,100.0,1.1785786098050783,74,50.75357206300396,0.6858590819324859,False,False,False,False,trial_60
100,0.1,1.0,3,random_same,dynamic,True,100.0,1.1737796048831983,69,45.806149727002776,0.6638572424203301,False,False,False,False,trial_60
100,0.1,1.0,3,random_same,dynamic,False,50.0,0.5902853602447327,400,274.4215380309979,0.6860538450774948,False,False,False,False,trial_45
100,0.1,1.0,3,random_same,dynamic,False,50.0,0.5719995977868777,11,7.827897312999994,0.711627028454545,False,True,False,False,trial_60
100,0.1,1.0,3,random_same,dynamic,False,50.0,0.5949281404488109,400,285.40453879300185,0.7135113469825046,False,False,False,False,trial_45
100,0.1,1.0,3,random_same,dynamic,False,64.72623479316215,0.7254776975361688,27,18.30933477600047,0.6781235102222396,False,True,False,False,trial_60
100,0.1,1.0,3,random_same,dynamic,False,64.72623479316215,0.7254776975361688,27,16.069802639001864,0.5951778755185876,False,True,False,False,trial_60
100,0.1,1.0,3,random_same,dynamic,False,75.0,0.8924067420984432,400,284.22203250500024,0.7105550812625006,False,False,False,False,trial_60
100,0.1,1.0,3,random_same,dynamic,False,50.0,0.5902853602447327,400,287.52802340500057,0.7188200585125014,False,False,False,False,trial_45
100,0.1,1.0,3,random_same,dynamic,False,50.0,0.5949490215949734,400,285.42601000099967,0.7135650250024992,False,False,False,False,trial_45
100,0.1,1.0,3,random_same,dynamic,True,100.0,1.1548891393631955,58,36.07264629400015,0.6219421774827613,False,False,False,False,trial_60
100,0.1,1.0,3,random_same,dynamic,True,100.0,1.1744907947919372,81,51.224906707997434,0.6324062556542893,False,False,False,False,trial_60
100,0.1,1.0,3,random_same,dynamic,False,50.0,0.5903015017022061,400,301.5731573430021,0.7539328933575052,False,False,False,False,trial_45
100,0.1,1.0,3,random_same,dynamic,False,91.66666666666666,1.0608733804394181,52,32.70976104000147,0.6290338661538744,False,True,False,False,trial_60
100,0.1,1.0,3,random_same,dynamic,False,91.66666666666666,1.0608733804394181,52,35.63494910099689,0.6852874827114787,False,True,False,False,trial_60
100,0.1,1.0,3,random_same,dynamic,True,100.0,1.1548891393631955,58,35.909513523001806,0.6191295435000311,False,False,False,False,trial_60
100,0.1,1.0,3,random_same,dynamic,True,100.0,1.1587705589930797,385,241.0591432989968,0.6261276449324592,False,False,False,False,trial_60
100,0.1,1.0,3,random_same,dynamic,True,100.0,1.13783538690507,67,35.8904272830041,0.5356780191493149,False,False,False,False,trial_60
100,0.1,1.0,3,random_same,dynamic,False,68.36029808630862,0.7027652338505502,23,16.678568557996186,0.7251551546954864,False,True,False,False,trial_51
100,0.1,1.0,3,random_same,dynamic,False,50.0,0.5949892495551379,400,306.2851873960026,0.7657129684900065,False,False,False,False,trial_45
100,0.1,1.0,3,random_same,dynamic,False,70.37406872116543,0.7400985095102486,24,18.167588578995492,0.7569828574581455,False,True,False,False,trial_51
100,0.1,1.0,3,random_same,dynamic,True,100.0,1.1844089935955675,94,56.186620304993994,0.597730003244617,False,False,False,False,trial_60
100,0.1,1.0,3,random_same,dynamic,True,100.0,1.1474229437134924,65,42.2935098750022,0.6506693826923415,False,False,False,False,trial_60
100,0.1,1.0,3,random_same,dynamic,False,68.94428358817326,0.7021223417732528,23,14.621637907999684,0.6357233873043341,False,True,False,False,trial_51
100,0.1,1.0,3,random_same,dynamic,False,75.0,0.8924067420984432,400,302.7531669329983,0.7568829173324957,False,False,False,False,trial_60
100,0.1,1.0,3,random_same,dynamic,False,91.66666666666666,1.0581535930552408,400,120.48748566400172,0.3012187141600043,False,False,False,False,trial_60
100,0.1,1.0,3,random_same,dynamic,False,69.41742690811037,0.7234759594838653,25,14.050848303995735,0.5620339321598294,False,True,False,False,trial_51
100,0.1,1.0,3,random_same,dynamic,False,66.66666666666667,0.7932040580991793,400,235.57106584600115,0.5889276646150029,False,False,False,False,trial_60
100,0.1,1.0,3,random_same,dynamic,True,100.0,1.1445159388432429,78,45.78764057599619,0.5870210330255922,False,False,False,False,trial_51
100,0.1,1.0,3,random_same,dynamic,True,100.0,1.174472460231383,89,55.67257939299452,0.6255345999212868,False,False,False,False,trial_60
100,0.1,1.0,3,random_same,dynamic,False,69.41742690811037,0.7234759594838653,25,15.173682069005736,0.6069472827602295,False,True,False,False,trial_51
100,0.1,1.0,3,random_same,dynamic,False,62.60374091484084,0.6534997266559258,23,15.42622121500608,0.6707052702176557,False,True,False,False,trial_51
100,0.1,1.0,3,random_same,dynamic,False,66.66666666666667,0.7638161699563873,32,18.32092606600054,0.5725289395625168,False,True,False,False,trial_51
100,0.1,1.0,3,random_same,dynamic,True,100.0,1.173356136831003,81,49.27893343200412,0.6083818942222732,False,False,False,False,trial_51
100,0.1,1.0,3,random_same,dynamic,False,91.66666666666666,1.0649931452224932,400,109.21737911000673,0.2730434477750168,False,False,False,False,trial_60
100,0.1,1.0,3,random_same,dynamic,True,100.0,1.1433650595481362,124,81.45204890999594,0.6568713621773866,False,False,False,False,trial_51
100,0.1,1.0,3,random_same,dynamic,True,100.0,1.164076090950463,65,37.6741289529964,0.5796019838922523,False,False,False,False,trial_51
100,0.1,1.0,3,random_same,dynamic,False,62.60374091484084,0.6534997266559258,23,13.545304587001738,0.5889262863913799,False,True,False,False,trial_51
100,0.1,1.0,3,random_same,dynamic,False,91.66666666666666,1.0713796821410606,400,119.98621407199971,0.2999655351799993,False,False,False,False,trial_60
100,0.1,1.0,3,random_same,dynamic,False,67.92379471158547,0.7094107351010327,23,12.965839208001853,0.5637321394783414,False,True,False,False,trial_51
100,0.1,1.0,3,random_same,dynamic,False,91.66666666666666,1.0649931452224932,400,119.28432272000646,0.29821080680001616,False,False,False,False,trial_60
100,0.1,1.0,3,random_same,dynamic,False,60.42437404197083,0.6300792686958797,23,12.74143347399513,0.5539753684345708,False,True,False,False,trial_51
100,0.1,1.0,3,random_same,dynamic,True,100.0,1.1412508497942842,127,91.92604460800067,0.7238271228976431,False,False,False,False,trial_51
100,0.1,1.0,3,random_same,dynamic,False,91.66666666666666,1.0755470284997315,400,187.07202646199585,0.46768006615498964,False,False,False,False,trial_60
100,0.1,1.0,3,random_same,dynamic,False,91.66666666666666,1.0595594071961871,400,177.85561223699915,0.4446390305924979,False,False,False,False,trial_60
100,0.1,1.0,3,random_same,dynamic,False,91.66666666666666,1.0618915991588294,400,171.5548685219983,0.4288871713049957,False,False,False,False,trial_60
100,0.1,1.0,3,random_same,dynamic,False,75.0,0.8924067420984432,400,290.5533924160045,0.7263834810400113,False,False,False,False,trial_60
100,0.1,1.0,3,random_same,dynamic,False,75.0,0.8924067420984432,400,278.56240987300407,0.6964060246825102,False,False,False,False,trial_60
100,0.1,1.0,3,random_same,dynamic,True,100.0,1.1412508497942842,127,87.20184954199794,0.686628736551165,False,False,False,False,trial_51
100,0.1,1.0,3,random_same,dynamic,True,100.0,1.173356136831003,81,51.04320112000278,0.6301629767901578,False,False,False,False,trial_51
100,0.1,1.0,3,random_same,dynamic,False,91.66666666666666,1.0618915991588294,400,171.25749093300692,0.4281437273325173,False,False,False,False,trial_60
100,0.1,1.0,3,random_same,dynamic,False,68.94428358817326,0.7021223417732528,23,15.974062007000612,0.6945244350869831,False,True,False,False,trial_51
100,0.1,1.0,3,random_same,dynamic,False,66.6641712944345,0.7005053697102905,21,13.783229743996344,0.6563442735236354,False,True,False,False,trial_51
100,0.1,1.0,3,random_same,dynamic,True,100.0,1.1603681583515375,182,93.872223107006,0.5157814456428901,False,False,False,False,trial_51
100,0.1,1.0,3,random_same,dynamic,False,91.66666666666666,1.0357764532555178,400,226.64681995700084,0.5666170498925021,False,False,False,False,trial_60
100,0.1,1.0,3,random_same,dynamic,False,66.63551860649657,0.6957465890130224,21,11.604468816003646,0.5525937531430307,False,True,False,False,trial_51
100,0.1,1.0,3,random_same,dynamic,True,100.0,1.1553038711414116,281,206.04573381099908,0.7332588391850501,False,False,False,False,trial_60
100,0.1,1.0,3,random_same,dynamic,False,66.66666666666667,0.7933111531821191,400,238.7258263399999,0.5968145658499998,False,False,False,False,trial_60
100,0.1,1.0,3,random_same,dynamic,False,50.0,0.5949627805529258,400,224.81985722899844,0.5620496430724962,False,False,False,False,trial_51
100,0.1,1.0,3,random_same,dynamic,False,67.53524994626315,0.7025656537988524,23,14.493851029001235,0.630167436043532,False,True,False,False,trial_51
100,0.1,1.0,3,random_same,dynamic,False,91.66666666666666,1.073368061460376,400,331.7784948059998,0.8294462370149995,False,False,False,False,trial_60
100,0.1,1.0,3,random_same,dynamic,False,50.0,0.5949627805529258,400,238.82567556999857,0.5970641889249965,False,False,False,False,trial_51
100,0.1,1.0,3,random_same,dynamic,True,100.0,1.1715417160317823,53,29.447011939999356,0.5556039988679123,False,False,False,False,trial_46
100,0.1,1.0,3,random_same,dynamic,True,100.0,1.1330160145696748,388,283.3754356970021,0.7303490610747477,False,False,False,False,trial_60
100,0.1,1.0,3,random_same,dynamic,False,50.0,0.5948352941387872,400,230.99357820099976,0.5774839455024994,False,False,False,False,trial_51
100,0.1,1.0,3,random_same,dynamic,True,100.0,1.1545357138329007,53,33.62958501800313,0.6345204720377948,False,False,False,False,trial_46
100,0.1,1.0,3,random_same,dynamic,False,50.0,0.5948352941387872,400,217.12565829000232,0.5428141457250057,False,False,False,False,trial_51
100,0.1,1.0,3,random_same,dynamic,True,100.0,1.179267641831316,54,33.21928565199778,0.6151719565184774,False,False,False,False,trial_46
100,0.1,1.0,3,random_same,dynamic,False,91.66666666666666,1.034839835138928,400,298.3030214840037,0.7457575537100092,False,False,False,False,trial_51
100,0.1,1.0,3,random_same,dynamic,True,100.0,1.1845309039232066,52,33.417334698999184,0.6426410519038305,False,False,False,False,trial_46
100,0.1,1.0,3,random_same,dynamic,False,91.66666666666666,1.034839835138928,400,299.20089025900234,0.7480022256475058,False,False,False,False,trial_51
100,0.1,1.0,3,random_same,dynamic,True,100.0,1.166997673545037,53,35.32716010399599,0.6665501906414338,False,False,False,False,trial_46
100,0.1,1.0,3,random_same,dynamic,True,100.0,1.1770237488370354,70,38.81627160200151,0.5545181657428787,False,False,False,False,trial_46
100,0.1,1.0,3,random_same,dynamic,True,100.0,1.172173007450178,51,29.756244272000913,0.5834557700392335,False,False,False,False,trial_46
100,0.1,1.0,3,random_same,dynamic,True,100.0,1.1739084153530814,57,36.44081142399955,0.6393124811227991,False,False,False,False,trial_46
100,0.1,1.0,3,random_same,dynamic,True,100.0,1.1770237488370354,70,42.212188379999134,0.6030312625714161,False,False,False,False,trial_46
100,0.1,1.0,3,random_same,dynamic,False,50.0,0.5948352941387872,400,228.62706030299887,0.5715676507574972,False,False,False,False,trial_51
100,0.1,1.0,3,random_same,dynamic,False,69.42875004839242,0.7174148054621774,11,8.556989317999978,0.7779081198181799,False,True,False,False,trial_46
100,0.1,1.0,3,random_same,dynamic,False,50.0,0.5949123903007417,400,230.23825263600156,0.5755956315900039,False,False,False,False,trial_51
100,0.1,1.0,3,random_same,dynamic,False,66.66666666666667,0.7854738183199251,400,341.5212008460003,0.8538030021150007,False,False,False,False,trial_51
100,0.1,1.0,3,random_same,dynamic,True,100.0,1.1765280689263142,52,32.26427308599523,0.6204667901152928,False,False,False,False,trial_46
100,0.1,1.0,3,random_same,dynamic,True,100.0,1.1770237488370354,70,40.50169800900039,0.5785956858428628,False,False,False,False,trial_46
100,0.1,1.0,3,random_same,dynamic,True,100.0,1.166997673545037,53,34.11920374400506,0.6437585612076427,False,False,False,False,trial_46
100,0.1,1.0,3,random_same,dynamic,True,100.0,1.1849614487911224,63,42.546979887003545,0.6753488870952944,False,False,False,False,trial_46
100,0.1,1.0,3,random_same,dynamic,True,100.0,1.1765280689263142,52,32.41976609700214,0.6234570403269643,False,False,False,False,trial_46
100,0.1,1.0,3,random_same,dynamic,True,100.0,1.166997673545037,53,36.37315339699853,0.6862859131509157,False,False,False,False,trial_46
100,0.1,1.0,3,random_same,dynamic,False,70.23138210399952,0.7232558848970506,12,9.294834018000984,0.774569501500082,False,True,False,False,trial_46
100,0.1,1.0,3,random_same,dynamic,False,83.33333333333334,0.9875118927163036,400,305.2389077309999,0.7630972693274998,False,False,False,False,trial_51
100,0.1,1.0,3,random_same,dynamic,False,50.0,0.5949339781165811,400,226.28558861599595,0.5657139715399899,False,False,False,False,trial_51
100,0.1,1.0,3,random_same,dynamic,True,100.0,1.1661934454440932,73,41.12916380599927,0.5634132028219078,False,False,False,False,trial_46
100,0.1,1.0,3,random_same,dynamic,False,72.31461256343894,0.7499752197676464,13,10.620566639998287,0.8169666646152529,False,True,False,False,trial_46
100,0.1,1.0,3,random_same,dynamic,False,91.66666666666666,1.0455919427281124,400,351.39709614800086,0.8784927403700021,False,False,False,False,trial_51
100,0.1,1.0,3,random_same,dynamic,False,66.66666666666667,0.7890767744868473,400,315.720329030999,0.7893008225774975,False,False,False,False,trial_51
100,0.1,1.0,3,random_same,dynamic,True,100.0,1.159788314082394,51,32.027115625998704,0.6279826593333079,False,False,False,False,trial_46
100,0.1,1.0,3,random_same,dynamic,False,83.33333333333334,0.9754887204490682,400,291.44778151799983,0.7286194537949996,False,False,False,False,trial_51
100,0.1,1.0,3,random_same,dynamic,True,100.0,1.1752278991802902,56,36.121268979004526,0.6450226603393665,False,False,False,False,trial_46
100,0.1,1.0,3,random_same,dynamic,True,100.0,1.1802602703954632,50,32.829708104996826,0.6565941620999365,False,False,False,False,trial_46
100,0.1,1.0,3,random_same,dynamic,True,100.0,1.1661934454440932,73,42.89289415899839,0.587573892589019,False,False,False,False,trial_46
100,0.1,1.0,3,random_same,dynamic,True,100.0,1.1750172917260633,51,36.47754309900483,0.7152459431177418,False,False,False,False,trial_46
100,0.1,1.0,3,random_same,dynamic,True,100.0,1.1752278991802902,56,35.32889763399726,0.6308731720356653,False,False,False,False,trial_46
100,0.1,1.0,3,random_same,dynamic,False,91.66666666666666,1.0482490519299263,400,295.1199214839944,0.737799803709986,False,False,False,False,trial_51
100,0.1,1.0,3,random_same,dynamic,True,100.0,1.159788314082394,51,31.23122114299622,0.6123768851567886,False,False,False,False,trial_46
100,0.1,1.0,3,random_same,dynamic,True,100.0,1.1701200061692487,112,69.787775331999,0.6231051368928482,False,False,False,False,trial_46
100,0.1,1.0,3,random_same,dynamic,True,100.0,1.136317032519188,64,42.38939228399977,0.6623342544374964,False,False,False,False,trial_46
100,0.1,1.0,3,random_same,dynamic,True,100.0,1.1362368724532776,55,38.263323717001185,0.695696794854567,False,False,False,False,trial_46
100,0.1,1.0,3,random_same,dynamic,True,100.0,1.1661934454440932,73,45.83578195000155,0.627887423972624,False,False,False,False,trial_46
100,0.1,1.0,3,random_same,dynamic,False,50.0,0.5949779576827305,400,244.78203605499584,0.6119550901374896,False,False,False,False,trial_51
100,0.1,1.0,3,random_same,dynamic,False,83.33333333333334,0.9875118927163036,400,311.629150452005,0.7790728761300124,False,False,False,False,trial_51
100,0.1,1.0,3,random_same,dynamic,True,100.0,1.1576141985396624,57,34.96270301599725,0.6133807546666185,False,False,False,False,trial_46
100,0.1,1.0,3,random_same,dynamic,True,100.0,1.1576141985396624,57,40.70830873799423,0.7141808550525304,False,False,False,False,trial_46
100,0.1,1.0,3,random_same,dynamic,False,91.66666666666666,1.0309046837199582,400,276.8895202010026,0.6922238005025065,False,False,False,False,trial_51
100,0.1,1.0,3,random_same,dynamic,False,91.66666666666666,1.0632264211046327,400,261.1641598060014,0.6529103995150035,False,False,False,False,trial_51
100,0.1,1.0,3,random_same,dynamic,True,100.0,1.177292974254727,53,33.33523178500036,0.628966637452837,False,False,False,False,trial_46
100,0.1,1.0,3,random_same,dynamic,True,100.0,1.1362368724532776,55,39.29668687800586,0.7144852159637428,False,False,False,False,trial_46
100,0.1,1.0,3,random_same,dynamic,True,100.0,1.1612435228481157,54,35.98834794400318,0.6664508878519108,False,False,False,False,trial_46
100,0.1,1.0,3,random_same,dynamic,True,100.0,1.177292974254727,53,33.61346043500089,0.6342162346226583,False,False,False,False,trial_46
100,0.1,1.0,3,random_same,dynamic,False,91.66666666666666,1.0460624878730327,400,297.4848649620035,0.7437121624050087,False,False,False,False,trial_51
100,0.1,1.0,3,random_same,dynamic,True,100.0,1.1490237461718407,74,45.97702968700469,0.6213112119865498,False,False,False,False,trial_46
100,0.1,1.0,3,random_same,dynamic,False,80.39897486743219,0.8999994362481362,31,20.780632356996648,0.6703429792579564,False,True,False,False,trial_46
100,0.1,1.0,3,random_same,dynamic,True,100.0,1.1490237461718407,74,42.55092481299653,0.575012497472926,False,False,False,False,trial_46
100,0.1,1.0,3,random_same,dynamic,True,100.0,1.1490237461718407,74,49.2195290669988,0.6651287711756595,False,False,False,False,trial_46
100,0.1,1.0,3,random_same,dynamic,True,100.0,1.1611501854093618,46,31.32849366800656,0.6810542101740557,False,False,False,False,trial_46
100,0.1,1.0,3,random_same,dynamic,True,100.0,1.1209964229545062,76,46.4396046490001,0.6110474295921066,False,False,False,False,trial_46
100,0.1,1.0,3,random_same,dynamic,True,100.0,1.1611501854093618,46,30.994451621001645,0.673792426543514,False,False,False,False,trial_46
100,0.1,1.0,3,random_same,dynamic,True,100.0,1.1490237461718407,74,51.627716318005696,0.6976718421352122,False,False,False,False,trial_46
100,0.1,1.0,3,random_same,dynamic,False,91.66666666666666,1.024136869987507,400,344.61473277200275,0.8615368319300069,False,False,False,False,trial_51
100,0.1,1.0,3,random_same,dynamic,True,100.0,1.166670935248067,134,104.71474191299785,0.781453297858193,False,False,False,False,trial_46
100,0.1,1.0,3,random_same,dynamic,False,91.66666666666666,1.0545865340237282,298,262.3598297839999,0.8804021133691271,False,True,False,False,trial_51
100,0.1,1.0,3,random_same,dynamic,False,83.33333333333334,0.9769835694362762,400,163.457584071999,0.40864396017999755,False,False,False,False,trial_46
100,0.1,1.0,3,random_same,dynamic,False,91.66666666666666,1.0632264211046327,400,263.2093438810043,0.6580233597025108,False,False,False,False,trial_51
100,0.1,1.0,3,random_same,dynamic,False,66.66666666666667,0.7926582505708972,400,367.6845577950007,0.9192113944875018,False,False,False,False,trial_51
100,0.1,1.0,3,random_same,dynamic,False,66.66666666666667,0.7926582505708972,400,363.78359593299683,0.9094589898324921,False,False,False,False,trial_51
100,0.1,1.0,3,random_same,dynamic,False,66.66666666666667,0.7767355825497333,400,367.3757208889947,0.9184393022224867,False,False,False,False,trial_51
100,0.1,1.0,3,random_same,dynamic,False,73.76129329824292,0.8491484210719881,400,355.4721371320047,0.8886803428300118,False,False,False,False,trial_51
100,0.1,1.0,3,random_same,dynamic,False,83.33333333333334,0.9864706243416104,400,192.85682319999614,0.4821420579999904,False,False,False,False,trial_46
100,0.1,1.0,3,random_same,dynamic,False,66.66666666666667,0.7926582505708972,400,384.3944012409993,0.9609860031024983,False,False,False,False,trial_51
100,0.1,1.0,3,random_same,dynamic,False,83.33333333333334,0.9915764329955756,400,204.7966005740018,0.5119915014350045,False,False,False,False,trial_46
100,0.1,1.0,3,random_same,dynamic,False,99.4833910541645,1.105304475566299,255,195.28597077299492,0.7658273363646859,False,True,False,False,trial_46
100,0.1,1.0,3,random_same,dynamic,False,83.33333333333334,0.9821993060546719,400,221.10544924999704,0.5527636231249926,False,False,False,False,trial_46
400,0.1,1.0,3,random_same,dynamic,True,100.0,1.182974524037183,219,516.4563484859973,2.3582481666027273,False,False,False,False,trial_45
400,0.1,1.0,3,random_same,dynamic,True,100.0,1.1873001312558074,237,577.3784506660013,2.4361959943713134,False,False,False,False,trial_45
400,0.1,1.0,3,random_same,dynamic,True,100.0,1.1873001312558074,237,586.7595727549997,2.4757787879957793,False,False,False,False,trial_45
400,0.1,1.0,3,random_same,dynamic,True,100.0,1.1873001312558074,237,540.4006301490008,2.2801714352278513,False,False,False,False,trial_45
400,0.1,1.0,3,random_same,dynamic,True,100.0,1.1873001312558074,237,568.7082777579999,2.3996129863206748,False,False,False,False,trial_45
400,0.1,1.0,3,random_same,dynamic,True,100.0,1.1880356987548777,339,814.0525523619945,2.401334962719748,False,False,False,False,trial_45
400,0.1,1.0,3,random_same,dynamic,True,100.0,1.1580715063815084,343,849.9720752100038,2.478052697405259,False,False,False,False,trial_45
400,0.1,1.0,3,random_same,dynamic,True,100.0,1.1856834686576843,359,895.997632736995,2.495815132972131,False,False,False,False,trial_45
400,0.1,1.0,3,random_same,dynamic,False,50.0,0.5950000000000001,400,1024.0548972940014,2.5601372432350034,False,False,False,False,trial_45
400,0.1,1.0,3,random_same,dynamic,False,50.0,0.595,400,1033.019645225002,2.582549113062505,False,False,False,False,trial_45
400,0.1,1.0,3,random_same,dynamic,False,50.0,0.5946614305142442,400,1048.2113209689996,2.6205283024224992,False,False,False,False,trial_45
400,0.1,1.0,3,random_same,dynamic,False,50.0,0.5947457668166637,400,1055.0521843629977,2.637630460907494,False,False,False,False,trial_45
400,0.1,1.0,3,random_same,dynamic,False,50.0,0.595,400,1061.4115361840013,2.6535288404600035,False,False,False,False,trial_45
400,0.1,1.0,3,random_same,dynamic,False,50.0,0.5944996962588088,400,1074.9168741749963,2.687292185437491,False,False,False,False,trial_45
400,0.1,1.0,3,random_same,dynamic,False,50.0,0.5884842898508776,400,1072.4999787519992,2.6812499468799977,False,False,False,False,trial_45
400,0.1,1.0,3,random_same,dynamic,False,50.0,0.5944996962588088,400,1078.7153691210042,2.6967884228025105,False,False,False,False,trial_45
400,0.1,1.0,3,random_same,dynamic,False,50.0,0.5950000000000001,400,1077.3118001109979,2.6932795002774945,False,False,False,False,trial_45
400,0.1,1.0,3,random_same,dynamic,False,50.0,0.595,400,1081.6966034729994,2.7042415086824985,False,False,False,False,trial_45
400,0.1,1.0,3,random_same,dynamic,False,50.0,0.5948140141256407,400,1058.3795965449972,2.645948991362493,False,False,False,False,trial_45
400,0.1,1.0,3,random_same,dynamic,False,50.0,0.5946614305142442,400,1081.7688660550048,2.7044221651375118,False,False,False,False,trial_45
400,0.1,1.0,3,random_same,dynamic,False,50.0,0.5940248462725458,400,1106.1432000830027,2.765358000207507,False,False,False,False,trial_45
400,0.1,1.0,3,random_same,dynamic,False,50.0,0.5884842898508776,400,1033.217625051002,2.583044062627505,False,False,False,False,trial_45
400,0.1,1.0,3,random_same,dynamic,False,50.0,0.5940699824873124,400,1095.4394771860025,2.7385986929650064,False,False,False,False,trial_45
400,0.1,1.0,3,random_same,dynamic,False,50.0,0.595,400,1070.2418115099936,2.675604528774984,False,False,False,False,trial_45
400,0.1,1.0,3,random_same,dynamic,False,50.0,0.595,400,1132.243213226,2.8306080330650003,False,False,False,False,trial_45
400,0.1,1.0,3,random_same,dynamic,False,50.0,0.5944996962588088,400,1077.8372891309991,2.694593222827498,False,False,False,False,trial_45
400,0.1,1.0,3,random_same,dynamic,False,50.0,0.5949999999999999,400,1140.7715373449973,2.851928843362493,False,False,False,False,trial_45
400,0.1,1.0,3,random_same,dynamic,False,50.0,0.5947687362077997,400,1074.374388960001,2.6859359724000025,False,False,False,False,trial_45
400,0.1,1.0,3,random_same,dynamic,False,50.0,0.5945983829059511,400,1086.2751798949976,2.715687949737494,False,False,False,False,trial_45
400,0.1,1.0,3,random_same,dynamic,False,50.0,0.5896779847342718,400,1067.1323598019953,2.667830899504988,False,False,False,False,trial_45
400,0.1,1.0,3,random_same,dynamic,True,100.0,1.160597679921398,52,121.29104226000345,2.3325200434616047,False,False,False,False,trial_60
400,0.1,1.0,3,random_same,dynamic,True,100.0,1.1810466123340422,77,184.1714095110001,2.3918364871558455,False,False,False,False,trial_60
400,0.1,1.0,3,random_same,dynamic,True,100.0,1.1774568328061505,82,183.47224700600054,2.237466426902446,False,False,False,False,trial_60
400,0.1,1.0,3,random_same,dynamic,True,100.0,1.1602873039371269,69,162.95395650099817,2.361651543492727,False,False,False,False,trial_60
400,0.1,1.0,3,random_same,dynamic,True,100.0,1.1734838942537271,100,241.78508390600473,2.4178508390600473,False,False,False,False,trial_60
400,0.1,1.0,3,random_same,dynamic,True,100.0,1.1463453790096922,89,216.34460431700427,2.4308382507528568,False,False,False,False,trial_60
400,0.1,1.0,3,random_same,dynamic,True,100.0,1.1421451575266257,137,276.6188142579995,2.019115432540142,False,False,False,False,trial_60
400,0.1,1.0,3,random_same,dynamic,False,91.66666666666666,1.0517636558814156,52,147.2698072610001,2.8321116780961555,False,True,False,False,trial_60
400,0.1,1.0,3,random_same,dynamic,True,100.0,1.1557633424537435,66,141.22383487099432,2.1397550738029443,False,False,False,False,trial_60
400,0.1,1.0,3,random_same,dynamic,True,100.0,1.1580715063815084,343,822.4503536280026,2.3978144420641474,False,False,False,False,trial_45
400,0.1,1.0,3,random_same,dynamic,True,100.0,1.1590425264985673,115,294.8267601379994,2.563710957721734,False,False,False,False,trial_60
400,0.1,1.0,3,random_same,dynamic,True,100.0,1.16105466351153,75,164.6246933500006,2.1949959113333413,False,False,False,False,trial_60
400,0.1,1.0,3,random_same,dynamic,True,100.0,1.1557633424537435,66,151.0370181239996,2.2884396685454482,False,False,False,False,trial_60
400,0.1,1.0,3,random_same,dynamic,True,100.0,1.1580715063815084,343,858.3005600150063,2.5023339942128464,False,False,False,False,trial_45
400,0.1,1.0,3,random_same,dynamic,False,91.66666666666666,1.0517636558814156,52,137.94035274099588,2.6526990911729977,False,True,False,False,trial_60
400,0.1,1.0,3,random_same,dynamic,True,100.0,1.1747495842015454,113,255.63407938599994,2.2622484901415922,False,False,False,False,trial_60
400,0.1,1.0,3,random_same,dynamic,False,79.64731344960057,0.8880951548741388,201,475.0932124030005,2.3636478229005,False,True,False,False,trial_45
400,0.1,1.0,3,random_same,dynamic,True,100.0,1.1734838942537271,100,237.10265720099414,2.3710265720099413,False,False,False,False,trial_60
400,0.1,1.0,3,random_same,dynamic,True,100.0,1.16105466351153,75,188.79027108100126,2.5172036144133503,False,False,False,False,trial_60
400,0.1,1.0,3,random_same,dynamic,False,79.64731344960057,0.8880951548741388,201,494.7992188599965,2.461687656019883,False,True,False,False,trial_45
400,0.1,1.0,3,random_same,dynamic,True,100.0,1.1774568328061505,82,193.13523826299934,2.355307783695114,False,False,False,False,trial_60
400,0.1,1.0,3,random_same,dynamic,False,58.33333333333333,0.6941666666666668,400,1060.4920754870036,2.651230188717509,False,False,False,False,trial_45
400,0.1,1.0,3,random_same,dynamic,True,100.0,1.1774568328061505,82,194.17475388700404,2.3679848035000495,False,False,False,False,trial_60
400,0.1,1.0,3,random_same,dynamic,False,83.33333333333334,0.9251533313610115,97,250.655987447004,2.5840823448144743,False,True,False,False,trial_60
400,0.1,1.0,3,random_same,dynamic,False,50.0,0.5884842898508776,400,1039.7695962380021,2.5994239905950054,False,False,False,False,trial_45
400,0.1,1.0,3,random_same,dynamic,True,100.0,1.1778442022072553,86,196.02706181800022,2.2793844397441885,False,False,False,False,trial_60
400,0.1,1.0,3,random_same,dynamic,True,100.0,1.1595000901743568,89,206.2015031530027,2.3168708219438505,False,False,False,False,trial_60
400,0.1,1.0,3,random_same,dynamic,True,100.0,1.1675734781472582,106,253.79486573099712,2.394291186141482,False,False,False,False,trial_60
400,0.1,1.0,3,random_same,dynamic,True,100.0,1.1557633424537435,66,152.9105151210024,2.3168259866818546,False,False,False,False,trial_60
400,0.1,1.0,3,random_same,dynamic,True,100.0,1.1332516824905108,72,175.94507473799604,2.4436815935832783,False,False,False,False,trial_60
400,0.1,1.0,3,random_same,dynamic,True,100.0,1.1747913227925098,64,148.92259528799332,2.3269155513748956,False,False,False,False,trial_60
400,0.1,1.0,3,random_same,dynamic,True,100.0,1.1615537285530593,79,194.45361825899454,2.4614382058100572,False,False,False,False,trial_60
400,0.1,1.0,3,random_same,dynamic,True,100.0,1.1774568328061505,82,177.49915615100326,2.16462385550004,False,False,False,False,trial_60
400,0.1,1.0,3,random_same,dynamic,False,50.0,0.5944123910227304,400,1085.538398773002,2.713845996932505,False,False,False,False,trial_45
400,0.1,1.0,3,random_same,dynamic,True,100.0,1.1489255229882611,81,182.0404853430009,2.2474133992963075,False,False,False,False,trial_60
400,0.1,1.0,3,random_same,dynamic,True,100.0,1.1673746052001848,67,166.6446610100029,2.4872337464179535,False,False,False,False,trial_60
400,0.1,1.0,3,random_same,dynamic,True,100.0,1.1721190734820703,75,189.42249182199885,2.525633224293318,False,False,False,False,trial_60
400,0.1,1.0,3,random_same,dynamic,True,100.0,1.1726413341895245,65,139.83784780699352,2.151351504722977,False,False,False,False,trial_60
400,0.1,1.0,3,random_same,dynamic,False,91.66666666666666,1.063752973284971,400,463.57950053800596,1.158948751345015,False,False,False,False,trial_60
400,0.1,1.0,3,random_same,dynamic,True,100.0,1.1747913227925098,64,158.78204038099648,2.48096938095307,False,False,False,False,trial_60
400,0.1,1.0,3,random_same,dynamic,True,100.0,1.153190275093629,82,184.03322427999956,2.2443076131707262,False,False,False,False,trial_60
400,0.1,1.0,3,random_same,dynamic,True,100.0,1.1424089618275475,74,173.95641324100143,2.350762341094614,False,False,False,False,trial_60
400,0.1,1.0,3,random_same,dynamic,True,100.0,1.1640622675476135,156,363.02115021800273,2.3270586552436074,False,False,False,False,trial_60
400,0.1,1.0,3,random_same,dynamic,False,58.33333333333333,0.6941666666666666,400,1016.6666816069992,2.541666704017498,False,False,False,False,trial_45
400,0.1,1.0,3,random_same,dynamic,False,83.33333333333334,0.9251533313610115,97,261.48901429599937,2.695763033979375,False,True,False,False,trial_60
400,0.1,1.0,3,random_same,dynamic,False,62.84237179921506,0.6528749474209777,23,48.403581270998984,2.104503533521695,False,True,False,False,trial_51
400,0.1,1.0,3,random_same,dynamic,False,62.84237179921506,0.6528749474209777,23,49.73537645900069,2.1624076721304646,False,True,False,False,trial_51
400,0.1,1.0,3,random_same,dynamic,False,83.33333333333334,0.9251533313610115,97,239.97319293399778,2.4739504426185337,False,True,False,False,trial_60
400,0.1,1.0,3,random_same,dynamic,False,62.497777874172364,0.6462054461976553,22,43.49789745399903,1.9771771569999559,False,True,False,False,trial_51
400,0.1,1.0,3,random_same,dynamic,False,91.66666666666666,1.0712763372325775,400,565.4610672620038,1.4136526681550095,False,False,False,False,trial_60
400,0.1,1.0,3,random_same,dynamic,False,50.0,0.595,400,1128.2895392510036,2.8207238481275088,False,False,False,False,trial_45
400,0.1,1.0,3,random_same,dynamic,False,66.88470142703243,0.7009562599085043,21,43.570980290998705,2.074808585285653,False,True,False,False,trial_51
400,0.1,1.0,3,random_same,dynamic,False,62.497777874172364,0.6462054461976553,22,66.40766222599632,3.0185301011816508,False,True,False,False,trial_51
400,0.1,1.0,3,random_same,dynamic,True,100.0,1.1773911462987123,75,179.05588688400167,2.3874118251200223,False,False,False,False,trial_60
400,0.1,1.0,3,random_same,dynamic,False,50.0,0.5950000000000001,400,1027.6379446520004,2.569094861630001,False,False,False,False,trial_45
400,0.1,1.0,3,random_same,dynamic,True,100.0,1.1615537285530593,79,183.49171530999593,2.32267994063286,False,False,False,False,trial_60
400,0.1,1.0,3,random_same,dynamic,False,50.0,0.5799537009348185,400,990.5471152900063,2.4763677882250157,False,False,False,False,trial_45
400,0.1,1.0,3,random_same,dynamic,False,83.33333333333334,0.9251533313610115,97,244.80856123899866,2.523799600402048,False,True,False,False,trial_60
400,0.1,1.0,3,random_same,dynamic,False,50.0,0.5945983829059511,400,1067.4863317420022,2.6687158293550057,False,False,False,False,trial_45
400,0.1,1.0,3,random_same,dynamic,False,50.0,0.5943595225671016,400,1033.7091977820019,2.5842729944550045,False,False,False,False,trial_45
400,0.1,1.0,3,random_same,dynamic,False,50.0,0.5896779847342718,400,1073.205873934996,2.68301468483749,False,False,False,False,trial_45
400,0.1,1.0,3,random_same,dynamic,False,91.66666666666666,1.082797372827468,400,457.0675121469976,1.142668780367494,False,False,False,False,trial_60
400,0.1,1.0,3,random_same,dynamic,False,50.0,0.5904407962831757,400,1089.7769871469936,2.724442467867484,False,False,False,False,trial_45
400,0.1,1.0,3,random_same,dynamic,False,91.66666666666666,1.0849030442734167,400,443.9323128630058,1.1098307821575144,False,False,False,False,trial_60
400,0.1,1.0,3,random_same,dynamic,False,50.0,0.5948547335838853,400,1115.155711321997,2.7878892783049922,False,False,False,False,trial_45
400,0.1,1.0,3,random_same,dynamic,False,50.0,0.595,400,1066.92589975,2.6673147493750005,False,False,False,False,trial_45
400,0.1,1.0,3,random_same,dynamic,False,50.0,0.59499048664717,400,1076.7835144839992,2.691958786209998,False,False,False,False,trial_45
400,0.1,1.0,3,random_same,dynamic,False,50.0,0.59499048664717,400,1071.6014414329984,2.679003603582496,False,False,False,False,trial_45
400,0.1,1.0,3,random_same,dynamic,False,50.0,0.595,400,1086.873517300999,2.717183793252498,False,False,False,False,trial_45
400,0.1,1.0,3,random_same,dynamic,False,62.45382941570343,0.6421799511663794,22,46.28858620000392,2.1040266454547236,False,True,False,False,trial_51
400,0.1,1.0,3,random_same,dynamic,False,66.6823942964787,0.6954904925802494,21,42.97235165299935,2.0463024596666357,False,True,False,False,trial_51
400,0.1,1.0,3,random_same,dynamic,False,62.45382941570343,0.6421799511663794,22,49.82697172299959,2.2648623510454358,False,True,False,False,trial_51
400,0.1,1.0,3,random_same,dynamic,False,62.45382941570343,0.6421799511663794,22,45.992228222996346,2.0905558283180157,False,True,False,False,trial_51
400,0.1,1.0,3,random_same,dynamic,False,68.10276158473407,0.6937402881979982,23,49.47929013799876,2.1512734842608157,False,True,False,False,trial_51
400,0.1,1.0,3,random_same,dynamic,False,91.66666666666666,1.079878830896945,400,440.6071529469991,1.1015178823674978,False,False,False,False,trial_60
400,0.1,1.0,3,random_same,dynamic,True,100.0,1.1273795775153186,72,168.07039718599844,2.3343110720277562,False,False,False,False,trial_51
400,0.1,1.0,3,random_same,dynamic,False,83.33333333333334,0.9773137027124539,400,872.3563510070016,2.180890877517504,False,False,False,False,trial_60
400,0.1,1.0,3,random_same,dynamic,False,91.66666666666666,1.0858516197582537,400,499.0774610929948,1.247693652732487,False,False,False,False,trial_60
400,0.1,1.0,3,random_same,dynamic,False,91.20269268601189,1.0177328108946733,51,124.81869456399727,2.4474253836077895,False,True,False,False,trial_51
400,0.1,1.0,3,random_same,dynamic,True,100.0,1.1273795775153186,72,178.28509613399365,2.4761818907499116,False,False,False,False,trial_51
400,0.1,1.0,3,random_same,dynamic,False,62.62519399209936,0.6489909921348752,23,52.7104829029995,2.2917601262173695,False,True,False,False,trial_51
400,0.1,1.0,3,random_same,dynamic,False,91.66666666666666,1.0269140500230334,400,841.2038795539993,2.103009698884998,False,False,False,False,trial_60
400,0.1,1.0,3,random_same,dynamic,False,83.33333333333334,0.9839073397692518,400,1019.9077922249999,2.5497694805624995,False,False,False,False,trial_60
400,0.1,1.0,3,random_same,dynamic,False,66.9795001523876,0.6964994380022047,22,51.82504387299559,2.355683812408891,False,True,False,False,trial_51
400,0.1,1.0,3,random_same,dynamic,True,100.0,1.1592956634293148,203,645.2682468950006,3.1786613147536977,False,False,False,False,trial_51
400,0.1,1.0,3,random_same,dynamic,False,67.53488010130417,0.7019214816702133,21,49.63500946199929,2.3635718791428233,False,True,False,False,trial_51
400,0.1,1.0,3,random_same,dynamic,False,83.33333333333334,0.9839073397692518,400,1050.0476976510035,2.625119244127509,False,False,False,False,trial_60
400,0.1,1.0,3,random_same,dynamic,False,50.0,0.5949999999999999,400,878.8063794629998,2.1970159486574996,False,False,False,False,trial_51
400,0.1,1.0,3,random_same,dynamic,True,100.0,1.177499508528269,93,218.2700354280023,2.3469896282580893,False,False,False,False,trial_51
400,0.1,1.0,3,random_same,dynamic,False,68.19081614721931,0.704678073522971,22,52.02392994100228,2.3647240882273763,False,True,False,False,trial_51
400,0.1,1.0,3,random_same,dynamic,False,91.66666666666666,1.0624306161526331,400,1160.8800894689994,2.9022002236724984,False,False,False,False,trial_51
400,0.1,1.0,3,random_same,dynamic,False,50.0,0.5949999999999999,400,913.5303522649992,2.2838258806624983,False,False,False,False,trial_51
400,0.1,1.0,3,random_same,dynamic,False,91.66666666666666,1.0448744049832024,400,1058.573883236997,2.646434708092493,False,False,False,False,trial_51
400,0.1,1.0,3,random_same,dynamic,True,100.0,1.1705219310979604,52,133.07609916399815,2.5591557531538105,False,False,False,False,trial_46
400,0.1,1.0,3,random_same,dynamic,False,66.66666666666667,0.7914124874666871,400,1335.9726140810017,3.339931535202504,False,False,False,False,trial_51
400,0.1,1.0,3,random_same,dynamic,False,66.66666666666667,0.7924760930823161,400,1315.6446563189966,3.2891116407974916,False,False,False,False,trial_51
400,0.1,1.0,3,random_same,dynamic,True,100.0,1.1873278424294238,48,108.67164622799464,2.2639926297498882,False,False,False,False,trial_46
400,0.1,1.0,3,random_same,dynamic,False,73.82034337437653,0.8340740980931688,400,1283.094369421,3.2077359235525,False,False,False,False,trial_51
400,0.1,1.0,3,random_same,dynamic,False,66.66666666666667,0.7927210543466043,400,1410.5047575439967,3.5262618938599917,False,False,False,False,trial_51
400,0.1,1.0,3,random_same,dynamic,False,75.0,0.8534914256563741,400,1254.5883293320003,3.1364708233300007,False,False,False,False,trial_51
400,0.1,1.0,3,random_same,dynamic,False,66.66666666666667,0.7927210543466043,400,1396.4191750419996,3.491047937604999,False,False,False,False,trial_51
400,0.1,1.0,3,random_same,dynamic,False,66.66666666666667,0.7927210543466043,400,1397.196165827998,3.4929904145699946,False,False,False,False,trial_51
400,0.1,1.0,3,random_same,dynamic,False,66.66666666666667,0.7933311090447329,400,1374.6734473229953,3.4366836183074883,False,False,False,False,trial_51
400,0.1,1.0,3,random_same,dynamic,True,100.0,1.1253695411278348,49,111.3543341629993,2.2725374318979448,False,False,False,False,trial_46
400,0.1,1.0,3,random_same,dynamic,False,66.66666666666667,0.7892833290154727,400,1387.115885056999,3.4677897126424977,False,False,False,False,trial_51
400,0.1,1.0,3,random_same,dynamic,False,66.66666666666667,0.7933333333333332,400,1401.907246669005,3.5047681166725124,False,False,False,False,trial_51
400,0.1,1.0,3,random_same,dynamic,False,66.66666666666667,0.7933333333333333,400,1399.9095162939993,3.499773790734998,False,False,False,False,trial_51
400,0.1,1.0,3,random_same,dynamic,False,73.82034337437653,0.8340740980931688,400,1320.7552721729953,3.3018881804324884,False,False,False,False,trial_51
400,0.1,1.0,3,random_same,dynamic,False,91.66666666666666,1.0599556055801864,400,1062.595514320994,2.656488785802485,False,False,False,False,trial_51
400,0.1,1.0,3,random_same,dynamic,False,75.0,0.8553363000174699,400,1349.1120821279983,3.372780205319996,False,False,False,False,trial_51
400,0.1,1.0,3,random_same,dynamic,False,66.66666666666667,0.7930177238310759,400,1475.3127260469992,3.688281815117498,False,False,False,False,trial_51
400,0.1,1.0,3,random_same,dynamic,False,66.66666666666667,0.7933333333333333,400,1418.5618496850002,3.5464046242125007,False,False,False,False,trial_51
400,0.1,1.0,3,random_same,dynamic,True,100.0,1.1641391015481624,81,213.50414341600117,2.6358536224197677,False,False,False,False,trial_46
400,0.1,1.0,3,random_same,dynamic,False,66.66666666666667,0.7933333333333333,400,1377.144002205001,3.4428600055125025,False,False,False,False,trial_51
400,0.1,1.0,3,random_same,dynamic,True,100.0,1.165441054239368,43,104.79844020599558,2.437173028046409,False,False,False,False,trial_46
400,0.1,1.0,3,random_same,dynamic,False,66.66666666666667,0.7926902146097883,400,1485.986404383002,3.714966010957505,False,False,False,False,trial_51
400,0.1,1.0,3,random_same,dynamic,False,73.34085037906976,0.8320303189442324,400,1337.997559727999,3.3449938993199977,False,False,False,False,trial_51
400,0.1,1.0,3,random_same,dynamic,False,66.66666666666667,0.7933333333333333,400,1409.7937823160028,3.524484455790007,False,False,False,False,trial_51
400,0.1,1.0,3,random_same,dynamic,False,75.0,0.8776275473170437,400,1360.2457358399988,3.400614339599997,False,False,False,False,trial_51
400,0.1,1.0,3,random_same,dynamic,True,100.0,1.1697262742533268,85,227.73195347800356,2.679199452682395,False,False,False,False,trial_46
400,0.1,1.0,3,random_same,dynamic,False,91.66666666666666,1.0599556055801864,400,1106.739022793001,2.766847556982502,False,False,False,False,trial_51
400,0.1,1.0,3,random_same,dynamic,True,100.0,1.1697262742533268,85,223.10269677299948,2.6247376090941117,False,False,False,False,trial_46
400,0.1,1.0,3,random_same,dynamic,False,75.0,0.8776275473170437,400,1317.9370916100015,3.294842729025004,False,False,False,False,trial_51
400,0.1,1.0,3,random_same,dynamic,True,100.0,1.1529295698775177,59,141.43639290099964,2.3972269983220276,False,False,False,False,trial_46
400,0.1,1.0,3,random_same,dynamic,True,100.0,1.1535497302496323,48,108.71984223400068,2.2649967132083475,False,False,False,False,trial_46
400,0.1,1.0,3,random_same,dynamic,False,83.33333333333334,0.9858007468659319,400,780.5253456099963,1.9513133640249907,False,False,False,False,trial_46
400,0.1,1.0,3,random_same,dynamic,False,83.33333333333334,0.9718421896146834,400,684.9450615569949,1.7123626538924872,False,False,False,False,trial_46
400,0.1,1.0,3,random_same,dynamic,True,100.0,1.1452891216423267,49,119.78407186899858,2.444572895285685,False,False,False,False,trial_46
400,0.1,1.0,3,random_same,dynamic,True,100.0,1.1596054602563062,50,122.37454621100187,2.4474909242200376,False,False,False,False,trial_46
400,0.1,1.0,3,random_same,dynamic,True,100.0,1.1728377896374809,52,127.81835700199736,2.4580453269614875,False,False,False,False,trial_46
400,0.1,1.0,3,random_same,dynamic,False,83.33333333333334,0.9718421896146834,400,712.3609081530012,1.780902270382503,False,False,False,False,trial_46
400,0.1,1.0,3,random_same,dynamic,True,100.0,1.1615060656691725,69,157.05770355199638,2.276198602202846,False,False,False,False,trial_46
400,0.1,1.0,3,random_same,dynamic,False,83.33333333333334,0.9843998075496618,400,773.7488441220048,1.934372110305012,False,False,False,False,trial_46
400,0.1,1.0,3,random_same,dynamic,False,83.33333333333334,0.9781785758899184,400,816.1813792539979,2.0404534481349947,False,False,False,False,trial_46
400,0.1,1.0,3,random_same,dynamic,False,66.66666666666667,0.7929916876511411,400,1450.367835226003,3.625919588065008,False,False,False,False,trial_51
400,0.1,1.0,3,random_same,dynamic,True,100.0,1.1731190187004499,71,156.29761773599603,2.201374897690085,False,False,False,False,trial_46
400,0.1,1.0,3,random_same,dynamic,False,73.28515973922303,0.835561559682342,400,1472.3808878389973,3.680952219597493,False,False,False,False,trial_51
400,0.1,1.0,3,random_same,dynamic,True,100.0,1.1529295698775177,59,139.24684700899525,2.3601160509999195,False,False,False,False,trial_46
400,0.1,1.0,3,random_same,dynamic,False,83.33333333333334,0.9718421896146834,400,717.0922072359972,1.792730518089993,False,False,False,False,trial_46
400,0.1,1.0,3,random_same,dynamic,False,83.33333333333334,0.9892751475761682,400,846.6829094760033,2.1167072736900083,False,False,False,False,trial_46
400,0.1,1.0,3,random_same,dynamic,False,83.33333333333334,0.9781785758899184,400,831.4896607549963,2.078724151887491,False,False,False,False,trial_46
400,0.1,1.0,3,random_same,dynamic,False,83.33333333333334,0.9781785758899184,400,840.7905744590025,2.101976436147506,False,False,False,False,trial_46
400,0.1,1.0,3,random_same,dynamic,True,100.0,1.1819912346929455,50,121.20395224200183,2.4240790448400364,False,False,False,False,trial_46
400,0.1,1.0,3,random_same,dynamic,False,83.33333333333334,0.9781785758899184,400,814.199935163997,2.0354998379099927,False,False,False,False,trial_46
400,0.1,1.0,3,random_same,dynamic,False,66.66666666666667,0.7900332090249436,400,1393.224961742002,3.483062404355005,False,False,False,False,trial_51
400,0.1,1.0,3,random_same,dynamic,True,100.0,1.1604221508171106,70,158.2847385569985,2.261210550814264,False,False,False,False,trial_46
400,0.1,1.0,3,random_same,dynamic,True,100.0,1.1596054602563062,50,127.25912032399356,2.545182406479871,False,False,False,False,trial_46
50,0.1,1.0,6,random_same,dynamic,True,100.0,1.1899588716460598,69,49.557033313998545,0.718217874115921,False,False,False,False,trial_45
400,0.1,1.0,3,random_same,dynamic,True,100.0,1.169814315688023,54,143.77638441199815,2.662525637259225,False,False,False,False,trial_46
400,0.1,1.0,3,random_same,dynamic,True,100.0,1.1731190187004499,71,157.0047308800058,2.2113342377465606,False,False,False,False,trial_46
50,0.1,1.0,6,random_same,dynamic,True,100.0,1.1822787105721169,108,91.989185972001,0.8517517219629722,False,False,False,False,trial_45
50,0.1,1.0,6,random_same,dynamic,True,100.0,1.1822787105721169,108,84.80693472999701,0.7852493956481205,False,False,False,False,trial_45
400,0.1,1.0,3,random_same,dynamic,False,83.33333333333334,0.9916201592572963,400,859.5817514809969,2.1489543787024923,False,False,False,False,trial_46
50,0.1,1.0,6,random_same,dynamic,False,58.33333333333333,0.6618107441574853,143,110.29557229999773,0.7712977083915925,False,True,False,False,trial_45
50,0.1,1.0,6,random_same,dynamic,False,65.92766426873973,0.7299890294830242,52,39.47424828200019,0.7591201592692344,False,True,False,False,trial_45
400,0.1,1.0,3,random_same,dynamic,False,83.33333333333334,0.9892751475761682,400,822.4224877460001,2.0560562193650003,False,False,False,False,trial_46
50,0.1,1.0,6,random_same,dynamic,True,100.0,1.1743376143629618,101,73.51372908699705,0.727858703831654,False,False,False,False,trial_45
400,0.1,1.0,3,random_same,dynamic,True,100.0,1.1795132694991801,53,132.44683367999824,2.4989968618867593,False,False,False,False,trial_46
50,0.1,1.0,6,random_same,dynamic,False,89.98017785450213,0.9484364749726275,82,67.05599767600506,0.8177560692195739,False,True,False,False,trial_45
400,0.1,1.0,3,random_same,dynamic,False,83.33333333333334,0.9869894491198249,400,836.0467214289965,2.0901168035724913,False,False,False,False,trial_46
50,0.1,1.0,6,random_same,dynamic,True,100.0,1.1319295701413588,166,133.9451429769979,0.8068984516686619,False,False,False,False,trial_45
50,0.1,1.0,6,random_same,dynamic,False,64.77778475113949,0.7355749156695363,82,70.50702391900268,0.8598417551097888,False,True,False,False,trial_45
50,0.1,1.0,6,random_same,dynamic,True,100.0,1.1899588716460598,69,39.9003249679954,0.5782655792463102,False,False,False,False,trial_45
50,0.1,1.0,6,random_same,dynamic,True,100.0,1.1899588716460598,69,53.9946726470007,0.7825314876376913,False,False,False,False,trial_45
50,0.1,1.0,6,random_same,dynamic,False,58.33333333333333,0.65980311633469,49,41.98029565300385,0.8567407276123234,False,True,False,False,trial_45
400,0.1,1.0,3,random_same,dynamic,False,83.33333333333334,0.9789290762301951,400,808.0514255029993,2.020128563757498,False,False,False,False,trial_46
400,0.1,1.0,3,random_same,dynamic,False,66.66666666666667,0.792459699334571,400,1396.1498145850055,3.4903745364625136,False,False,False,False,trial_51
50,0.1,1.0,6,random_same,dynamic,False,89.98017785450213,0.9484364749726275,82,63.862512935003906,0.7788111333537062,False,True,False,False,trial_45
50,0.1,1.0,6,random_same,dynamic,True,100.0,1.1743376143629618,101,76.82660522600054,0.7606594576831737,False,False,False,False,trial_45
50,0.1,1.0,6,random_same,dynamic,False,73.43152748499351,0.829197557450688,109,85.55382834099873,0.7848975077155848,False,True,False,False,trial_45
50,0.1,1.0,6,random_same,dynamic,False,64.85672797120539,0.7333321826076562,72,56.21210507000069,0.7807236815277874,False,True,False,False,trial_45
50,0.1,1.0,6,random_same,dynamic,False,79.75485350737988,0.8859611266460953,71,56.667935368001054,0.7981399347605782,False,True,False,False,trial_45
50,0.1,1.0,6,random_same,dynamic,True,100.0,1.1880394890144936,81,57.37051496099593,0.7082779624814313,False,False,False,False,trial_45
50,0.1,1.0,6,random_same,dynamic,False,65.92766426873973,0.7299890294830242,52,41.51194788800058,0.7983066901538572,False,True,False,False,trial_45
50,0.1,1.0,6,random_same,dynamic,False,65.92766426873973,0.7299890294830242,52,38.639441758998146,0.7430661876730412,False,True,False,False,trial_45
50,0.1,1.0,6,random_same,dynamic,True,100.0,1.189371404586342,82,62.15671334700164,0.7580086993536785,False,False,False,False,trial_45
400,0.1,1.0,3,random_same,dynamic,False,83.33333333333334,0.9852008029849745,400,747.2497151429998,1.8681242878574995,False,False,False,False,trial_46
50,0.1,1.0,6,random_same,dynamic,True,100.0,1.1897845088480539,127,97.22980473600182,0.7655890136693057,False,False,False,False,trial_45
400,0.1,1.0,3,random_same,dynamic,False,83.33333333333334,0.9881571637068787,400,799.0482560169985,1.9976206400424963,False,False,False,False,trial_46
50,0.1,1.0,6,random_same,dynamic,False,65.92766426873973,0.7299890294830242,52,37.9837370469977,0.7304564816730328,False,True,False,False,trial_45
50,0.1,1.0,6,random_same,dynamic,False,64.77778475113949,0.7355749156695363,82,56.65357238199795,0.6908972241707066,False,True,False,False,trial_45
50,0.1,1.0,6,random_same,dynamic,False,64.85672797120539,0.7333321826076562,72,55.37727252399782,0.7691287850555253,False,True,False,False,trial_45
50,0.1,1.0,6,random_same,dynamic,True,100.0,1.1572171097074047,174,122.11376251899492,0.7018032328677869,False,False,False,False,trial_45
50,0.1,1.0,6,random_same,dynamic,True,100.0,1.187945351766663,92,75.97243872899708,0.8257873774890987,False,False,False,False,trial_45
50,0.1,1.0,6,random_same,dynamic,True,100.0,1.1876009467273632,86,63.48191565799789,0.7381618099767197,False,False,False,False,trial_45
50,0.1,1.0,6,random_same,dynamic,True,100.0,1.188254008677784,71,50.27282538500003,0.7080679631690145,False,False,False,False,trial_45
50,0.1,1.0,6,random_same,dynamic,True,100.0,1.188844222753142,85,65.25091611000244,0.7676578365882639,False,False,False,False,trial_45
50,0.1,1.0,6,random_same,dynamic,True,100.0,1.1849043883409311,81,56.44266398900072,0.6968230122098854,False,False,False,False,trial_45
50,0.1,1.0,6,random_same,dynamic,True,100.0,1.1849043883409311,81,53.9328829110018,0.6658380606296518,False,False,False,False,trial_45
50,0.1,1.0,6,random_same,dynamic,True,100.0,1.1876009467273632,86,62.66693699400639,0.7286853138837952,False,False,False,False,trial_45
50,0.1,1.0,6,random_same,dynamic,True,100.0,1.1876410129133455,81,63.998960267002985,0.7901106205802838,False,False,False,False,trial_45
50,0.1,1.0,6,random_same,dynamic,True,100.0,1.1898866097157839,91,61.186449755994545,0.6723785687471928,False,False,False,False,trial_45
50,0.1,1.0,6,random_same,dynamic,False,80.70550151369227,0.85824376528956,16,14.205779591000464,0.887861224437529,False,True,False,False,trial_60
400,0.1,1.0,3,random_same,dynamic,False,91.66666666666666,1.0543392073849653,400,1045.6390438029994,2.6140976095074984,False,False,False,False,trial_46
400,0.1,1.0,3,random_same,dynamic,False,83.33333333333334,0.9892751475761682,400,835.9311249099992,2.089827812274998,False,False,False,False,trial_46
50,0.1,1.0,6,random_same,dynamic,False,66.66666666666667,0.7477319230162832,63,49.89691171400045,0.7920144716508009,False,True,False,False,trial_45
50,0.1,1.0,6,random_same,dynamic,True,100.0,1.1863437616557375,109,84.48831820100168,0.7751221853302906,False,False,False,False,trial_45
50,0.1,1.0,6,random_same,dynamic,True,100.0,1.1782598014463375,137,109.48386470100377,0.7991522970876187,False,False,False,False,trial_45
50,0.1,1.0,6,random_same,dynamic,False,65.0270415404179,0.7183182454170579,67,51.87870021999697,0.7743089585074175,False,True,False,False,trial_45
50,0.1,1.0,6,random_same,dynamic,True,100.0,1.1732589758651841,134,101.43034633899515,0.7569428831268294,False,False,False,False,trial_45
50,0.1,1.0,6,random_same,dynamic,True,100.0,1.1782598014463375,137,106.96363216800091,0.7807564391824884,False,False,False,False,trial_45
50,0.1,1.0,6,random_same,dynamic,True,100.0,1.1782598014463375,137,112.2431442119996,0.8192930234452526,False,False,False,False,trial_45
50,0.1,1.0,6,random_same,dynamic,True,100.0,1.1657896386395756,158,110.13449300199864,0.6970537531772065,False,False,False,False,trial_45
50,0.1,1.0,6,random_same,dynamic,False,79.49926628255214,0.8848205442245187,68,50.60567554199952,0.7442011109117576,False,True,False,False,trial_45
50,0.1,1.0,6,random_same,dynamic,True,100.0,1.1433590856864637,196,140.8466684379964,0.7186054512142674,False,False,False,False,trial_45
50,0.1,1.0,6,random_same,dynamic,True,100.0,1.187795957066038,81,53.58310139799869,0.6615197703456628,False,False,False,False,trial_45
400,0.1,1.0,3,random_same,dynamic,False,83.33333333333334,0.9829351134111745,400,647.9388252380013,1.6198470630950033,False,False,False,False,trial_46
50,0.1,1.0,6,random_same,dynamic,True,100.0,1.1898656221383346,111,80.58969407500263,0.7260332799549786,False,False,False,False,trial_45
50,0.1,1.0,6,random_same,dynamic,True,100.0,1.1703938695480427,65,53.23867091500142,0.8190564756154065,False,False,False,False,trial_60
50,0.1,1.0,6,random_same,dynamic,False,81.25267753510282,0.8812810207838836,23,21.78686273600033,0.9472549015652317,False,True,False,False,trial_60
50,0.1,1.0,6,random_same,dynamic,False,81.25267753510282,0.8812810207838836,23,19.54838938300236,0.8499299731740156,False,True,False,False,trial_60
50,0.1,1.0,6,random_same,dynamic,True,100.0,1.1898656221383346,111,83.47372883399657,0.7520155750810502,False,False,False,False,trial_45
50,0.1,1.0,6,random_same,dynamic,True,100.0,1.1361531113324144,88,67.69050293799955,0.7692102606590858,False,False,False,False,trial_60
50,0.1,1.0,6,random_same,dynamic,True,100.0,1.1752773920684014,142,68.01476173600531,0.4789771953239811,False,False,False,False,trial_60
50,0.1,1.0,6,random_same,dynamic,False,81.16438374832458,0.8460935410928669,21,19.965733787001227,0.9507492279524394,False,True,False,False,trial_60
400,0.1,1.0,3,random_same,dynamic,False,83.33333333333334,0.9852008029849745,400,766.5274800420011,1.9163187001050028,False,False,False,False,trial_46
50,0.1,1.0,6,random_same,dynamic,True,100.0,1.1140726905319251,109,86.62620643500122,0.7947358388532222,False,False,False,False,trial_60
50,0.1,1.0,6,random_same,dynamic,True,100.0,1.1345024974317082,132,107.12260081100248,0.8115348546288067,False,False,False,False,trial_60
50,0.1,1.0,6,random_same,dynamic,True,100.0,1.1398025833930792,86,59.09527047799929,0.6871543078837127,False,False,False,False,trial_60
50,0.1,1.0,6,random_same,dynamic,True,100.0,1.1768717282905008,146,104.72451585799718,0.7172912045068299,False,False,False,False,trial_60
50,0.1,1.0,6,random_same,dynamic,True,100.0,1.1482674265589643,123,99.92078932599543,0.8123641408617515,False,False,False,False,trial_60
50,0.1,1.0,6,random_same,dynamic,True,100.0,1.1664714913864052,298,229.45389055499982,0.7699794985067108,False,False,False,False,trial_45
50,0.1,1.0,6,random_same,dynamic,True,100.0,1.1345024974317082,132,109.97529235000547,0.8331461541667081,False,False,False,False,trial_60
50,0.1,1.0,6,random_same,dynamic,True,100.0,1.1250669947929042,160,98.68590046800091,0.6167868779250056,False,False,False,False,trial_60
50,0.1,1.0,6,random_same,dynamic,True,100.0,1.1482674265589643,123,102.98703160200239,0.8372929398536779,False,False,False,False,trial_60
50,0.1,1.0,6,random_same,dynamic,True,100.0,1.1498987880429359,126,88.60728153400123,0.7032323931269939,False,False,False,False,trial_60
50,0.1,1.0,6,random_same,dynamic,True,100.0,1.1797352559234027,109,93.79252332000033,0.8604818653211039,False,False,False,False,trial_60
50,0.1,1.0,6,random_same,dynamic,True,100.0,1.1772671976416909,119,100.51076730200293,0.8446282966554868,False,False,False,False,trial_60
50,0.1,1.0,6,random_same,dynamic,True,100.0,1.1664714913864052,298,241.8505887499996,0.8115791568791932,False,False,False,False,trial_45
50,0.1,1.0,6,random_same,dynamic,False,80.13683079765978,0.8628764671084242,18,16.96455768400483,0.9424754268891573,False,True,False,False,trial_60
50,0.1,1.0,6,random_same,dynamic,False,78.16675404494072,0.8159341721025075,13,12.530885282001691,0.9639142524616685,False,True,False,False,trial_60
50,0.1,1.0,6,random_same,dynamic,True,100.0,1.1140726905319251,109,79.86887554900022,0.7327419775137635,False,False,False,False,trial_60
50,0.1,1.0,6,random_same,dynamic,True,100.0,1.169337521931224,107,75.47478913500527,0.7053718610748155,False,False,False,False,trial_60
50,0.1,1.0,6,random_same,dynamic,True,100.0,1.1285488381311353,184,119.64083379099611,0.6502219227771527,False,False,False,False,trial_60
50,0.1,1.0,6,random_same,dynamic,False,65.79004070901107,0.7425783438329205,19,16.691106894002587,0.8784793102106625,False,True,False,False,trial_60
400,0.1,1.0,3,random_same,dynamic,False,91.66666666666666,1.0774061470343905,400,1217.1223926909952,3.042805981727488,False,False,False,False,trial_46
50,0.1,1.0,6,random_same,dynamic,True,100.0,1.1768717282905008,146,99.67549169099948,0.6827088471986266,False,False,False,False,trial_60
50,0.1,1.0,6,random_same,dynamic,True,100.0,1.116669642519357,85,56.69134170700272,0.6669569612588555,False,False,False,False,trial_60
50,0.1,1.0,6,random_same,dynamic,True,100.0,1.1247745908088103,169,119.24448201499763,0.7055886509763173,False,False,False,False,trial_60
50,0.1,1.0,6,random_same,dynamic,True,100.0,1.1768717282905008,146,96.60407825199945,0.6616717688493113,False,False,False,False,trial_60
50,0.1,1.0,6,random_same,dynamic,True,100.0,1.1250669947929042,160,100.45953948100214,0.6278721217562634,False,False,False,False,trial_60
50,0.1,1.0,6,random_same,dynamic,True,100.0,1.175774526736693,64,53.9980688229989,0.8437198253593579,False,False,False,False,trial_60
50,0.1,1.0,6,random_same,dynamic,False,75.0,0.8629708952363095,36,39.62355178099824,1.10065421613884,False,True,False,False,trial_60
50,0.1,1.0,6,random_same,dynamic,True,100.0,1.1461289691153058,79,65.29480713000521,0.826516545949433,False,False,False,False,trial_60
50,0.1,1.0,6,random_same,dynamic,True,100.0,1.116669642519357,85,65.47809062099986,0.770330477894116,False,False,False,False,trial_60
50,0.1,1.0,6,random_same,dynamic,True,100.0,1.116669642519357,85,64.10328372699587,0.7541562791411278,False,False,False,False,trial_60
50,0.1,1.0,6,random_same,dynamic,True,100.0,1.1398649698097019,104,67.97193470099592,0.6535762952018838,False,False,False,False,trial_60
50,0.1,1.0,6,random_same,dynamic,True,100.0,1.1212798525183165,130,93.72845210100058,0.7209880930846199,False,False,False,False,trial_60
50,0.1,1.0,6,random_same,dynamic,True,100.0,1.1835375144336797,116,88.40686950399686,0.7621281853792833,False,False,False,False,trial_60
50,0.1,1.0,6,random_same,dynamic,True,100.0,1.1398649698097019,104,68.11608468300255,0.6549623527211784,False,False,False,False,trial_60
50,0.1,1.0,6,random_same,dynamic,True,100.0,1.1596159282346827,141,101.25141490399983,0.7180951411631193,False,False,False,False,trial_60
50,0.1,1.0,6,random_same,dynamic,True,100.0,1.1498987880429359,126,82.82622617200104,0.6573510013650876,False,False,False,False,trial_60
400,0.1,1.0,3,random_same,dynamic,False,91.66666666666666,1.063102475969007,400,1198.6427706510003,2.996606926627501,False,False,False,False,trial_46
50,0.1,1.0,6,random_same,dynamic,True,100.0,1.1247745908088103,169,124.30575010400207,0.7355369828639176,False,False,False,False,trial_60
50,0.1,1.0,6,random_same,dynamic,True,100.0,1.1247745908088103,169,112.54646420900099,0.6659554095207159,False,False,False,False,trial_60
400,0.1,1.0,3,random_same,dynamic,False,83.33333333333334,0.9829351134111745,400,667.8354431349944,1.669588607837486,False,False,False,False,trial_46
50,0.1,1.0,6,random_same,dynamic,False,66.88962033622421,0.6943825576143222,28,18.369216051003605,0.6560434303929858,False,True,False,False,trial_51
50,0.1,1.0,6,random_same,dynamic,True,100.0,1.1380993788199611,117,79.52590954700281,0.6797086286068617,False,False,False,False,trial_60
50,0.1,1.0,6,random_same,dynamic,True,100.0,1.1398649698097019,104,65.06149000900041,0.6255912500865424,False,False,False,False,trial_60
50,0.1,1.0,6,random_same,dynamic,False,69.38616523198206,0.7430330678636129,32,22.732783304993063,0.7103994782810332,False,True,False,False,trial_51
50,0.1,1.0,6,random_same,dynamic,True,100.0,1.1470999679912797,158,111.06278512800054,0.7029290197974718,False,False,False,False,trial_60
50,0.1,1.0,6,random_same,dynamic,True,100.0,1.186482944801477,96,67.20586471199931,0.7000610907499928,False,False,False,False,trial_51
50,0.1,1.0,6,random_same,dynamic,False,66.88962033622421,0.6943825576143222,28,22.068082250996667,0.7881457946784524,False,True,False,False,trial_51
50,0.1,1.0,6,random_same,dynamic,True,100.0,1.1648160021791023,100,81.42066615899967,0.8142066615899967,False,False,False,False,trial_60
50,0.1,1.0,6,random_same,dynamic,False,66.66666666666667,0.7389296511293851,50,40.45236160499917,0.8090472320999834,False,True,False,False,trial_51
50,0.1,1.0,6,random_same,dynamic,True,100.0,1.186482944801477,96,60.82259191000048,0.6335686657291717,False,False,False,False,trial_51
400,0.1,1.0,3,random_same,dynamic,False,91.66666666666666,1.044725558043024,400,1043.4722263599979,2.6086805658999945,False,False,False,False,trial_46
50,0.1,1.0,6,random_same,dynamic,True,100.0,1.1400352639473894,177,150.2505918780007,0.8488734004406819,False,False,False,False,trial_60
50,0.1,1.0,6,random_same,dynamic,True,100.0,1.1810962697448846,110,81.77548601599847,0.7434135092363497,False,False,False,False,trial_51
50,0.1,1.0,6,random_same,dynamic,True,100.0,1.1596159282346827,141,98.94332118499733,0.7017256821631016,False,False,False,False,trial_60
400,0.1,1.0,3,random_same,dynamic,False,83.33333333333334,0.9829351134111745,400,655.4110097010052,1.638527524252513,False,False,False,False,trial_46
50,0.1,1.0,6,random_same,dynamic,False,66.88962033622421,0.6943825576143222,28,20.414743699999235,0.7290979892856869,False,True,False,False,trial_51
50,0.1,1.0,6,random_same,dynamic,False,66.88962033622421,0.6943825576143222,28,18.421919761996833,0.6579257057856012,False,True,False,False,trial_51
50,0.1,1.0,6,random_same,dynamic,True,100.0,1.1755369945904452,100,74.12413996300165,0.7412413996300166,False,False,False,False,trial_51
50,0.1,1.0,6,random_same,dynamic,True,100.0,1.1841824337112377,127,79.04351416099962,0.6223898752834616,False,False,False,False,trial_51
50,0.1,1.0,6,random_same,dynamic,True,100.0,1.1247745908088103,169,122.16055850499833,0.7228435414496943,False,False,False,False,trial_60
50,0.1,1.0,6,random_same,dynamic,True,100.0,1.186482944801477,96,65.02430616099446,0.6773365225103589,False,False,False,False,trial_51
50,0.1,1.0,6,random_same,dynamic,True,100.0,1.169779027428532,132,114.06387238499883,0.8641202453409003,False,False,False,False,trial_60
50,0.1,1.0,6,random_same,dynamic,True,100.0,1.1810962697448846,110,83.11142023800494,0.7555583658000449,False,False,False,False,trial_51
50,0.1,1.0,6,random_same,dynamic,False,60.4335615868578,0.6476053962763693,24,16.370658223000646,0.6821107592916936,False,True,False,False,trial_51
50,0.1,1.0,6,random_same,dynamic,False,60.4335615868578,0.6476053962763693,24,18.02542201399774,0.7510592505832392,False,True,False,False,trial_51
400,0.1,1.0,3,random_same,dynamic,False,75.0,0.889591423721584,400,894.1726044919997,2.235431511229999,False,False,False,False,trial_46
50,0.1,1.0,6,random_same,dynamic,True,100.0,1.150069476638455,93,66.19375804300216,0.7117608391720662,False,True,False,False,trial_51
400,0.1,1.0,3,random_same,dynamic,False,91.66666666666666,1.0706765489174441,400,1181.1669418249949,2.952917354562487,False,False,False,False,trial_46
50,0.1,1.0,6,random_same,dynamic,True,100.0,1.1888345056956022,134,106.76175393699668,0.7967295069925125,False,False,False,False,trial_51
50,0.1,1.0,6,random_same,dynamic,True,100.0,1.1809907376714155,109,79.68043701200077,0.7310131835963373,False,False,False,False,trial_51
50,0.1,1.0,6,random_same,dynamic,False,50.0,0.5711060254174639,31,19.635472349997144,0.6334023338708756,False,True,False,False,trial_51
50,0.1,1.0,6,random_same,dynamic,True,100.0,1.1648316367761904,96,65.97661187899939,0.687256373739577,False,False,False,False,trial_51
50,0.1,1.0,6,random_same,dynamic,True,100.0,1.1734522875276883,75,49.97016964299837,0.6662689285733117,False,False,False,False,trial_51
50,0.1,1.0,6,random_same,dynamic,False,50.0,0.5711060254174639,31,17.81833762700262,0.5747850847420201,False,True,False,False,trial_51
50,0.1,1.0,6,random_same,dynamic,True,100.0,1.1804216715985034,125,107.60893319399474,0.8608714655519579,False,False,False,False,trial_51
50,0.1,1.0,6,random_same,dynamic,True,100.0,1.1672188942614121,116,94.41540754099697,0.8139259270775601,False,False,False,False,trial_51
50,0.1,1.0,6,random_same,dynamic,True,100.0,1.1682433131226577,144,113.84609590999753,0.7905978882638718,False,False,False,False,trial_51
50,0.1,1.0,6,random_same,dynamic,True,100.0,1.1804216715985034,125,105.46471195200138,0.8437176956160111,False,False,False,False,trial_51
50,0.1,1.0,6,random_same,dynamic,True,100.0,1.1672188942614121,116,98.81434336800157,0.851847787655186,False,False,False,False,trial_51
50,0.1,1.0,6,random_same,dynamic,True,100.0,1.1816434980909116,85,63.25061260799703,0.7441248542117297,False,False,False,False,trial_51
50,0.1,1.0,6,random_same,dynamic,True,100.0,1.1816434980909116,85,66.58545059400058,0.7833582422823597,False,False,False,False,trial_51
50,0.1,1.0,6,random_same,dynamic,True,100.0,1.1804216715985034,125,108.2057545409989,0.8656460363279912,False,False,False,False,trial_51
50,0.1,1.0,6,random_same,dynamic,True,100.0,1.1797602938992577,89,70.824304294998,0.7957786999437978,False,False,False,False,trial_51
50,0.1,1.0,6,random_same,dynamic,False,68.389553902834,0.7094887228463883,12,9.101394914003322,0.7584495761669435,False,True,False,False,trial_46
50,0.1,1.0,6,random_same,dynamic,True,100.0,1.1797602938992577,89,59.74354703800054,0.6712758094157364,False,False,False,False,trial_51
50,0.1,1.0,6,random_same,dynamic,False,69.46602735781775,0.7166860830003381,24,18.60687549699651,0.7752864790415211,False,True,False,False,trial_46
50,0.1,1.0,6,random_same,dynamic,True,100.0,1.1550848048924396,196,162.3853541530043,0.8284967048622668,False,False,False,False,trial_51
50,0.1,1.0,6,random_same,dynamic,False,71.45849516187526,0.7750366480101503,20,14.529873990999477,0.7264936995499738,False,True,False,False,trial_46
50,0.1,1.0,6,random_same,dynamic,False,68.23610161015996,0.683055870908213,15,9.68118446200242,0.645412297466828,False,True,False,False,trial_46
50,0.1,1.0,6,random_same,dynamic,False,61.96039448044199,0.6392136865239701,24,14.379526208998868,0.5991469253749528,False,True,False,False,trial_46
50,0.1,1.0,6,random_same,dynamic,True,100.0,1.1764311942577808,128,112.28783212499548,0.8772486884765271,False,False,False,False,trial_51
50,0.1,1.0,6,random_same,dynamic,True,100.0,1.1681510948924456,160,124.09296087199618,0.7755810054499761,False,False,False,False,trial_51
50,0.1,1.0,6,random_same,dynamic,True,100.0,1.1442070419819275,132,84.60974614099541,0.6409829253105713,False,False,False,False,trial_51
50,0.1,1.0,6,random_same,dynamic,True,100.0,1.178127483802776,114,80.05986161100009,0.7022794878157902,False,False,False,False,trial_51
50,0.1,1.0,6,random_same,dynamic,True,100.0,1.1742855261334286,145,125.05263599899627,0.8624319724068708,False,False,False,False,trial_51
50,0.1,1.0,6,random_same,dynamic,True,100.0,1.1873779912419662,135,107.32734802200139,0.7950173927555658,False,False,False,False,trial_51
50,0.1,1.0,6,random_same,dynamic,True,100.0,1.1742855261334286,145,122.3637686439979,0.8438880596137787,False,False,False,False,trial_51
50,0.1,1.0,6,random_same,dynamic,True,100.0,1.1488627195378966,69,59.40566650200344,0.8609516884348325,False,False,False,False,trial_46
50,0.1,1.0,6,random_same,dynamic,True,100.0,1.1634064230330634,124,92.72061560900329,0.7477469000726071,False,False,False,False,trial_51
50,0.1,1.0,6,random_same,dynamic,True,100.0,1.1764311942577808,128,106.27915946400026,0.830305933312502,False,False,False,False,trial_51
50,0.1,1.0,6,random_same,dynamic,False,71.61257105293643,0.7794612197464946,25,17.063275079999585,0.6825310031999834,False,True,False,False,trial_46
50,0.1,1.0,6,random_same,dynamic,True,100.0,1.1804216715985034,125,103.02046165499632,0.8241636932399706,False,False,False,False,trial_51
50,0.1,1.0,6,random_same,dynamic,False,64.86464364242298,0.6936138444540343,20,14.002617037003802,0.7001308518501901,False,True,False,False,trial_46
50,0.1,1.0,6,random_same,dynamic,False,68.23610161015996,0.683055870908213,15,10.389108023002336,0.6926072015334891,False,True,False,False,trial_46
50,0.1,1.0,6,random_same,dynamic,True,100.0,1.1799577586951955,64,52.94605023999611,0.8272820349999392,False,False,False,False,trial_46
50,0.1,1.0,6,random_same,dynamic,True,100.0,1.1681510948924456,160,131.42431622099684,0.8214019763812302,False,False,False,False,trial_51
50,0.1,1.0,6,random_same,dynamic,True,100.0,1.1488627195378966,69,57.081175633000385,0.8272634149710201,False,False,False,False,trial_46
50,0.1,1.0,6,random_same,dynamic,True,100.0,1.1442070419819275,132,89.04341183500219,0.6745713017803197,False,False,False,False,trial_51
50,0.1,1.0,6,random_same,dynamic,True,100.0,1.1396455583176035,129,101.59698979599489,0.7875735643100379,False,False,False,False,trial_51
50,0.1,1.0,6,random_same,dynamic,True,100.0,1.1584064408618628,59,48.02340019199619,0.8139559354575625,False,False,False,False,trial_46
50,0.1,1.0,6,random_same,dynamic,True,100.0,1.1649607693774524,124,94.45305021099921,0.7617181468628968,False,False,False,False,trial_51
50,0.1,1.0,6,random_same,dynamic,True,100.0,1.1757071594726884,123,109.59887170900038,0.8910477374715478,False,False,False,False,trial_51
50,0.1,1.0,6,random_same,dynamic,True,100.0,1.1544161430720563,91,74.11588948399731,0.8144603239999704,False,False,False,False,trial_46
50,0.1,1.0,6,random_same,dynamic,True,100.0,1.1442070419819275,132,99.83866894699895,0.7563535526287799,False,False,False,False,trial_51
50,0.1,1.0,6,random_same,dynamic,True,100.0,1.1527849351439459,61,44.939841753999644,0.7367187172786827,False,False,False,False,trial_46
50,0.1,1.0,6,random_same,dynamic,False,64.04310261691582,0.6659507365293695,17,14.19947559999855,0.83526327058815,False,True,False,False,trial_46
50,0.1,1.0,6,random_same,dynamic,False,55.10776758178042,0.6012638729354756,22,16.105258682000567,0.7320572128182076,False,True,False,False,trial_46
50,0.1,1.0,6,random_same,dynamic,True,100.0,1.1527849351439459,61,52.06243473300128,0.8534825366065784,False,False,False,False,trial_46
50,0.1,1.0,6,random_same,dynamic,False,55.10776758178042,0.6012638729354756,22,14.940513054003532,0.6791142297274333,False,True,False,False,trial_46
50,0.1,1.0,6,random_same,dynamic,False,75.0,0.8531451012306005,72,58.73200391800492,0.8157222766389572,False,True,False,False,trial_46
50,0.1,1.0,6,random_same,dynamic,False,71.36651628483482,0.724269365715101,14,12.421219158000895,0.8872299398572068,False,True,False,False,trial_46
50,0.1,1.0,6,random_same,dynamic,True,100.0,1.1316053228657084,185,117.28492563900363,0.6339725710216413,False,False,False,False,trial_51
50,0.1,1.0,6,random_same,dynamic,False,64.86464364242298,0.6936138444540343,20,14.15644631399482,0.707822315699741,False,True,False,False,trial_46
50,0.1,1.0,6,random_same,dynamic,True,100.0,1.1630159739292008,62,41.18961147099617,0.6643485721128415,False,False,False,False,trial_46
400,0.1,1.0,3,random_same,dynamic,False,91.66666666666666,1.0593661235401644,400,1151.5256752249988,2.8788141880624973,False,False,False,False,trial_46
50,0.1,1.0,6,random_same,dynamic,True,100.0,1.1806964331629441,97,83.26352178399975,0.8583868225154614,False,False,False,False,trial_46
50,0.1,1.0,6,random_same,dynamic,True,100.0,1.1675526332526076,75,52.2725355069997,0.6969671400933294,False,False,False,False,trial_46
50,0.1,1.0,6,random_same,dynamic,False,65.02532605527061,0.7101532774994032,24,17.211366388000897,0.717140266166704,False,True,False,False,trial_46
50,0.1,1.0,6,random_same,dynamic,False,68.81710802929658,0.723879458283633,17,8.95486064600118,0.5267565085883047,False,True,False,False,trial_46
50,0.1,1.0,6,random_same,dynamic,False,71.36651628483482,0.724269365715101,14,12.180503002004116,0.8700359287145797,False,True,False,False,trial_46
50,0.1,1.0,6,random_same,dynamic,True,100.0,1.1675526332526076,75,57.690902100999665,0.7692120280133289,False,False,False,False,trial_46
50,0.1,1.0,6,random_same,dynamic,True,100.0,1.1513815931003077,82,72.63075878399832,0.8857409607804673,False,False,False,False,trial_46
50,0.1,1.0,6,random_same,dynamic,True,100.0,1.1777993818883379,70,50.84691917499731,0.7263845596428187,False,False,False,False,trial_46
50,0.1,1.0,6,random_same,dynamic,True,100.0,1.161473298924176,56,50.77379133199429,0.9066748452141837,False,False,False,False,trial_46
50,0.1,1.0,6,random_same,dynamic,True,100.0,1.1662799438873828,155,112.66513314900658,0.7268718267677844,False,False,False,False,trial_46
50,0.1,1.0,6,random_same,dynamic,True,100.0,1.1544161430720563,91,68.52999786000146,0.7530768995604555,False,False,False,False,trial_46
50,0.1,1.0,6,random_same,dynamic,True,100.0,1.1513815931003077,82,75.5762711599964,0.9216618434145902,False,False,False,False,trial_46
50,0.1,1.0,6,random_same,dynamic,True,100.0,1.1513815931003077,82,74.73697540199646,0.9114265292926398,False,False,False,False,trial_46
50,0.1,1.0,6,random_same,dynamic,True,100.0,1.1724491416251765,134,103.03479089499888,0.7689163499626782,False,False,False,False,trial_46
50,0.1,1.0,6,random_same,dynamic,True,100.0,1.1672760406019733,76,61.62776026999927,0.8108915824999904,False,False,False,False,trial_46
50,0.1,1.0,6,random_same,dynamic,True,100.0,1.1440394244779841,75,62.033329170997604,0.8271110556133013,False,False,False,False,trial_46
50,0.1,1.0,6,random_same,dynamic,True,100.0,1.1685960117583667,59,47.47844412100676,0.8047193918814705,False,False,False,False,trial_46
50,0.1,1.0,6,random_same,dynamic,True,100.0,1.1267755866261608,154,151.3624482640007,0.9828730406753292,False,False,False,False,trial_46
50,0.1,1.0,6,random_same,dynamic,True,100.0,1.1417445495568939,96,78.3123274669997,0.8157534111145802,False,False,False,False,trial_46
50,0.1,1.0,6,random_same,dynamic,True,100.0,1.1606306726016733,84,70.44333035600721,0.8386110756667525,False,False,False,False,trial_46
50,0.1,1.0,6,random_same,dynamic,True,100.0,1.1513815931003077,82,73.60012363600254,0.8975624833658846,False,False,False,False,trial_46
50,0.1,1.0,6,random_same,dynamic,True,100.0,1.1327872411125988,129,115.26016804900428,0.8934896747984827,False,False,False,False,trial_46
50,0.1,1.0,6,random_same,dynamic,True,100.0,1.1786451346653295,123,94.38121838500228,0.767326978739856,False,False,False,False,trial_46
50,0.1,1.0,6,random_same,dynamic,True,100.0,1.172683121053524,94,92.17262544899859,0.9805598452021126,False,False,False,False,trial_46
50,0.1,1.0,6,random_same,dynamic,True,100.0,1.1459562800550034,118,109.71452025199687,0.9297840699321769,False,False,False,False,trial_46
100,0.1,1.0,6,random_same,dynamic,True,100.0,1.1880654384890341,57,81.46653557199897,1.4292374661754206,False,False,False,False,trial_45
100,0.1,1.0,6,random_same,dynamic,True,100.0,1.1880654384890341,57,74.50265246700292,1.3070640783684722,False,False,False,False,trial_45
100,0.1,1.0,6,random_same,dynamic,True,100.0,1.1892126187040124,57,76.71211693000078,1.345826612807031,False,False,False,False,trial_45
50,0.1,1.0,6,random_same,dynamic,True,100.0,1.1456735461481455,143,119.95643143600319,0.8388561638881342,False,False,False,False,trial_46
100,0.1,1.0,6,random_same,dynamic,True,100.0,1.1884021640903737,67,94.97952875999908,1.417604906865658,False,False,False,False,trial_45
100,0.1,1.0,6,random_same,dynamic,True,100.0,1.1896408454082854,71,91.67196953999519,1.2911545005633125,False,False,False,False,trial_45
100,0.1,1.0,6,random_same,dynamic,True,100.0,1.1884021640903737,67,95.52302777599834,1.4257168324775873,False,False,False,False,trial_45
100,0.1,1.0,6,random_same,dynamic,False,58.33333333333333,0.6760574626826564,52,79.47380123000039,1.5283423313461613,False,True,False,False,trial_45
50,0.1,1.0,6,random_same,dynamic,True,100.0,1.1456735461481455,143,135.6534305669993,0.9486253885804147,False,False,False,False,trial_46
100,0.1,1.0,6,random_same,dynamic,True,100.0,1.1856459208171748,71,92.64494674199523,1.3048584048168341,False,False,False,False,trial_45
100,0.1,1.0,6,random_same,dynamic,True,100.0,1.1893715196309924,84,126.93426980300137,1.5111222595595402,False,False,False,False,trial_45
100,0.1,1.0,6,random_same,dynamic,True,100.0,1.1889884469382035,66,81.57005591600318,1.2359099381212604,False,False,False,False,trial_45
100,0.1,1.0,6,random_same,dynamic,True,100.0,1.1556107603764045,104,140.89046307600074,1.3547159911153916,False,False,False,False,trial_45
100,0.1,1.0,6,random_same,dynamic,True,100.0,1.1811774167122284,98,130.0272256190001,1.3268084246836744,False,False,False,False,trial_45
50,0.1,1.0,6,random_same,dynamic,True,100.0,1.1419501188112056,258,233.84861843999533,0.9063899939534703,False,False,False,False,trial_46
400,0.1,1.0,3,random_same,dynamic,False,82.55709711748021,0.8962739053195888,400,1282.1092856329997,3.2052732140824993,False,False,False,False,trial_46
100,0.1,1.0,6,random_same,dynamic,True,100.0,1.13529230103461,109,154.39587632100302,1.4164759295504863,False,False,False,False,trial_45
100,0.1,1.0,6,random_same,dynamic,True,100.0,1.187623335818891,71,101.73913617300423,1.4329455799014679,False,False,False,False,trial_45
100,0.1,1.0,6,random_same,dynamic,True,100.0,1.1880654384890341,57,72.34917979100283,1.2692838559825057,False,False,False,False,trial_45
100,0.1,1.0,6,random_same,dynamic,True,100.0,1.181573444749756,106,158.0946284849997,1.49145875929245,False,False,False,False,trial_45
100,0.1,1.0,6,random_same,dynamic,True,100.0,1.1692553223579842,91,134.80380342499848,1.4813604771977855,False,False,False,False,trial_45
100,0.1,1.0,6,random_same,dynamic,True,100.0,1.1891909377829892,127,187.13259234999714,1.4734849791338358,False,False,False,False,trial_45
100,0.1,1.0,6,random_same,dynamic,False,65.9549240854337,0.7360281674796991,72,92.44104484200216,1.2839034005833634,False,True,False,False,trial_45
100,0.1,1.0,6,random_same,dynamic,True,100.0,1.1495301728682983,133,186.49354472699633,1.4022071032104988,False,False,False,False,trial_45
100,0.1,1.0,6,random_same,dynamic,True,100.0,1.161327290851442,106,154.93096481799876,1.4616128756414977,False,False,False,False,trial_45
100,0.1,1.0,6,random_same,dynamic,True,100.0,1.161327290851442,106,154.61739506799495,1.4586546704527825,False,False,False,False,trial_45
100,0.1,1.0,6,random_same,dynamic,True,100.0,1.1899091408664653,59,76.41228249100095,1.2951234320508636,False,False,False,False,trial_45
100,0.1,1.0,6,random_same,dynamic,True,100.0,1.1856459208171748,71,100.31036633600161,1.4128220610704452,False,False,False,False,trial_45
100,0.1,1.0,6,random_same,dynamic,True,100.0,1.1884711467530555,109,165.178293363002,1.5153971868165321,False,False,False,False,trial_45
100,0.1,1.0,6,random_same,dynamic,True,100.0,1.187623335818891,71,106.75148884699593,1.5035420964365624,False,False,False,False,trial_45
100,0.1,1.0,6,random_same,dynamic,True,100.0,1.161327290851442,106,157.3611486439986,1.4845391381509303,False,False,False,False,trial_45
100,0.1,1.0,6,random_same,dynamic,False,61.59865722504945,0.6719156026261981,15,25.22655481199763,1.681770320799842,False,True,False,False,trial_60
100,0.1,1.0,6,random_same,dynamic,True,100.0,1.1834920624428444,102,130.6278014559939,1.2806647201568029,False,False,False,False,trial_45
100,0.1,1.0,6,random_same,dynamic,True,100.0,1.1884711467530555,109,167.87459796099574,1.5401339262476674,False,False,False,False,trial_45
100,0.1,1.0,6,random_same,dynamic,True,100.0,1.1753065286528759,101,154.6612357030026,1.5312993633960654,False,False,False,False,trial_45
100,0.1,1.0,6,random_same,dynamic,True,100.0,1.188642314279771,98,146.57216739199794,1.495634361142836,False,False,False,False,trial_45
100,0.1,1.0,6,random_same,dynamic,True,100.0,1.1885471736392172,96,135.6212206900018,1.4127210488541853,False,False,False,False,trial_45
100,0.1,1.0,6,random_same,dynamic,True,100.0,1.13529230103461,109,146.94709281399992,1.3481384661834854,False,False,False,False,trial_45
100,0.1,1.0,6,random_same,dynamic,True,100.0,1.183769805335231,132,217.18632942200202,1.6453509804697122,False,False,False,False,trial_45
100,0.1,1.0,6,random_same,dynamic,True,100.0,1.1899091408664653,59,76.18034045500099,1.2911922111017116,False,False,False,False,trial_45
100,0.1,1.0,6,random_same,dynamic,True,100.0,1.1885471736392172,96,140.31150704500033,1.4615781983854201,False,False,False,False,trial_45
100,0.1,1.0,6,random_same,dynamic,False,81.55067223478608,0.8755271187050723,20,35.54090784699656,1.777045392349828,False,True,False,False,trial_60
100,0.1,1.0,6,random_same,dynamic,False,80.53634283051913,0.8781310810803831,20,33.86831457600056,1.6934157288000278,False,True,False,False,trial_60
100,0.1,1.0,6,random_same,dynamic,True,100.0,1.1898906462069319,117,149.2460044899999,1.2756068759829051,False,False,False,False,trial_45
100,0.1,1.0,6,random_same,dynamic,True,100.0,1.1872156693179954,69,89.20926892800344,1.2928879554783108,False,False,False,False,trial_45
100,0.1,1.0,6,random_same,dynamic,False,81.55067223478608,0.8755271187050723,20,35.34055935699871,1.7670279678499354,False,True,False,False,trial_60
100,0.1,1.0,6,random_same,dynamic,True,100.0,1.1753065286528759,101,150.363801462001,1.4887505095247624,False,False,False,False,trial_45
100,0.1,1.0,6,random_same,dynamic,True,100.0,1.1893986867434279,83,119.80768922500283,1.4434661352409979,False,False,False,False,trial_45
100,0.1,1.0,6,random_same,dynamic,True,100.0,1.1899397437657773,79,117.84176324900181,1.491667889227871,False,False,False,False,trial_45
100,0.1,1.0,6,random_same,dynamic,True,100.0,1.1888936044842588,84,112.79452746000607,1.3427919935715007,False,False,False,False,trial_45
100,0.1,1.0,6,random_same,dynamic,True,100.0,1.189445646309632,123,173.23082481399615,1.4083806895446842,False,False,False,False,trial_45
100,0.1,1.0,6,random_same,dynamic,False,80.53634283051913,0.8781310810803831,20,35.29408619899914,1.7647043099499569,False,True,False,False,trial_60
100,0.1,1.0,6,random_same,dynamic,True,100.0,1.1831265963989552,81,128.6201252480023,1.5879027808395345,False,False,False,False,trial_60
100,0.1,1.0,6,random_same,dynamic,True,100.0,1.179236836289599,125,175.4627403889972,1.4037019231119776,False,False,False,False,trial_45
100,0.1,1.0,6,random_same,dynamic,True,100.0,1.168192372409739,75,99.73877324099885,1.3298503098799848,False,False,False,False,trial_60
100,0.1,1.0,6,random_same,dynamic,True,100.0,1.176197325798372,86,110.53426993099856,1.2852822084999833,False,False,False,False,trial_60
100,0.1,1.0,6,random_same,dynamic,True,100.0,1.1705553938543853,81,96.60430520000227,1.1926457432099047,False,False,False,False,trial_60
100,0.1,1.0,6,random_same,dynamic,True,100.0,1.166945872491906,131,194.8618872149964,1.4874953222518807,False,False,False,False,trial_45
100,0.1,1.0,6,random_same,dynamic,True,100.0,1.0964461257762221,85,114.74321631200291,1.3499201919059167,False,False,False,False,trial_60
100,0.1,1.0,6,random_same,dynamic,True,100.0,1.166825166021909,66,95.53653480399953,1.4475232546060535,False,False,False,False,trial_60
100,0.1,1.0,6,random_same,dynamic,True,100.0,1.1580743416722763,101,139.1005595030001,1.3772332624059418,False,False,False,False,trial_60
100,0.1,1.0,6,random_same,dynamic,True,100.0,1.1432935859747684,105,133.27202011800546,1.269257334457195,False,False,False,False,trial_60
100,0.1,1.0,6,random_same,dynamic,True,100.0,1.1858610453019252,69,88.6644550380006,1.2849921020000086,False,False,False,False,trial_60
100,0.1,1.0,6,random_same,dynamic,True,100.0,1.179236836289599,125,176.9058877790012,1.4152471022320097,False,False,False,False,trial_45
100,0.1,1.0,6,random_same,dynamic,True,100.0,1.1705553938543853,81,92.12634886700107,1.1373623316913712,False,False,False,False,trial_60
100,0.1,1.0,6,random_same,dynamic,True,100.0,1.1434122117989969,71,106.35283430700656,1.4979272437606557,False,False,False,False,trial_60
100,0.1,1.0,6,random_same,dynamic,True,100.0,1.1384400824470657,156,209.67006237100577,1.344038861352601,False,False,False,False,trial_45
100,0.1,1.0,6,random_same,dynamic,True,100.0,1.1899183409908762,133,207.5541790999996,1.5605577375939819,False,False,False,False,trial_45
100,0.1,1.0,6,random_same,dynamic,True,100.0,1.1580743416722763,101,143.08623894600169,1.4166954351089276,False,False,False,False,trial_60
100,0.1,1.0,6,random_same,dynamic,True,100.0,1.1858610453019252,69,89.46994286999688,1.296665838695607,False,False,False,False,trial_60
100,0.1,1.0,6,random_same,dynamic,True,100.0,1.1371659745562728,75,110.59678282499954,1.4746237709999939,False,False,False,False,trial_60
100,0.1,1.0,6,random_same,dynamic,True,100.0,1.1371659745562728,75,99.75093604099675,1.3300124805466234,False,False,False,False,trial_60
100,0.1,1.0,6,random_same,dynamic,True,100.0,1.1434122117989969,71,109.94731917200261,1.5485537911549663,False,False,False,False,trial_60
100,0.1,1.0,6,random_same,dynamic,True,100.0,1.1534153981884532,93,125.96032499000285,1.3544120966666973,False,False,False,False,trial_60
100,0.1,1.0,6,random_same,dynamic,True,100.0,1.1701312471793692,170,200.83167486300226,1.181362793311778,False,False,False,False,trial_60
100,0.1,1.0,6,random_same,dynamic,True,100.0,1.13401952835039,129,196.22417745499843,1.5211176546899103,False,False,False,False,trial_60
100,0.1,1.0,6,random_same,dynamic,True,100.0,1.1785628139445568,172,212.30495349500416,1.2343311249709543,False,False,False,False,trial_60
100,0.1,1.0,6,random_same,dynamic,True,100.0,1.13401952835039,129,184.98404703300184,1.4339848607209444,False,False,False,False,trial_60
100,0.1,1.0,6,random_same,dynamic,True,100.0,1.1886758640648651,69,90.15698074900138,1.306622909405817,False,False,False,False,trial_60
100,0.1,1.0,6,random_same,dynamic,True,100.0,1.1593763428035146,106,150.1340961110036,1.4163593972736188,False,False,False,False,trial_60
100,0.1,1.0,6,random_same,dynamic,True,100.0,1.170624996817092,99,168.13772937499743,1.6983609027777518,False,False,False,False,trial_60
100,0.1,1.0,6,random_same,dynamic,True,100.0,1.1434122117989969,71,100.45838165500027,1.4149067838732432,False,False,False,False,trial_60
100,0.1,1.0,6,random_same,dynamic,True,100.0,1.1816555401180922,98,139.17845747599495,1.420188341591785,False,False,False,False,trial_60
100,0.1,1.0,6,random_same,dynamic,True,100.0,1.1371659745562728,75,119.27510662299755,1.5903347549733007,False,False,False,False,trial_60
100,0.1,1.0,6,random_same,dynamic,True,100.0,1.171085899100114,96,130.66706426799647,1.36111525279163,False,False,False,False,trial_60
100,0.1,1.0,6,random_same,dynamic,True,100.0,1.1534153981884532,93,129.21948300900112,1.3894568065483992,False,False,False,False,trial_60
100,0.1,1.0,6,random_same,dynamic,True,100.0,1.1089314645121582,74,94.09840668199467,1.2716000902972253,False,False,False,False,trial_60
100,0.1,1.0,6,random_same,dynamic,True,100.0,1.1427048364817407,106,132.8303089750043,1.253116122405701,False,False,False,False,trial_60
100,0.1,1.0,6,random_same,dynamic,True,100.0,1.1818926974623118,96,151.0175112220022,1.5730990752291898,False,False,False,False,trial_60
100,0.1,1.0,6,random_same,dynamic,False,91.66666666666666,1.051337200169585,97,163.6896968899964,1.6875226483504784,False,True,False,False,trial_60
100,0.1,1.0,6,random_same,dynamic,True,100.0,1.1427048364817407,106,139.83260990399867,1.319175565132063,False,False,False,False,trial_60
100,0.1,1.0,6,random_same,dynamic,True,100.0,1.1804757405369217,94,156.50156474800315,1.6649102632766293,False,False,False,False,trial_60
100,0.1,1.0,6,random_same,dynamic,True,100.0,1.13401952835039,129,218.06218518999958,1.6904045363565858,False,False,False,False,trial_60
100,0.1,1.0,6,random_same,dynamic,True,100.0,1.1356788886937343,111,153.2751811279959,1.3808574876396027,False,False,False,False,trial_60
100,0.1,1.0,6,random_same,dynamic,True,100.0,1.1427048364817407,106,124.18775401399762,1.1715825850377133,False,False,False,False,trial_60
100,0.1,1.0,6,random_same,dynamic,True,100.0,1.1864962430555668,78,109.38857944399933,1.4024176851794787,False,False,False,False,trial_51
100,0.1,1.0,6,random_same,dynamic,True,100.0,1.120863513760744,86,112.64742783099791,1.3098538119883478,False,False,False,False,trial_60
100,0.1,1.0,6,random_same,dynamic,True,100.0,1.13401952835039,129,197.9078025159979,1.5341690117519218,False,False,False,False,trial_60
100,0.1,1.0,6,random_same,dynamic,True,100.0,1.1864962430555668,78,104.2971139999936,1.337142487179405,False,False,False,False,trial_51
100,0.1,1.0,6,random_same,dynamic,True,100.0,1.1891041632250725,76,117.50404289600556,1.5461058275790205,False,False,False,False,trial_51
100,0.1,1.0,6,random_same,dynamic,True,100.0,1.1818926974623118,96,146.91129447300045,1.5303259840937546,False,False,False,False,trial_60
100,0.1,1.0,6,random_same,dynamic,True,100.0,1.1891041632250725,76,124.61327820899896,1.6396483974868286,False,False,False,False,trial_51
100,0.1,1.0,6,random_same,dynamic,True,100.0,1.1342587443174865,365,532.7044495810042,1.4594642454274087,False,False,False,False,trial_45
100,0.1,1.0,6,random_same,dynamic,True,100.0,1.1891041632250725,76,120.56801676199393,1.5864212731841307,False,False,False,False,trial_51
100,0.1,1.0,6,random_same,dynamic,True,100.0,1.1618831254203836,116,166.13404535099835,1.432190046129296,False,False,False,False,trial_60
100,0.1,1.0,6,random_same,dynamic,True,100.0,1.1818926974623118,96,151.3476801890065,1.576538335302151,False,False,False,False,trial_60
100,0.1,1.0,6,random_same,dynamic,True,100.0,1.1610457253488113,92,132.63985264700023,1.4417375287717415,False,False,False,False,trial_51
100,0.1,1.0,6,random_same,dynamic,True,100.0,1.1219525729431996,125,156.09063918099855,1.2487251134479884,False,False,False,False,trial_51
100,0.1,1.0,6,random_same,dynamic,True,100.0,1.185209167270568,81,118.2731087140055,1.4601618359753765,False,False,False,False,trial_51
100,0.1,1.0,6,random_same,dynamic,True,100.0,1.1303442969509856,168,240.67024238299928,1.432560966565472,False,False,False,False,trial_60
100,0.1,1.0,6,random_same,dynamic,True,100.0,1.1899912555217136,91,129.5797548069968,1.4239533495274372,False,False,False,False,trial_51
100,0.1,1.0,6,random_same,dynamic,True,100.0,1.1627815886441943,91,125.4104338160032,1.3781366353406945,False,False,False,False,trial_51
100,0.1,1.0,6,random_same,dynamic,True,100.0,1.161610542721287,99,149.41871443200216,1.5092799437575977,False,False,False,False,trial_51
100,0.1,1.0,6,random_same,dynamic,True,100.0,1.185209167270568,81,119.18612456899427,1.4714336366542502,False,False,False,False,trial_51
100,0.1,1.0,6,random_same,dynamic,True,100.0,1.1423771410479848,116,194.1571105969997,1.6737681948017216,False,False,False,False,trial_51
100,0.1,1.0,6,random_same,dynamic,True,100.0,1.1816934262644687,200,263.2093545789976,1.316046772894988,False,False,False,False,trial_60
100,0.1,1.0,6,random_same,dynamic,True,100.0,1.1630605228246225,119,182.98902801799704,1.5377229245209836,False,False,False,False,trial_51
100,0.1,1.0,6,random_same,dynamic,True,100.0,1.1342587443174865,365,517.9751446259979,1.4191099852767066,False,False,False,False,trial_45
100,0.1,1.0,6,random_same,dynamic,True,100.0,1.149602469680704,88,117.99574828199547,1.3408607759317668,False,False,False,False,trial_51
100,0.1,1.0,6,random_same,dynamic,True,100.0,1.1885208260062325,73,105.40905752200342,1.4439596920822386,False,False,False,False,trial_51
100,0.1,1.0,6,random_same,dynamic,True,100.0,1.1826051716856008,110,171.97978875599802,1.5634526250545273,False,False,False,False,trial_51
100,0.1,1.0,6,random_same,dynamic,True,100.0,1.163167006140174,104,150.85092280500248,1.4504896423557931,False,False,False,False,trial_51
100,0.1,1.0,6,random_same,dynamic,True,100.0,1.1893225720230682,92,126.62883151500137,1.3764003425543627,False,False,False,False,trial_51
100,0.1,1.0,6,random_same,dynamic,True,100.0,1.1560634487959858,148,223.86425322500145,1.512596305574334,False,False,False,False,trial_51
100,0.1,1.0,6,random_same,dynamic,True,100.0,1.158234181956096,100,158.31905296100012,1.5831905296100013,False,False,False,False,trial_51
100,0.1,1.0,6,random_same,dynamic,True,100.0,1.182422691593219,124,179.0953700309983,1.4443175002499864,False,False,False,False,trial_51
100,0.1,1.0,6,random_same,dynamic,True,100.0,1.1777906116784185,187,291.3825194029996,1.5581952909251315,False,False,False,False,trial_51
100,0.1,1.0,6,random_same,dynamic,True,100.0,1.1893225720230682,92,132.65173685799527,1.4418667049782095,False,False,False,False,trial_51
100,0.1,1.0,6,random_same,dynamic,True,100.0,1.163167006140174,104,156.91789900099684,1.508825951932662,False,False,False,False,trial_51
100,0.1,1.0,6,random_same,dynamic,True,100.0,1.158234181956096,100,159.35689534399717,1.5935689534399717,False,False,False,False,trial_51
100,0.1,1.0,6,random_same,dynamic,True,100.0,1.1574872168922201,110,173.26243226399674,1.5751130205817885,False,False,False,False,trial_51
100,0.1,1.0,6,random_same,dynamic,True,100.0,1.1654795700006813,92,134.21811276100198,1.458892530010891,False,False,False,False,trial_51
100,0.1,1.0,6,random_same,dynamic,True,100.0,1.1424383071981474,119,169.89119464199757,1.4276570978319123,False,False,False,False,trial_51
100,0.1,1.0,6,random_same,dynamic,True,100.0,1.186009802229064,125,217.11137202400278,1.7368909761920222,False,False,False,False,trial_51
100,0.1,1.0,6,random_same,dynamic,True,100.0,1.1560634487959858,148,232.7563969430048,1.5726783577230055,False,False,False,False,trial_51
100,0.1,1.0,6,random_same,dynamic,True,100.0,1.1777906116784185,187,283.17381494599977,1.5142984756470577,False,False,False,False,trial_51
100,0.1,1.0,6,random_same,dynamic,True,100.0,1.1586285587020353,123,172.18313267699705,1.399862867292659,False,False,False,False,trial_51
100,0.1,1.0,6,random_same,dynamic,True,100.0,1.1297581968508499,151,222.15385682799388,1.4712175948873767,False,False,False,False,trial_51
100,0.1,1.0,6,random_same,dynamic,True,100.0,1.1526082225698573,97,161.01007749800192,1.6598977061649682,False,False,False,False,trial_51
100,0.1,1.0,6,random_same,dynamic,True,100.0,1.1785391315434226,127,201.72268068599806,1.5883675644566777,False,False,False,False,trial_51
100,0.1,1.0,6,random_same,dynamic,True,100.0,1.1438882294208181,71,105.69793090299936,1.4887032521549206,False,False,False,False,trial_46
100,0.1,1.0,6,random_same,dynamic,True,100.0,1.188434659662899,128,186.6691620700003,1.4583528286718774,False,False,False,False,trial_51
100,0.1,1.0,6,random_same,dynamic,True,100.0,1.1560634487959858,148,223.49823448099778,1.5101232059526877,False,False,False,False,trial_51
100,0.1,1.0,6,random_same,dynamic,True,100.0,1.1417041693488592,182,317.45808298200427,1.7442751812198036,False,False,False,False,trial_51
100,0.1,1.0,6,random_same,dynamic,True,100.0,1.1484867876609,151,201.0216543380011,1.3312692340264973,False,False,False,False,trial_51
100,0.1,1.0,6,random_same,dynamic,True,100.0,1.1581326446099387,72,113.13507009600289,1.5713204180000402,False,False,False,False,trial_46
100,0.1,1.0,6,random_same,dynamic,True,100.0,1.169531653628916,61,90.05167392300064,1.4762569495573874,False,False,False,False,trial_46
100,0.1,1.0,6,random_same,dynamic,True,100.0,1.1484867876609,151,189.25044470300054,1.2533142033311293,False,False,False,False,trial_51
100,0.1,1.0,6,random_same,dynamic,True,100.0,1.152955373780844,70,115.74343285700161,1.65347761224288,False,False,False,False,trial_46
100,0.1,1.0,6,random_same,dynamic,False,91.66666666666666,1.0331063937984912,74,130.28818060599588,1.7606510892702145,False,True,False,False,trial_46
100,0.1,1.0,6,random_same,dynamic,False,62.87725393909971,0.6756658169057412,18,22.59686713299743,1.2553815073887462,False,True,False,False,trial_46
100,0.1,1.0,6,random_same,dynamic,True,100.0,1.1417041693488592,182,321.01573486899724,1.7638227190604243,False,False,False,False,trial_51
100,0.1,1.0,6,random_same,dynamic,True,100.0,1.1657722678380624,67,104.64857174800272,1.5619189813134735,False,False,False,False,trial_46
100,0.1,1.0,6,random_same,dynamic,False,69.58045824424808,0.7223800334372767,11,18.34706034300325,1.667914576636659,False,True,False,False,trial_46
100,0.1,1.0,6,random_same,dynamic,True,100.0,1.1809439159650357,132,206.6442267789971,1.565486566507554,False,False,False,False,trial_51
100,0.1,1.0,6,random_same,dynamic,True,100.0,1.1507081656079265,52,71.99765312700038,1.384570252442315,False,False,False,False,trial_46
100,0.1,1.0,6,random_same,dynamic,True,100.0,1.1629312621930459,135,176.80823261000478,1.3096906119259613,False,False,False,False,trial_51
100,0.1,1.0,6,random_same,dynamic,True,100.0,1.1727259701064325,63,87.18572207899706,1.3839003504602707,False,False,False,False,trial_46
100,0.1,1.0,6,random_same,dynamic,True,100.0,1.1512996405512936,59,88.42608831799589,1.498747259627049,False,False,False,False,trial_46
100,0.1,1.0,6,random_same,dynamic,True,100.0,1.1652921823935565,60,98.60114874399733,1.643352479066622,False,False,False,False,trial_46
100,0.1,1.0,6,random_same,dynamic,False,69.58045824424808,0.7223800334372767,11,19.04433849199995,1.731303499272723,False,True,False,False,trial_46
100,0.1,1.0,6,random_same,dynamic,True,100.0,1.1629312621930459,135,187.11850931200024,1.3860630319407425,False,False,False,False,trial_51
100,0.1,1.0,6,random_same,dynamic,True,100.0,1.1701592585546625,132,200.0417010250021,1.5154674320075918,False,False,False,False,trial_51
100,0.1,1.0,6,random_same,dynamic,True,100.0,1.1727259701064325,63,100.4763755410022,1.5948631038254317,False,False,False,False,trial_46
100,0.1,1.0,6,random_same,dynamic,True,100.0,1.1532079594017,64,99.33362333499826,1.552087864609348,False,False,False,False,trial_46
100,0.1,1.0,6,random_same,dynamic,True,100.0,1.1880460644802127,197,302.4536332220014,1.5352976305685349,False,False,False,False,trial_51
100,0.1,1.0,6,random_same,dynamic,False,89.06959918433654,1.0043596338367125,43,60.514748538000276,1.4073197334418668,False,True,False,False,trial_46
100,0.1,1.0,6,random_same,dynamic,True,100.0,1.1253682023751659,70,101.96477526099625,1.4566396465856606,False,False,False,False,trial_46
100,0.1,1.0,6,random_same,dynamic,True,100.0,1.1523254442939552,278,443.12864768200234,1.5939879413021667,False,False,False,False,trial_51
100,0.1,1.0,6,random_same,dynamic,False,64.56454182929411,0.6979900181409457,21,31.988956221997796,1.5232836296189427,False,True,False,False,trial_46
100,0.1,1.0,6,random_same,dynamic,True,100.0,1.1349410342585085,67,96.06235338999977,1.4337664685074594,False,False,False,False,trial_46
100,0.1,1.0,6,random_same,dynamic,True,100.0,1.1614057224116277,59,93.65498802899674,1.587372678457572,False,False,False,False,trial_46
100,0.1,1.0,6,random_same,dynamic,True,100.0,1.1642400235323396,125,211.16804930099897,1.6893443944079918,False,False,False,False,trial_46
100,0.1,1.0,6,random_same,dynamic,True,100.0,1.167039090704203,139,232.02073648100486,1.6692139315180206,False,False,False,False,trial_51
100,0.1,1.0,6,random_same,dynamic,True,100.0,1.1568359645281638,52,80.93592091000028,1.5564600175000054,False,False,False,False,trial_46
100,0.1,1.0,6,random_same,dynamic,False,88.8886692255771,0.9915977172515823,63,90.32346500999847,1.4337057938094995,False,True,False,False,trial_46
100,0.1,1.0,6,random_same,dynamic,True,100.0,1.1568359645281638,52,78.59568194999883,1.5114554221153622,False,False,False,False,trial_46
100,0.1,1.0,6,random_same,dynamic,True,100.0,1.1802420721760667,68,102.91057969699614,1.513390877897002,False,False,False,False,trial_46
100,0.1,1.0,6,random_same,dynamic,True,100.0,1.1710042512659453,59,91.998679231001,1.5592996479830679,False,False,False,False,trial_46
100,0.1,1.0,6,random_same,dynamic,True,100.0,1.1837596486878925,63,86.82835088299908,1.378227791793636,False,False,False,False,trial_46
100,0.1,1.0,6,random_same,dynamic,True,100.0,1.1253682023751659,70,113.59298677599872,1.622756953942839,False,False,False,False,trial_46
100,0.1,1.0,6,random_same,dynamic,True,100.0,1.1829047531792642,71,105.6514800149962,1.488049014295721,False,False,False,False,trial_46
100,0.1,1.0,6,random_same,dynamic,True,100.0,1.1532079594017,64,95.41694886099867,1.4908898259531043,False,False,False,False,trial_46
100,0.1,1.0,6,random_same,dynamic,True,100.0,1.1558045136213677,73,106.81506292500126,1.4632200400685105,False,False,False,False,trial_46
100,0.1,1.0,6,random_same,dynamic,True,100.0,1.1836037440770057,66,89.03365297999699,1.3489947421211665,False,False,False,False,trial_46
100,0.1,1.0,6,random_same,dynamic,True,100.0,1.1836037440770057,66,99.94289827899775,1.514286337560572,False,False,False,False,trial_46
100,0.1,1.0,6,random_same,dynamic,True,100.0,1.1731498024258527,65,98.67684016599378,1.5181052333229812,False,False,False,False,trial_46
100,0.1,1.0,6,random_same,dynamic,True,100.0,1.1473208031387334,64,97.42278616900148,1.5222310338906482,False,False,False,False,trial_46
100,0.1,1.0,6,random_same,dynamic,True,100.0,1.1365378921729383,104,155.04038820300048,1.4907729634903892,False,False,False,False,trial_46
100,0.1,1.0,6,random_same,dynamic,True,100.0,1.1530000104020084,66,110.62616012999933,1.6761539413636264,False,False,False,False,trial_46
100,0.1,1.0,6,random_same,dynamic,True,100.0,1.1779561633713314,219,306.19428504999814,1.3981474203196262,False,False,False,False,trial_51
100,0.1,1.0,6,random_same,dynamic,True,100.0,1.1530000104020084,66,94.78057546800119,1.4360693252727452,False,False,False,False,trial_46
100,0.1,1.0,6,random_same,dynamic,True,100.0,1.1836037440770057,66,94.78354964299797,1.4361143885302723,False,False,False,False,trial_46
100,0.1,1.0,6,random_same,dynamic,True,100.0,1.1596005734646253,157,305.96665756599396,1.9488322137961398,False,False,False,False,trial_46
100,0.1,1.0,6,random_same,dynamic,True,100.0,1.1787431775025257,108,186.37892630200076,1.7257307990925996,False,False,False,False,trial_46
100,0.1,1.0,6,random_same,dynamic,True,100.0,1.1642400235323396,125,207.12300913500076,1.656984073080006,False,False,False,False,trial_46
100,0.1,1.0,6,random_same,dynamic,True,100.0,1.1646721863787781,111,187.25209270400228,1.6869557901261467,False,False,False,False,trial_46
100,0.1,1.0,6,random_same,dynamic,True,100.0,1.099311831550998,139,252.70235266400414,1.8180025371511088,False,False,False,False,trial_46
100,0.1,1.0,6,random_same,dynamic,True,100.0,1.161888107373372,109,182.7481605130015,1.6765886285596467,False,False,False,False,trial_46
100,0.1,1.0,6,random_same,dynamic,True,100.0,1.099311831550998,139,258.47301760700066,1.8595181122805802,False,False,False,False,trial_46
100,0.1,1.0,6,random_same,dynamic,True,100.0,1.1577961270044073,111,180.175826820996,1.6232056470360001,False,False,False,False,trial_46
100,0.1,1.0,6,random_same,dynamic,True,100.0,1.185183602061949,118,200.34102477000124,1.6978052946610274,False,False,False,False,trial_46
100,0.1,1.0,6,random_same,dynamic,False,91.66666666666666,0.9757109730387249,400,452.6338017329981,1.1315845043324952,False,False,False,False,trial_46
400,0.1,1.0,6,random_same,dynamic,False,72.03375686599077,0.7877202881248606,47,257.2418936200047,5.473231779149036,False,True,False,False,trial_45
400,0.1,1.0,6,random_same,dynamic,True,100.0,1.1899834708075767,60,326.376828323002,5.439613805383366,False,False,False,False,trial_45
100,0.1,1.0,6,random_same,dynamic,False,91.66666666666666,0.9757109730387249,400,469.23946055099805,1.173098651377495,False,False,False,False,trial_46
400,0.1,1.0,6,random_same,dynamic,True,100.0,1.1899675384048511,65,343.32127835699794,5.281865820876892,False,False,False,False,trial_45
400,0.1,1.0,6,random_same,dynamic,True,100.0,1.1898512477232335,58,313.8717473009965,5.411581850017181,False,False,False,False,trial_45
400,0.1,1.0,6,random_same,dynamic,True,100.0,1.1899834708075767,60,313.16187511999306,5.219364585333218,False,False,False,False,trial_45
400,0.1,1.0,6,random_same,dynamic,True,100.0,1.1837665079279902,60,342.83723329900386,5.713953888316731,False,False,False,False,trial_45
400,0.1,1.0,6,random_same,dynamic,True,100.0,1.1899675384048511,65,353.0224263849959,5.431114252076861,False,False,False,False,trial_45
400,0.1,1.0,6,random_same,dynamic,True,100.0,1.1897792780632623,73,385.98559666299843,5.28747392689039,False,False,False,False,trial_45
400,0.1,1.0,6,random_same,dynamic,True,100.0,1.1898145850725192,65,351.9515353730021,5.414639005738494,False,False,False,False,trial_45
400,0.1,1.0,6,random_same,dynamic,True,100.0,1.1873755357200464,61,336.7901774819984,5.521150450524564,False,False,False,False,trial_45
400,0.1,1.0,6,random_same,dynamic,True,100.0,1.1890252065070255,70,383.8151544079956,5.483073634399937,False,False,False,False,trial_45
400,0.1,1.0,6,random_same,dynamic,True,100.0,1.182827855424458,63,336.1753293820002,5.3361163393968285,False,False,False,False,trial_45
400,0.1,1.0,6,random_same,dynamic,True,100.0,1.1662993345318828,96,492.019940872,5.125207717416667,False,False,False,False,trial_45
400,0.1,1.0,6,random_same,dynamic,True,100.0,1.1662993345318828,96,512.525975235003,5.338812242031281,False,False,False,False,trial_45
400,0.1,1.0,6,random_same,dynamic,True,100.0,1.1899805019243985,66,370.0798326389995,5.6072701914999925,False,False,False,False,trial_45
400,0.1,1.0,6,random_same,dynamic,True,100.0,1.182827855424458,63,349.5167081640029,5.547884256571475,False,False,False,False,trial_45
400,0.1,1.0,6,random_same,dynamic,True,100.0,1.1666307537340888,98,498.82715850399836,5.0900730459591665,False,False,False,False,trial_45
400,0.1,1.0,6,random_same,dynamic,True,100.0,1.1666307537340888,98,500.1567673059981,5.103640482714266,False,False,False,False,trial_45
400,0.1,1.0,6,random_same,dynamic,True,100.0,1.1673467324114324,106,576.608898919003,5.4397065935755,False,False,False,False,trial_45
400,0.1,1.0,6,random_same,dynamic,True,100.0,1.1793748944687248,94,465.2543040009987,4.94951387235105,False,False,False,False,trial_45
400,0.1,1.0,6,random_same,dynamic,True,100.0,1.188914119113676,67,352.06143509400135,5.254648284985095,False,False,False,False,trial_45
400,0.1,1.0,6,random_same,dynamic,True,100.0,1.1879253651078063,89,515.084966589995,5.787471534719045,False,False,False,False,trial_45
400,0.1,1.0,6,random_same,dynamic,True,100.0,1.175937910940952,120,639.3777716510012,5.328148097091677,False,False,False,False,trial_45
400,0.1,1.0,6,random_same,dynamic,True,100.0,1.166047005558589,115,624.0730345180054,5.426722039287004,False,False,False,False,trial_45
400,0.1,1.0,6,random_same,dynamic,True,100.0,1.1899834708075767,60,321.33791198400286,5.3556318664000475,False,False,False,False,trial_45
400,0.1,1.0,6,random_same,dynamic,True,100.0,1.1887210203654055,60,331.03700521899736,5.517283420316622,False,False,False,False,trial_45
400,0.1,1.0,6,random_same,dynamic,True,100.0,1.182827855424458,63,335.8383392980031,5.330767290444494,False,False,False,False,trial_45
400,0.1,1.0,6,random_same,dynamic,True,100.0,1.175937910940952,120,646.3230618859961,5.386025515716635,False,False,False,False,trial_45
400,0.1,1.0,6,random_same,dynamic,True,100.0,1.1867747923328125,62,355.87819576600305,5.739970899451662,False,False,False,False,trial_45
400,0.1,1.0,6,random_same,dynamic,True,100.0,1.1899805019243985,66,346.7262446370005,5.253427949045462,False,False,False,False,trial_45
400,0.1,1.0,6,random_same,dynamic,False,80.00468514637981,0.8376329214363636,14,82.37263367900596,5.883759548500426,False,True,False,False,trial_60
400,0.1,1.0,6,random_same,dynamic,True,100.0,1.178056397137307,130,693.4731728859988,5.334409022199991,False,False,False,False,trial_45
400,0.1,1.0,6,random_same,dynamic,True,100.0,1.1571480484863101,124,694.3383977560006,5.599503207709683,False,False,False,False,trial_45
400,0.1,1.0,6,random_same,dynamic,False,81.10844101136523,0.8857496677797813,13,73.34978273799788,5.642290979845991,False,True,False,False,trial_60
400,0.1,1.0,6,random_same,dynamic,True,100.0,1.1740232808823243,96,506.71902446600143,5.2783231715208485,False,False,False,False,trial_45
400,0.1,1.0,6,random_same,dynamic,True,100.0,1.1793748944687248,94,490.39452066100057,5.216962985755325,False,False,False,False,trial_45
400,0.1,1.0,6,random_same,dynamic,True,100.0,1.1900000000000004,63,343.50695519099827,5.452491352238067,False,False,False,False,trial_45
400,0.1,1.0,6,random_same,dynamic,True,100.0,1.1653504503987184,101,533.5943878429971,5.283112750920763,False,False,False,False,trial_45
400,0.1,1.0,6,random_same,dynamic,True,100.0,1.1659504553918227,55,264.35841465099656,4.80651663001812,False,False,False,False,trial_60
400,0.1,1.0,6,random_same,dynamic,True,100.0,1.1897687786340971,75,408.8734992509999,5.451646656679999,False,False,False,False,trial_45
400,0.1,1.0,6,random_same,dynamic,True,100.0,1.1803212923024335,53,299.1925422810018,5.6451423071887135,False,False,False,False,trial_60
400,0.1,1.0,6,random_same,dynamic,True,100.0,1.1879212454687436,95,498.45461416499893,5.246890675421041,False,False,False,False,trial_45
400,0.1,1.0,6,random_same,dynamic,True,100.0,1.1899110039518457,90,508.1001825179992,5.645557583533324,False,False,False,False,trial_45
400,0.1,1.0,6,random_same,dynamic,True,100.0,1.1897687786340971,75,409.9885671930024,5.4665142292400315,False,False,False,False,trial_45
400,0.1,1.0,6,random_same,dynamic,True,100.0,1.1769589170779582,58,368.15713535400573,6.3475368164483745,False,False,False,False,trial_60
400,0.1,1.0,6,random_same,dynamic,True,100.0,1.1895393033647554,115,614.7519756740003,5.345669353686959,False,False,False,False,trial_45
400,0.1,1.0,6,random_same,dynamic,True,100.0,1.1890165890492352,57,339.64665813899774,5.95871330068417,False,False,False,False,trial_60
400,0.1,1.0,6,random_same,dynamic,True,100.0,1.1653504503987184,101,534.4011716579989,5.291100709485138,False,False,False,False,trial_45
400,0.1,1.0,6,random_same,dynamic,True,100.0,1.1900000000000002,177,1006.0955374810001,5.684155578988701,False,False,False,False,trial_45
400,0.1,1.0,6,random_same,dynamic,True,100.0,1.1516913059234557,116,630.5402056029998,5.435691427612067,False,False,False,False,trial_45
400,0.1,1.0,6,random_same,dynamic,True,100.0,1.1659504553918227,55,268.1686191099943,4.875793074727169,False,False,False,False,trial_60
400,0.1,1.0,6,random_same,dynamic,True,100.0,1.1864352360525106,73,435.73209349899844,5.968932787657513,False,False,False,False,trial_60
400,0.1,1.0,6,random_same,dynamic,True,100.0,1.163059918563151,100,536.5102845959991,5.365102845959991,False,False,False,False,trial_45
400,0.1,1.0,6,random_same,dynamic,True,100.0,1.1516913059234557,116,645.1378540539954,5.561533224603409,False,False,False,False,trial_45
400,0.1,1.0,6,random_same,dynamic,True,100.0,1.1859252652979093,89,494.9054292349974,5.560735159943792,False,False,False,False,trial_60
400,0.1,1.0,6,random_same,dynamic,True,100.0,1.1890165890492352,57,342.2791463459944,6.004897304315691,False,False,False,False,trial_60
400,0.1,1.0,6,random_same,dynamic,True,100.0,1.1776186461627274,107,566.8426567900024,5.29759492327105,False,False,False,False,trial_45
400,0.1,1.0,6,random_same,dynamic,True,100.0,1.1378884875791582,85,488.0862773290064,5.742191497988311,False,False,False,False,trial_60
400,0.1,1.0,6,random_same,dynamic,True,100.0,1.1824396033944478,54,282.68807244799973,5.234964304592587,False,False,False,False,trial_60
400,0.1,1.0,6,random_same,dynamic,True,100.0,1.1855367491500846,69,401.94931341499614,5.825352368333277,False,False,False,False,trial_60
400,0.1,1.0,6,random_same,dynamic,True,100.0,1.1705329084964606,129,726.0663895090038,5.628421624100804,False,False,False,False,trial_45
400,0.1,1.0,6,random_same,dynamic,True,100.0,1.1241863861320813,101,495.2158740110026,4.903127465455471,False,False,False,False,trial_60
400,0.1,1.0,6,random_same,dynamic,True,100.0,1.186791180787714,124,718.7624684190014,5.796471519508076,False,False,False,False,trial_45
400,0.1,1.0,6,random_same,dynamic,True,100.0,1.1413726521822198,143,619.28577984,4.330669789090909,False,False,False,False,trial_60
400,0.1,1.0,6,random_same,dynamic,True,100.0,1.175682433158373,88,526.1753093869993,5.979264879397719,False,False,False,False,trial_60
400,0.1,1.0,6,random_same,dynamic,True,100.0,1.1455107353914717,87,449.0540728289998,5.161541066999997,False,False,False,False,trial_60
400,0.1,1.0,6,random_same,dynamic,True,100.0,1.1664660057613792,68,417.003136542,6.132399066794117,False,False,False,False,trial_60
400,0.1,1.0,6,random_same,dynamic,True,100.0,1.1664660057613792,68,411.8493929799952,6.056608720294046,False,False,False,False,trial_60
400,0.1,1.0,6,random_same,dynamic,True,100.0,1.1895366512228382,53,290.8082099400053,5.486947357358591,False,False,False,False,trial_60
400,0.1,1.0,6,random_same,dynamic,True,100.0,1.1455107353914717,87,466.4032293170021,5.360956658816116,False,False,False,False,trial_60
400,0.1,1.0,6,random_same,dynamic,True,100.0,1.1824396033944478,54,292.6865652319975,5.420121578370324,False,False,False,False,trial_60
400,0.1,1.0,6,random_same,dynamic,True,100.0,1.1631389292611176,80,418.9286460220028,5.236608075275035,False,False,False,False,trial_60
400,0.1,1.0,6,random_same,dynamic,True,100.0,1.1664660057613792,68,410.7068997419992,6.039807349147047,False,False,False,False,trial_60
400,0.1,1.0,6,random_same,dynamic,True,100.0,1.185452141493677,53,279.25522179700056,5.26896644900001,False,False,False,False,trial_60
400,0.1,1.0,6,random_same,dynamic,True,100.0,1.1782779808453827,97,505.2824842209957,5.2090977754741825,False,False,False,False,trial_60
400,0.1,1.0,6,random_same,dynamic,True,100.0,1.1679063495717015,74,373.99212221700145,5.0539475975270465,False,False,False,False,trial_60
400,0.1,1.0,6,random_same,dynamic,True,100.0,1.1890173432306221,46,229.7839049510003,4.995302281543485,False,False,False,False,trial_60
400,0.1,1.0,6,random_same,dynamic,True,100.0,1.171939781913112,91,469.4173200389996,5.158432088340655,False,False,False,False,trial_60
400,0.1,1.0,6,random_same,dynamic,True,100.0,1.1855367491500846,69,420.23100140200404,6.090304368144986,False,False,False,False,trial_60
400,0.1,1.0,6,random_same,dynamic,True,100.0,1.1846625081075222,53,276.3670926949999,5.21447344707547,False,False,False,False,trial_60
400,0.1,1.0,6,random_same,dynamic,False,90.74450463225743,1.0128854851757145,51,312.711210028996,6.131592353509725,False,True,False,False,trial_60
400,0.1,1.0,6,random_same,dynamic,True,100.0,1.1728351877776886,75,509.35406745599903,6.791387566079987,False,False,False,False,trial_60
400,0.1,1.0,6,random_same,dynamic,True,100.0,1.185452141493677,53,271.35736158800137,5.119950218641535,False,False,False,False,trial_60
400,0.1,1.0,6,random_same,dynamic,True,100.0,1.1364157909317278,101,434.71698283499427,4.304128542920735,False,False,False,False,trial_60
400,0.1,1.0,6,random_same,dynamic,True,100.0,1.171939781913112,91,492.82989399899816,5.415713120868111,False,False,False,False,trial_60
400,0.1,1.0,6,random_same,dynamic,True,100.0,1.1855367491500846,69,415.0747181080005,6.015575624753631,False,False,False,False,trial_60
400,0.1,1.0,6,random_same,dynamic,True,100.0,1.171939781913112,91,469.9362711920039,5.164134848263779,False,False,False,False,trial_60
400,0.1,1.0,6,random_same,dynamic,True,100.0,1.1452853304261217,78,450.23971472399717,5.772304034923041,False,False,False,False,trial_60
400,0.1,1.0,6,random_same,dynamic,True,100.0,1.1773070242223007,58,342.4499056259956,5.904308717689579,False,False,False,False,trial_60
400,0.1,1.0,6,random_same,dynamic,True,100.0,1.1516302759720731,261,1484.7816353359958,5.688818526191555,False,False,False,False,trial_45
400,0.1,1.0,6,random_same,dynamic,True,100.0,1.176106674029658,212,927.2550820090037,4.373844726457564,False,False,False,False,trial_60
400,0.1,1.0,6,random_same,dynamic,True,100.0,1.1241863861320813,101,486.4540509360013,4.816376741940607,False,False,False,False,trial_60
400,0.1,1.0,6,random_same,dynamic,True,100.0,1.1801344595629615,77,385.13947888400435,5.001811414077978,False,False,False,False,trial_60
400,0.1,1.0,6,random_same,dynamic,True,100.0,1.175008260197291,87,447.54168748200027,5.144157327379314,False,False,False,False,trial_60
400,0.1,1.0,6,random_same,dynamic,True,100.0,1.1260587710735521,115,665.3352298850004,5.785523738130439,False,False,False,False,trial_60
400,0.1,1.0,6,random_same,dynamic,True,100.0,1.1396750084331786,94,474.20349674400495,5.044718050468138,False,False,False,False,trial_60
400,0.1,1.0,6,random_same,dynamic,True,100.0,1.1801344595629615,77,398.52652790499997,5.175669193571428,False,False,False,False,trial_60
400,0.1,1.0,6,random_same,dynamic,True,100.0,1.1668387055986098,96,505.30329344799975,5.263575973416664,False,False,False,False,trial_60
400,0.1,1.0,6,random_same,dynamic,True,100.0,1.1487606224223725,89,524.0678096210031,5.88840235529217,False,False,False,False,trial_60
400,0.1,1.0,6,random_same,dynamic,True,100.0,1.1396750084331786,94,487.35466954000003,5.184624144042553,False,False,False,False,trial_60
400,0.1,1.0,6,random_same,dynamic,True,100.0,1.1723374127204735,90,501.3911214079999,5.5710124600888875,False,False,False,False,trial_51
400,0.1,1.0,6,random_same,dynamic,True,100.0,1.1648226462269096,106,622.5779273349981,5.8733766729716805,False,False,False,False,trial_51
400,0.1,1.0,6,random_same,dynamic,True,100.0,1.189298950469717,89,524.7229211430022,5.895763158910137,False,False,False,False,trial_51
400,0.1,1.0,6,random_same,dynamic,True,100.0,1.1723374127204735,90,528.9940890500002,5.8777121005555575,False,False,False,False,trial_51
400,0.1,1.0,6,random_same,dynamic,True,100.0,1.1746677646290233,126,626.298082967005,4.970619706087342,False,False,False,False,trial_51
400,0.1,1.0,6,random_same,dynamic,True,100.0,1.1539119314626711,128,796.8691899100013,6.225540546171885,False,False,False,False,trial_51
400,0.1,1.0,6,random_same,dynamic,True,100.0,1.1812006429166948,102,562.5740096419977,5.515431467078408,False,False,False,False,trial_51
400,0.1,1.0,6,random_same,dynamic,True,100.0,1.1879077620610918,121,693.0742345699982,5.727886236115688,False,False,False,False,trial_51
400,0.1,1.0,6,random_same,dynamic,True,100.0,1.15429627265047,149,800.147660142,5.370118524442953,False,False,False,False,trial_51
400,0.1,1.0,6,random_same,dynamic,True,100.0,1.171287817127689,108,614.8112719899946,5.69269696287032,False,False,False,False,trial_51
400,0.1,1.0,6,random_same,dynamic,True,100.0,1.176161902560444,130,877.5665748620013,6.750512114323087,False,False,False,False,trial_51
400,0.1,1.0,6,random_same,dynamic,True,100.0,1.1756864125533772,93,529.1076690970003,5.689329775236563,False,False,False,False,trial_51
400,0.1,1.0,6,random_same,dynamic,True,100.0,1.178335420756246,114,660.323117660002,5.79230804964914,False,False,False,False,trial_51
400,0.1,1.0,6,random_same,dynamic,True,100.0,1.1686890483527956,129,768.7038248370009,5.9589443785814025,False,False,False,False,trial_51
400,0.1,1.0,6,random_same,dynamic,False,68.58368722532437,0.7309707059290902,25,127.68931195500045,5.107572478200018,False,True,False,False,trial_51
400,0.1,1.0,6,random_same,dynamic,True,100.0,1.1826524626837662,113,685.4049538730033,6.065530565247816,False,False,False,False,trial_51
400,0.1,1.0,6,random_same,dynamic,True,100.0,1.15429627265047,149,788.3180167139944,5.290724944389225,False,False,False,False,trial_51
400,0.1,1.0,6,random_same,dynamic,True,100.0,1.144685808769399,139,778.900240115996,5.603598849755366,False,False,False,False,trial_51
400,0.1,1.0,6,random_same,dynamic,True,100.0,1.189393011463263,123,641.6589399639997,5.216739349300811,False,False,False,False,trial_51
400,0.1,1.0,6,random_same,dynamic,True,100.0,1.15429627265047,149,821.8110265349969,5.515510245201321,False,False,False,False,trial_51
400,0.1,1.0,6,random_same,dynamic,True,100.0,1.1898585700025184,94,524.6343218900001,5.58121619031915,False,False,False,False,trial_51
400,0.1,1.0,6,random_same,dynamic,True,100.0,1.1826399215596468,118,741.5325466499999,6.284174124152541,False,False,False,False,trial_51
400,0.1,1.0,6,random_same,dynamic,True,100.0,1.1568259099411204,136,867.7558635669993,6.380557820345583,False,False,False,False,trial_51
400,0.1,1.0,6,random_same,dynamic,True,100.0,1.186683057281193,90,498.74482363699644,5.541609151522183,False,False,False,False,trial_51
400,0.1,1.0,6,random_same,dynamic,True,100.0,1.1686890483527956,129,778.7626353689993,6.036919654023251,False,False,False,False,trial_51
400,0.1,1.0,6,random_same,dynamic,True,100.0,1.1826399215596468,118,748.7815418590035,6.345606286940708,False,False,False,False,trial_51
400,0.1,1.0,6,random_same,dynamic,True,100.0,1.1568259099411204,136,882.4602364340026,6.488678209073548,False,False,False,False,trial_51
400,0.1,1.0,6,random_same,dynamic,True,100.0,1.1895016967251941,79,456.5964764360033,5.77970223336713,False,False,False,False,trial_51
400,0.1,1.0,6,random_same,dynamic,False,63.03344395394279,0.6697668113773168,18,96.77518695600156,5.37639927533342,False,True,False,False,trial_46
400,0.1,1.0,6,random_same,dynamic,True,100.0,1.1812006429166948,102,573.8637453539995,5.626115150529407,False,False,False,False,trial_51
400,0.1,1.0,6,random_same,dynamic,True,100.0,1.188808602955095,79,433.69103491100395,5.489759935582328,False,False,False,False,trial_51
400,0.1,1.0,6,random_same,dynamic,True,100.0,1.1454543725074617,207,1243.2012482319988,6.00580313155555,False,False,False,False,trial_51
400,0.1,1.0,6,random_same,dynamic,True,100.0,1.1454543725074617,207,1248.5675704500027,6.031727393478274,False,False,False,False,trial_51
400,0.1,1.0,6,random_same,dynamic,True,100.0,1.186683057281193,90,510.46113960499497,5.671790440055499,False,False,False,False,trial_51
400,0.1,1.0,6,random_same,dynamic,True,100.0,1.1898751138840744,101,587.9158856930007,5.8209493632970375,False,False,False,False,trial_51
400,0.1,1.0,6,random_same,dynamic,True,100.0,1.177792334519124,95,562.8444128089977,5.924678029568397,False,False,False,False,trial_51
400,0.1,1.0,6,random_same,dynamic,True,100.0,1.1694222490638444,192,1296.791466128001,6.754122219416672,False,False,False,False,trial_51
400,0.1,1.0,6,random_same,dynamic,True,100.0,1.1898751138840744,101,546.5614724999978,5.411499727722751,False,False,False,False,trial_51
400,0.1,1.0,6,random_same,dynamic,True,100.0,1.1826524626837662,113,714.421603873001,6.3223150785221325,False,False,False,False,trial_51
400,0.1,1.0,6,random_same,dynamic,True,100.0,1.182270596801165,74,437.74446991900186,5.915465809716241,False,False,False,False,trial_46
400,0.1,1.0,6,random_same,dynamic,False,70.20771165412118,0.7522934065021327,17,82.8198569390006,4.871756290529447,False,True,False,False,trial_46
400,0.1,1.0,6,random_same,dynamic,True,100.0,1.152335176413392,64,382.6939750219972,5.979593359718706,False,False,False,False,trial_46
400,0.1,1.0,6,random_same,dynamic,True,100.0,1.15755189479002,87,528.131586124,6.070478001425288,False,False,False,False,trial_46
400,0.1,1.0,6,random_same,dynamic,True,100.0,1.1602239628744517,90,556.526052772002,6.1836228085778,False,False,False,False,trial_46
400,0.1,1.0,6,random_same,dynamic,False,70.20771165412118,0.7522934065021327,17,87.52246398900024,5.148380234647073,False,True,False,False,trial_46
400,0.1,1.0,6,random_same,dynamic,True,100.0,1.1827183791492537,110,654.5201613649988,5.950183285136353,False,False,False,False,trial_51
400,0.1,1.0,6,random_same,dynamic,True,100.0,1.1898751138840744,101,600.4980955520004,5.945525698534658,False,False,False,False,trial_51
400,0.1,1.0,6,random_same,dynamic,True,100.0,1.1789717894015852,107,664.4939117860049,6.21022347463556,False,False,False,False,trial_51
400,0.1,1.0,6,random_same,dynamic,False,70.20771165412118,0.7522934065021327,17,85.24644513300154,5.014496772529503,False,True,False,False,trial_46
400,0.1,1.0,6,random_same,dynamic,False,69.72232964113027,0.7138246164354873,13,84.71115169300174,6.516242437923211,False,True,False,False,trial_46
400,0.1,1.0,6,random_same,dynamic,True,100.0,1.1826524626837662,113,735.1378991110032,6.505645124876135,False,False,False,False,trial_51
400,0.1,1.0,6,random_same,dynamic,True,100.0,1.1521530880306705,60,354.6200329200001,5.9103338820000015,False,False,False,False,trial_46
400,0.1,1.0,6,random_same,dynamic,True,100.0,1.15755189479002,87,546.4761378330004,6.281334917620694,False,False,False,False,trial_46
400,0.1,1.0,6,random_same,dynamic,True,100.0,1.1535211941136023,260,1374.6909037470032,5.287272706719243,False,False,False,False,trial_51
400,0.1,1.0,6,random_same,dynamic,True,100.0,1.1602239628744517,90,576.2042021050001,6.40226891227778,False,False,False,False,trial_46
400,0.1,1.0,6,random_same,dynamic,True,100.0,1.1822174517381492,77,515.8211003640026,6.698975329402631,False,False,False,False,trial_46
400,0.1,1.0,6,random_same,dynamic,True,100.0,1.1632143521783358,57,315.21467219499755,5.53008196833329,False,False,False,False,trial_46
400,0.1,1.0,6,random_same,dynamic,True,100.0,1.1602239628744517,90,547.0857752940065,6.078730836600072,False,False,False,False,trial_46
400,0.1,1.0,6,random_same,dynamic,True,100.0,1.1535211941136023,260,1370.1100996370005,5.269654229373079,False,False,False,False,trial_51
400,0.1,1.0,6,random_same,dynamic,True,100.0,1.1827709280644212,68,389.84598171400285,5.733029142852983,False,False,False,False,trial_46
400,0.1,1.0,6,random_same,dynamic,True,100.0,1.16103943653124,63,384.6006785490026,6.104772675380994,False,False,False,False,trial_46
400,0.1,1.0,6,random_same,dynamic,True,100.0,1.1546013594007554,163,1048.7708047240012,6.434176716098167,False,False,False,False,trial_51
400,0.1,1.0,6,random_same,dynamic,True,100.0,1.15755189479002,87,555.3744710309984,6.383614609551706,False,False,False,False,trial_46
400,0.1,1.0,6,random_same,dynamic,True,100.0,1.165677854560502,57,313.31542530599836,5.496761847473655,False,False,False,False,trial_46
400,0.1,1.0,6,random_same,dynamic,True,100.0,1.1602239628744517,90,567.1740765819995,6.301934184244439,False,False,False,False,trial_46
400,0.1,1.0,6,random_same,dynamic,True,100.0,1.165677854560502,57,341.6087838089952,5.993136558052548,False,False,False,False,trial_46
400,0.1,1.0,6,random_same,dynamic,True,100.0,1.165677854560502,57,318.49949929500144,5.5877105139473935,False,False,False,False,trial_46
400,0.1,1.0,6,random_same,dynamic,True,100.0,1.1736795318486568,74,415.86453267400066,5.61979098208109,False,False,False,False,trial_46
400,0.1,1.0,6,random_same,dynamic,True,100.0,1.1827709280644212,68,426.33936556499975,6.269696552426467,False,False,False,False,trial_46
400,0.1,1.0,6,random_same,dynamic,True,100.0,1.1535211941136023,260,1415.2893138619984,5.443420437930763,False,False,False,False,trial_51
400,0.1,1.0,6,random_same,dynamic,True,100.0,1.16103943653124,63,348.53972731999966,5.532376624126979,False,False,False,False,trial_46
400,0.1,1.0,6,random_same,dynamic,True,100.0,1.1827709280644212,68,407.9508774759961,5.999277609941119,False,False,False,False,trial_46
400,0.1,1.0,6,random_same,dynamic,True,100.0,1.1827709280644212,68,424.5846848239962,6.243892423882297,False,False,False,False,trial_46
400,0.1,1.0,6,random_same,dynamic,True,100.0,1.1620560824786546,62,400.08275272199535,6.452947624548312,False,False,False,False,trial_46
400,0.1,1.0,6,random_same,dynamic,True,100.0,1.1856132153099732,71,430.8436796850001,6.0682208406338045,False,False,False,False,trial_46
400,0.1,1.0,6,random_same,dynamic,True,100.0,1.1620560824786546,62,376.9269268989956,6.079466562887026,False,False,False,False,trial_46
400,0.1,1.0,6,random_same,dynamic,True,100.0,1.1782569688282147,61,342.54366861200106,5.615469977245919,False,False,False,False,trial_46
50,0.1,1.0,9,random_same,dynamic,False,65.36467569661204,0.7454532720877053,112,135.301099368,1.2080455300714286,False,True,False,False,trial_45
400,0.1,1.0,6,random_same,dynamic,True,100.0,1.1646085203586467,84,540.3080106659982,6.432238222214264,False,False,False,False,trial_46
400,0.1,1.0,6,random_same,dynamic,True,100.0,1.1782569688282147,61,356.3011179649984,5.841001933852433,False,False,False,False,trial_46
50,0.1,1.0,9,random_same,dynamic,False,58.33333333333333,0.6621251404543449,145,149.0967755849997,1.0282536247241358,False,True,False,False,trial_45
400,0.1,1.0,6,random_same,dynamic,True,100.0,1.1620560824786546,62,382.26715023499855,6.165599197338686,False,False,False,False,trial_46
400,0.1,1.0,6,random_same,dynamic,True,100.0,1.1645427283759444,110,744.8511582339997,6.771374165763634,False,False,False,False,trial_46
50,0.1,1.0,9,random_same,dynamic,False,70.13852168816786,0.771137048917787,92,98.39910132099612,1.0695554491412622,False,True,False,False,trial_45
400,0.1,1.0,6,random_same,dynamic,True,100.0,1.1579714912105132,68,415.0533315080029,6.103725463352983,False,False,False,False,trial_46
50,0.1,1.0,9,random_same,dynamic,False,87.9804256479911,0.9774483174890352,98,116.67314007199457,1.1905422456325976,False,True,False,False,trial_45
400,0.1,1.0,6,random_same,dynamic,True,100.0,1.1559286288683024,71,420.37389290099964,5.920759054943657,False,False,False,False,trial_46
400,0.1,1.0,6,random_same,dynamic,True,100.0,1.1827709280644212,68,426.01688901200396,6.264954250176529,False,False,False,False,trial_46
400,0.1,1.0,6,random_same,dynamic,True,100.0,1.1535211941136023,260,1381.0827405159944,5.3118566942922865,False,False,False,False,trial_51
50,0.1,1.0,9,random_same,dynamic,False,78.64069967258541,0.8801958902776509,113,123.12834338299581,1.0896313573716443,False,True,False,False,trial_45
50,0.1,1.0,9,random_same,dynamic,False,72.62486726359145,0.7745550969707934,185,202.51543943999422,1.0946780510269958,False,True,False,False,trial_45
400,0.1,1.0,6,random_same,dynamic,True,100.0,1.1535211941136023,260,1380.231336605997,5.30858206386922,False,False,False,False,trial_51
400,0.1,1.0,6,random_same,dynamic,True,100.0,1.180741181901235,61,357.37236608799867,5.858563378491781,False,False,False,False,trial_46
50,0.1,1.0,9,random_same,dynamic,False,87.9804256479911,0.9774483174890352,98,104.20471877800446,1.0633134569184128,False,True,False,False,trial_45
400,0.1,1.0,6,random_same,dynamic,True,100.0,1.1782569688282147,61,350.4594333690038,5.74523661260662,False,False,False,False,trial_46
400,0.1,1.0,6,random_same,dynamic,True,100.0,1.1747757745507899,75,496.6113885820014,6.621485181093352,False,False,False,False,trial_46
50,0.1,1.0,9,random_same,dynamic,False,91.66666666666666,1.0718396491619946,400,347.8792238800015,0.8696980597000038,False,False,False,False,trial_45
400,0.1,1.0,6,random_same,dynamic,True,100.0,1.1636736690592009,68,401.4676037109966,5.903935348691127,False,False,False,False,trial_46
400,0.1,1.0,6,random_same,dynamic,True,100.0,1.1767764275072783,151,1001.9458072460038,6.635402696993403,False,False,False,False,trial_46
50,0.1,1.0,9,random_same,dynamic,True,100.0,1.188067581274305,247,308.3363545030006,1.2483253218744965,False,False,False,False,trial_45
400,0.1,1.0,6,random_same,dynamic,True,100.0,1.1856132153099732,71,432.23877902899403,6.08787012716893,False,False,False,False,trial_46
50,0.1,1.0,9,random_same,dynamic,False,70.13852168816786,0.771137048917787,92,97.85298348499782,1.0636193857064982,False,True,False,False,trial_45
50,0.1,1.0,9,random_same,dynamic,False,89.36796895135124,0.9857761383141643,103,120.22416538499965,1.167224906650482,False,True,False,False,trial_45
50,0.1,1.0,9,random_same,dynamic,False,58.33333333333333,0.6621251404543449,145,128.84429785700195,0.888581364531048,False,True,False,False,trial_45
50,0.1,1.0,9,random_same,dynamic,True,100.0,1.1761474340508222,160,183.07012203799968,1.144188262737498,False,False,False,False,trial_45
50,0.1,1.0,9,random_same,dynamic,True,100.0,1.1587693675973783,148,177.00620590099425,1.1959878777094206,False,False,False,False,trial_45
50,0.1,1.0,9,random_same,dynamic,False,58.33333333333333,0.6396163008792907,105,121.76888730099745,1.159703688580928,False,True,False,False,trial_45
50,0.1,1.0,9,random_same,dynamic,True,100.0,1.1587693675973783,148,167.6003507839996,1.1324348025945918,False,False,False,False,trial_45
50,0.1,1.0,9,random_same,dynamic,True,100.0,1.1720857353209677,191,192.45046299000387,1.007594047068083,False,False,False,False,trial_45
50,0.1,1.0,9,random_same,dynamic,True,100.0,1.1839110155235577,288,331.8486093790052,1.1522521158993237,False,False,False,False,trial_45
400,0.1,1.0,6,random_same,dynamic,True,100.0,1.1767764275072783,151,1017.4491184469953,6.738073632099306,False,False,False,False,trial_46
50,0.1,1.0,9,random_same,dynamic,True,100.0,1.1688476553333786,340,352.54642674299976,1.0369012551264698,False,False,False,False,trial_45
50,0.1,1.0,9,random_same,dynamic,True,100.0,1.1557342800977506,323,378.204985477998,1.17091326773374,False,False,False,False,trial_45
50,0.1,1.0,9,random_same,dynamic,True,100.0,1.1879107152832817,267,228.28940881600283,0.8550165124194863,False,False,False,False,trial_45
400,0.1,1.0,6,random_same,dynamic,True,100.0,1.1596610301587065,199,1417.1483470070016,7.121348477422118,False,False,False,False,trial_46
50,0.1,1.0,9,random_same,dynamic,False,91.66666666666666,1.0897348120604944,400,430.650813733002,1.076627034332505,False,False,False,False,trial_45
50,0.1,1.0,9,random_same,dynamic,True,100.0,1.1720857353209677,191,207.48637318099645,1.086316089952861,False,False,False,False,trial_45
50,0.1,1.0,9,random_same,dynamic,True,100.0,1.1879107152832817,267,229.90153857500263,0.8610544515917702,False,False,False,False,trial_45
50,0.1,1.0,9,random_same,dynamic,True,100.0,1.1879107152832817,267,242.37515254199388,0.9077721068988535,False,False,False,False,trial_45
400,0.1,1.0,6,random_same,dynamic,True,100.0,1.1666111420416112,129,867.1129672139941,6.721805947395303,False,False,False,False,trial_46
50,0.1,1.0,9,random_same,dynamic,True,100.0,1.157474831327536,321,320.3089772259991,0.9978472810778789,False,False,False,False,trial_45
50,0.1,1.0,9,random_same,dynamic,False,64.2367752193148,0.7333283863589565,147,157.84711152400268,1.0737898743129435,False,True,False,False,trial_45
400,0.1,1.0,6,random_same,dynamic,True,100.0,1.1723535260155311,103,662.0340391029968,6.427514942747542,False,False,False,False,trial_46
50,0.1,1.0,9,random_same,dynamic,True,100.0,1.1703248527979067,257,294.46909035299905,1.1457941258871558,False,False,False,False,trial_45
50,0.1,1.0,9,random_same,dynamic,False,81.73741734732192,0.9319559705822212,119,130.06748183599848,1.093004049042004,False,True,False,False,trial_45
50,0.1,1.0,9,random_same,dynamic,False,89.71180288214524,0.8809018630469071,263,302.3492345439954,1.149616861384013,False,True,False,False,trial_45
400,0.1,1.0,6,random_same,dynamic,True,100.0,1.1729871473526845,164,1158.3475428020029,7.063094773182944,False,False,False,False,trial_46
50,0.1,1.0,9,random_same,dynamic,True,100.0,1.1557342800977506,323,414.46133349099546,1.2831620231919365,False,False,False,False,trial_45
50,0.1,1.0,9,random_same,dynamic,True,100.0,1.1720857353209677,191,210.68273524400138,1.1030509698638815,False,False,False,False,trial_45
400,0.1,1.0,6,random_same,dynamic,True,100.0,1.1439989229132006,266,1753.3425532239999,6.591513357984962,False,False,False,False,trial_51
50,0.1,1.0,9,random_same,dynamic,True,100.0,1.1888092834732498,173,179.86260226200102,1.039668221167636,False,False,False,False,trial_45
50,0.1,1.0,9,random_same,dynamic,False,79.40563974123295,0.8823044985635644,194,214.2325677560002,1.1042915863711351,False,True,False,False,trial_45
50,0.1,1.0,9,random_same,dynamic,False,91.66666666666666,1.0897348120604944,400,426.5055479340008,1.066263869835002,False,False,False,False,trial_45
50,0.1,1.0,9,random_same,dynamic,False,65.9243311912164,0.7519963505057681,153,170.9014895759974,1.1170031998431202,False,True,False,False,trial_45
50,0.1,1.0,9,random_same,dynamic,False,65.9243311912164,0.7519963505057681,153,179.5245999530016,1.1733633983856313,False,True,False,False,trial_45
50,0.1,1.0,9,random_same,dynamic,False,66.66666666666667,0.7549652214274013,108,111.41391529899556,1.0316103268425516,False,True,False,False,trial_45
50,0.1,1.0,9,random_same,dynamic,False,58.33333333333333,0.6941666495569546,400,381.913837332002,0.954784593330005,False,False,False,False,trial_45
50,0.1,1.0,9,random_same,dynamic,True,100.0,1.1557342800977506,323,389.3183475409969,1.205319961427235,False,False,False,False,trial_45
50,0.1,1.0,9,random_same,dynamic,True,100.0,1.1557342800977506,323,383.88093523200223,1.1884858675913381,False,False,False,False,trial_45
400,0.1,1.0,6,random_same,dynamic,True,100.0,1.1729871473526845,164,1168.728624743002,7.126394053310988,False,False,False,False,trial_46
50,0.1,1.0,9,random_same,dynamic,False,82.35630511266102,0.897566060866983,35,45.597860503003176,1.3027960143715194,False,True,False,False,trial_60
50,0.1,1.0,9,random_same,dynamic,True,100.0,0.9889131736416109,128,148.2184511289961,1.157956649445282,False,False,False,False,trial_60
50,0.1,1.0,9,random_same,dynamic,False,91.66666666666666,0.9633266686170188,400,437.22779368099873,1.0930694842024968,False,False,False,False,trial_45
50,0.1,1.0,9,random_same,dynamic,True,100.0,1.1697253183877385,160,173.3264113760015,1.0832900711000093,False,False,False,False,trial_60
50,0.1,1.0,9,random_same,dynamic,True,100.0,1.1077567036075393,260,275.9049120790005,1.0611727387653864,False,False,False,False,trial_45
50,0.1,1.0,9,random_same,dynamic,True,100.0,1.133903476146668,142,155.76079446999938,1.096907003309855,False,False,False,False,trial_60
50,0.1,1.0,9,random_same,dynamic,False,82.25104144794385,0.9332476196600293,21,24.07151930800319,1.146262824190628,False,True,False,False,trial_60
50,0.1,1.0,9,random_same,dynamic,True,100.0,1.0855777052439357,206,183.48666862100072,0.8907119835970908,False,False,False,False,trial_60
50,0.1,1.0,9,random_same,dynamic,True,100.0,1.1077567036075393,260,268.33822546900046,1.032070097957694,False,False,False,False,trial_45
50,0.1,1.0,9,random_same,dynamic,False,99.42697514382138,1.103802372419459,400,434.08001116800006,1.08520002792,False,False,False,False,trial_45
50,0.1,1.0,9,random_same,dynamic,True,100.0,1.178747031382191,200,203.63857079300215,1.0181928539650107,False,False,False,False,trial_60
50,0.1,1.0,9,random_same,dynamic,True,100.0,1.170233802482823,241,306.02696546800144,1.2698214334771845,False,False,False,False,trial_45
50,0.1,1.0,9,random_same,dynamic,False,58.33333333333333,0.6941666495569546,400,389.25587605700275,0.9731396901425069,False,False,False,False,trial_45
50,0.1,1.0,9,random_same,dynamic,True,100.0,1.135994089450663,203,217.02556323099998,1.0690914444876847,False,False,False,False,trial_60
50,0.1,1.0,9,random_same,dynamic,True,100.0,1.133317012236991,279,286.27127438100433,1.0260619153441015,False,False,False,False,trial_45
50,0.1,1.0,9,random_same,dynamic,False,83.33333333333334,0.9153223244026104,256,269.23999740900035,1.0517187398789076,False,True,False,False,trial_60
50,0.1,1.0,9,random_same,dynamic,True,100.0,1.1343272524093089,260,261.404156124001,1.005400600476927,False,False,False,False,trial_60
50,0.1,1.0,9,random_same,dynamic,True,100.0,1.1245540469925452,203,243.6811995609969,1.2003999978374231,False,False,False,False,trial_60
50,0.1,1.0,9,random_same,dynamic,False,82.25104144794385,0.9332476196600293,21,26.977846934001718,1.2846593778096056,False,True,False,False,trial_60
50,0.1,1.0,9,random_same,dynamic,False,99.42697514382138,1.103802372419459,400,402.0991642730005,1.0052479106825012,False,False,False,False,trial_45
50,0.1,1.0,9,random_same,dynamic,True,100.0,1.1777322389415288,286,318.1371465330012,1.112367645220284,False,False,False,False,trial_45
50,0.1,1.0,9,random_same,dynamic,True,100.0,1.1749950258268684,137,154.7724340729983,1.1297257961532723,False,False,False,False,trial_60
50,0.1,1.0,9,random_same,dynamic,True,100.0,1.1245540469925452,203,250.78771757099457,1.235407475719185,False,False,False,False,trial_60
50,0.1,1.0,9,random_same,dynamic,False,83.33333333333334,0.9653639203483727,156,176.67931887300074,1.1325597363653894,False,True,False,False,trial_60
50,0.1,1.0,9,random_same,dynamic,True,100.0,1.0855777052439357,206,201.15784740399977,0.9764944048737852,False,False,False,False,trial_60
50,0.1,1.0,9,random_same,dynamic,True,100.0,1.178747031382191,200,237.49795684800483,1.1874897842400243,False,False,False,False,trial_60
50,0.1,1.0,9,random_same,dynamic,True,100.0,1.1714301900270172,307,305.17705109199596,0.994062055674254,False,False,False,False,trial_60
50,0.1,1.0,9,random_same,dynamic,True,100.0,1.1698786941097834,198,216.5921048579985,1.0938995194848409,False,False,False,False,trial_60
50,0.1,1.0,9,random_same,dynamic,False,81.7160804258845,0.9169061870048135,27,39.70771337300539,1.4706560508520514,False,True,False,False,trial_60
50,0.1,1.0,9,random_same,dynamic,True,100.0,1.1738512296975203,137,142.51682628800336,1.0402688050219224,False,False,False,False,trial_60
50,0.1,1.0,9,random_same,dynamic,True,100.0,1.133903476146668,142,154.30943867300084,1.086686187838034,False,False,False,False,trial_60
50,0.1,1.0,9,random_same,dynamic,True,100.0,1.133903476146668,142,148.36426582199783,1.044818773394351,False,False,False,False,trial_60
50,0.1,1.0,9,random_same,dynamic,True,100.0,1.0825444022282966,147,167.4025820609968,1.138793075244876,False,False,False,False,trial_60
50,0.1,1.0,9,random_same,dynamic,True,100.0,1.1591801583888475,306,360.8113537540048,1.179122071091519,False,False,False,False,trial_60
50,0.1,1.0,9,random_same,dynamic,True,100.0,1.1835569257494383,195,221.82716489599989,1.1375752045948713,False,False,False,False,trial_60
50,0.1,1.0,9,random_same,dynamic,True,100.0,1.1253930384281914,209,229.6955488579988,1.0990217648708076,False,False,False,False,trial_60
50,0.1,1.0,9,random_same,dynamic,True,100.0,1.1692543681045988,186,211.68888833399978,1.1381123028709665,False,False,False,False,trial_60
50,0.1,1.0,9,random_same,dynamic,True,100.0,1.1692543681045988,186,214.59341207100078,1.1537280218871009,False,False,False,False,trial_60
50,0.1,1.0,9,random_same,dynamic,False,83.33333333333334,0.9394109668528333,107,139.1064644020007,1.3000604149719692,False,True,False,False,trial_60
50,0.1,1.0,9,random_same,dynamic,True,100.0,1.1651791899353865,360,329.05252236399974,0.9140347843444437,False,False,False,False,trial_60
50,0.1,1.0,9,random_same,dynamic,True,100.0,1.1835569257494383,195,225.15892840299784,1.1546611712974248,False,False,False,False,trial_60
50,0.1,1.0,9,random_same,dynamic,False,91.66666666666666,1.0119815734519955,400,449.21556400699774,1.1230389100174945,False,False,False,False,trial_60
50,0.1,1.0,9,random_same,dynamic,False,83.33333333333334,0.9653639203483727,156,194.4719899019983,1.2466153198846046,False,True,False,False,trial_60
50,0.1,1.0,9,random_same,dynamic,True,100.0,1.1763780916497861,229,265.1982321530013,1.158070882764198,False,False,False,False,trial_60
50,0.1,1.0,9,random_same,dynamic,True,100.0,1.1692543681045988,186,200.32331500000146,1.077007069892481,False,False,False,False,trial_60
50,0.1,1.0,9,random_same,dynamic,False,90.76090858693784,1.0331745886061299,78,87.90581728699908,1.1269976575256293,False,True,False,False,trial_51
400,0.1,1.0,6,random_same,dynamic,False,91.66666666666666,1.0847120963790282,400,2195.294127086003,5.488235317715007,False,False,False,False,trial_51
50,0.1,1.0,9,random_same,dynamic,True,100.0,1.1798652166071886,125,146.25212708499748,1.17001701667998,False,False,False,False,trial_60
50,0.1,1.0,9,random_same,dynamic,False,90.76090858693784,1.0331745886061299,78,92.80880850500398,1.1898565192949229,False,True,False,False,trial_51
50,0.1,1.0,9,random_same,dynamic,False,98.99155139766518,1.0834827469688277,400,501.46939358599775,1.2536734839649943,False,False,False,False,trial_60
50,0.1,1.0,9,random_same,dynamic,True,100.0,1.1822181074900469,140,156.94007728600263,1.1210005520428759,False,False,False,False,trial_60
50,0.1,1.0,9,random_same,dynamic,False,91.66666666666666,1.0567833125839574,400,440.73010372199496,1.1018252593049873,False,False,False,False,trial_60
50,0.1,1.0,9,random_same,dynamic,True,100.0,1.076759573542109,208,214.66346670400526,1.0320358976154098,False,False,False,False,trial_60
50,0.1,1.0,9,random_same,dynamic,True,100.0,1.149811439019634,199,205.6300779480007,1.0333169746130688,False,False,False,False,trial_60
50,0.1,1.0,9,random_same,dynamic,True,100.0,1.149811439019634,199,205.5789020489974,1.0330598092914443,False,False,False,False,trial_60
50,0.1,1.0,9,random_same,dynamic,False,90.76090858693784,1.0331745886061299,78,94.75337324699649,1.214786836499955,False,True,False,False,trial_51
50,0.1,1.0,9,random_same,dynamic,False,83.33333333333334,0.9299797148572408,158,154.689193627004,0.9790455292848353,False,True,False,False,trial_51
50,0.1,1.0,9,random_same,dynamic,True,100.0,1.149811439019634,199,209.1714201040013,1.0511126638392025,False,False,False,False,trial_60
50,0.1,1.0,9,random_same,dynamic,False,91.66666666666666,1.0119815734519955,400,472.99493627800257,1.1824873406950065,False,False,False,False,trial_60
50,0.1,1.0,9,random_same,dynamic,True,100.0,1.0745763924160836,280,338.23509176300286,1.2079824705821531,False,False,False,False,trial_60
50,0.1,1.0,9,random_same,dynamic,True,100.0,1.1652587919882664,278,301.2030109530024,1.0834640681762675,False,False,False,False,trial_60
50,0.1,1.0,9,random_same,dynamic,True,100.0,1.184653321876037,277,276.1278213199985,0.9968513405054097,False,False,False,False,trial_51
50,0.1,1.0,9,random_same,dynamic,True,100.0,1.1510146510674621,275,306.45727021100174,1.1143900734945518,False,False,False,False,trial_51
50,0.1,1.0,9,random_same,dynamic,True,100.0,1.1614589679674057,280,278.13431339999806,0.9933368335714217,False,False,False,False,trial_51
50,0.1,1.0,9,random_same,dynamic,True,100.0,1.1840739063353654,200,223.85938232899935,1.1192969116449967,False,False,False,False,trial_51
50,0.1,1.0,9,random_same,dynamic,True,100.0,1.1442788541731101,383,416.9528785229995,1.0886498133759779,False,False,False,False,trial_60
50,0.1,1.0,9,random_same,dynamic,True,100.0,1.1777758663048261,247,301.9807349469993,1.2225940686113332,False,False,False,False,trial_51
50,0.1,1.0,9,random_same,dynamic,True,100.0,1.152528034662569,322,369.3135860620023,1.1469366026770258,False,False,False,False,trial_60
50,0.1,1.0,9,random_same,dynamic,True,100.0,1.1826186903674256,219,241.5605578379982,1.1030162458356083,False,False,False,False,trial_51
50,0.1,1.0,9,random_same,dynamic,False,58.33333333333333,0.6643283041138631,82,85.68612076200225,1.0449526922195396,False,True,False,False,trial_51
50,0.1,1.0,9,random_same,dynamic,False,91.66666666666666,1.0258519019847394,400,457.29912093700113,1.1432478023425028,False,False,False,False,trial_60
50,0.1,1.0,9,random_same,dynamic,True,100.0,1.1862164493138685,347,326.66398679199483,0.9413947746166998,False,False,False,False,trial_51
50,0.1,1.0,9,random_same,dynamic,True,100.0,1.179020597197629,240,280.5606212910061,1.1690025887125255,False,False,False,False,trial_51
50,0.1,1.0,9,random_same,dynamic,True,100.0,1.1826186903674256,219,250.71986179699888,1.1448395515844698,False,False,False,False,trial_51
50,0.1,1.0,9,random_same,dynamic,True,100.0,1.1826186903674256,219,254.6677555280039,1.1628664635981913,False,False,False,False,trial_51
50,0.1,1.0,9,random_same,dynamic,True,100.0,1.179020597197629,240,253.1213875350004,1.0546724480625016,False,False,False,False,trial_51
50,0.1,1.0,9,random_same,dynamic,False,91.66666666666666,1.0387414118989242,400,438.17137784799706,1.0954284446199927,False,False,False,False,trial_51
50,0.1,1.0,9,random_same,dynamic,True,100.0,1.1865790017657227,257,277.4545685780031,1.0795897610039031,False,False,False,False,trial_51
50,0.1,1.0,9,random_same,dynamic,False,91.66666666666666,1.061022730946706,400,474.93262835699716,1.187331570892493,False,False,False,False,trial_51
50,0.1,1.0,9,random_same,dynamic,True,100.0,1.179020597197629,240,251.21656403799716,1.0467356834916548,False,False,False,False,trial_51
50,0.1,1.0,9,random_same,dynamic,True,100.0,1.1893070965840065,306,372.60940429600305,1.2176777918170034,False,False,False,False,trial_51
50,0.1,1.0,9,random_same,dynamic,False,91.66666666666666,1.0387414118989242,400,424.12561253699823,1.0603140313424957,False,False,False,False,trial_51
50,0.1,1.0,9,random_same,dynamic,True,100.0,1.0825773128524314,236,257.8715232579998,1.0926759460084736,False,False,False,False,trial_51
50,0.1,1.0,9,random_same,dynamic,True,100.0,1.1893070965840065,306,386.5232247800013,1.2631477933986972,False,False,False,False,trial_51
50,0.1,1.0,9,random_same,dynamic,False,91.66666666666666,1.0613800478581241,400,479.34307137200085,1.198357678430002,False,False,False,False,trial_51
50,0.1,1.0,9,random_same,dynamic,False,91.66666666666666,1.0780760529009386,400,388.6719406270058,0.9716798515675146,False,False,False,False,trial_51
50,0.1,1.0,9,random_same,dynamic,False,62.575699953745655,0.6435464889341285,26,28.466813628001546,1.0948774472308287,False,True,False,False,trial_46
50,0.1,1.0,9,random_same,dynamic,False,62.6730729281471,0.6407687712082438,36,31.070955097995466,0.8630820860554296,False,True,False,False,trial_46
50,0.1,1.0,9,random_same,dynamic,False,61.725428585347956,0.6092946230880554,13,13.129277995998564,1.0099444612306587,False,True,False,False,trial_46
50,0.1,1.0,9,random_same,dynamic,False,48.81980457653788,0.5336977141921077,19,17.993131934999838,0.9470069439473598,False,True,False,False,trial_46
50,0.1,1.0,9,random_same,dynamic,True,100.0,1.142737371745877,246,279.9050419549967,1.1378253738007995,False,False,False,False,trial_51
50,0.1,1.0,9,random_same,dynamic,True,100.0,1.1760358954691728,379,402.15985546099546,1.06110779805012,False,False,False,False,trial_51
50,0.1,1.0,9,random_same,dynamic,False,70.20749666765127,0.7121590198248087,21,24.873852994998742,1.1844691902380353,False,True,False,False,trial_46
50,0.1,1.0,9,random_same,dynamic,False,62.575699953745655,0.6435464889341285,26,27.898575052000524,1.0730221173846355,False,True,False,False,trial_46
50,0.1,1.0,9,random_same,dynamic,False,40.29943142554709,0.41887540574253845,15,14.822146951999457,0.9881431301332971,False,True,False,False,trial_46
50,0.1,1.0,9,random_same,dynamic,False,70.20749666765127,0.7121590198248087,21,27.003852306996123,1.2858977289045772,False,True,False,False,trial_46
50,0.1,1.0,9,random_same,dynamic,True,100.0,1.1834021611992591,250,264.253781256004,1.057015125024016,False,False,False,False,trial_51
50,0.1,1.0,9,random_same,dynamic,False,50.0,0.5602205191778834,70,77.2387625360061,1.1034108933715159,False,True,False,False,trial_51
50,0.1,1.0,9,random_same,dynamic,False,71.06745441384544,0.7431013382257619,24,23.801497027998266,0.9917290428332611,False,True,False,False,trial_46
50,0.1,1.0,9,random_same,dynamic,False,91.66666666666666,1.079217607417876,400,452.4514732940006,1.1311286832350016,False,False,False,False,trial_51
50,0.1,1.0,9,random_same,dynamic,False,91.66666666666666,1.0613800478581241,400,478.35671033700055,1.1958917758425014,False,False,False,False,trial_51
50,0.1,1.0,9,random_same,dynamic,False,91.66666666666666,1.0613800478581241,400,475.03508581099595,1.1875877145274898,False,False,False,False,trial_51
50,0.1,1.0,9,random_same,dynamic,False,91.66666666666666,1.0880587394895602,400,443.84185006999905,1.1096046251749976,False,False,False,False,trial_51
50,0.1,1.0,9,random_same,dynamic,True,100.0,1.176439619445471,207,262.1001047919999,1.2661840811207725,False,False,False,False,trial_51
50,0.1,1.0,9,random_same,dynamic,False,63.74841444938335,0.6809538635865108,21,20.392089689004933,0.9710518899526159,False,True,False,False,trial_46
50,0.1,1.0,9,random_same,dynamic,True,100.0,1.176439619445471,207,246.60666583900456,1.191336549946882,False,False,False,False,trial_51
50,0.1,1.0,9,random_same,dynamic,True,100.0,1.1121542739468746,242,272.2170460959969,1.1248638268429625,False,False,False,False,trial_51
50,0.1,1.0,9,random_same,dynamic,True,100.0,1.1834021611992591,250,261.15712347500084,1.0446284939000035,False,False,False,False,trial_51
50,0.1,1.0,9,random_same,dynamic,True,100.0,1.1372424593762,219,266.1767794780026,1.215419084374441,False,False,False,False,trial_51
50,0.1,1.0,9,random_same,dynamic,True,100.0,1.129639867227496,393,384.0744200209956,0.9772886005623298,False,False,False,False,trial_51
50,0.1,1.0,9,random_same,dynamic,True,100.0,1.1770298918750879,137,162.50111166499846,1.1861395012043683,False,False,False,False,trial_46
50,0.1,1.0,9,random_same,dynamic,False,81.33059579240958,0.8975726623198376,30,33.99160843899881,1.1330536146332937,False,True,False,False,trial_46
50,0.1,1.0,9,random_same,dynamic,True,100.0,1.1770298918750879,137,164.01329406100558,1.1971773289124494,False,False,False,False,trial_46
50,0.1,1.0,9,random_same,dynamic,True,100.0,1.1790734299110421,123,163.31326121600432,1.327750091187027,False,False,False,False,trial_46
50,0.1,1.0,9,random_same,dynamic,True,100.0,1.1073405259384093,385,372.1367230640026,0.9665888910753314,False,False,False,False,trial_51
50,0.1,1.0,9,random_same,dynamic,False,91.66666666666666,1.0894286797881068,400,346.4285902699994,0.8660714756749985,False,False,False,False,trial_51
50,0.1,1.0,9,random_same,dynamic,True,100.0,1.1512498611684217,145,132.7011885920001,0.9151806109793111,False,False,False,False,trial_46
50,0.1,1.0,9,random_same,dynamic,True,100.0,1.0625592307687086,216,243.7932541609989,1.1286724729675877,False,False,False,False,trial_46
50,0.1,1.0,9,random_same,dynamic,True,100.0,1.1770298918750879,137,179.7558105240023,1.3120862082043963,False,False,False,False,trial_46
50,0.1,1.0,9,random_same,dynamic,True,100.0,1.1895732988271055,155,202.6106921380051,1.3071657557290652,False,False,False,False,trial_46
50,0.1,1.0,9,random_same,dynamic,True,100.0,1.1770298918750879,137,152.76693397099734,1.1150871092773529,False,False,False,False,trial_46
50,0.1,1.0,9,random_same,dynamic,True,100.0,1.1770298918750879,137,157.47824330200092,1.1494762284817586,False,False,False,False,trial_46
50,0.1,1.0,9,random_same,dynamic,True,100.0,1.1705568551421996,300,309.66435737399297,1.0322145245799765,False,False,False,False,trial_51
50,0.1,1.0,9,random_same,dynamic,True,100.0,1.164736270036056,209,234.44526717899862,1.121747689851668,False,False,False,False,trial_46
50,0.1,1.0,9,random_same,dynamic,False,91.66666666666666,1.0894286797881068,400,350.83008389000315,0.8770752097250079,False,False,False,False,trial_51
50,0.1,1.0,9,random_same,dynamic,True,100.0,1.1891354588163403,390,496.61001381999813,1.273359009794867,False,False,False,False,trial_51
50,0.1,1.0,9,random_same,dynamic,False,91.66666666666666,1.0880587394895602,400,481.0371616350021,1.2025929040875054,False,False,False,False,trial_51
50,0.1,1.0,9,random_same,dynamic,False,81.33059579240958,0.8975726623198376,30,33.45690447300149,1.1152301491000496,False,True,False,False,trial_46
50,0.1,1.0,9,random_same,dynamic,True,100.0,1.0506294171652348,334,375.47636474799947,1.1241807327784414,False,False,False,False,trial_46
50,0.1,1.0,9,random_same,dynamic,False,99.41592665597395,1.1675041020922754,400,386.06709710099676,0.965167742752492,False,False,False,False,trial_51
50,0.1,1.0,9,random_same,dynamic,True,100.0,1.1870980128331787,224,283.88114418199984,1.267326536526785,False,False,False,False,trial_46
50,0.1,1.0,9,random_same,dynamic,True,100.0,1.0708192417171085,260,337.5784497190034,1.2983786527653978,False,False,False,False,trial_46
50,0.1,1.0,9,random_same,dynamic,True,100.0,1.1612368058920972,250,285.5558594519971,1.1422234378079883,False,False,False,False,trial_46
50,0.1,1.0,9,random_same,dynamic,False,81.41394171025553,0.9083363440860044,42,44.63366335799947,1.0627062704285588,False,True,False,False,trial_46
50,0.1,1.0,9,random_same,dynamic,False,91.66666666666666,1.0721662590320664,400,455.4700056580041,1.1386750141450102,False,False,False,False,trial_51
50,0.1,1.0,9,random_same,dynamic,True,100.0,1.1873966394125839,400,502.4326491280008,1.256081622820002,False,False,False,False,trial_51
50,0.1,1.0,9,random_same,dynamic,False,91.66666666666666,1.0411624769682921,182,224.4767775299988,1.233388887527466,False,True,False,False,trial_46
50,0.1,1.0,9,random_same,dynamic,True,100.0,1.1870980128331787,224,301.57355924800504,1.3463105323571654,False,False,False,False,trial_46
50,0.1,1.0,9,random_same,dynamic,True,100.0,1.1873966394125839,400,504.1394403960003,1.2603486009900007,False,False,False,False,trial_51
50,0.1,1.0,9,random_same,dynamic,False,91.66666666666666,1.0411624769682921,182,224.68727751400002,1.234545480846154,False,True,False,False,trial_46
50,0.1,1.0,9,random_same,dynamic,True,100.0,1.1501230018997841,305,412.3253237480021,1.3518863073704988,False,False,False,False,trial_46
50,0.1,1.0,9,random_same,dynamic,True,100.0,1.1529124163872437,306,348.13343643099506,1.137690968728742,False,False,False,False,trial_46
50,0.1,1.0,9,random_same,dynamic,False,91.66666666666666,1.0411624769682921,182,205.8893520920028,1.1312601763296857,False,True,False,False,trial_46
50,0.1,1.0,9,random_same,dynamic,True,100.0,1.0555308028475503,229,289.3968710790068,1.2637417951048333,False,False,False,False,trial_46
50,0.1,1.0,9,random_same,dynamic,True,100.0,1.1768952382367825,157,172.24329356300586,1.0970910418025852,False,False,False,False,trial_46
50,0.1,1.0,9,random_same,dynamic,False,91.66666666666666,1.0411624769682921,182,218.06130784199922,1.1981390540769188,False,True,False,False,trial_46
50,0.1,1.0,9,random_same,dynamic,True,100.0,1.1797775638305104,176,234.8011707839978,1.3340975612727148,False,False,False,False,trial_46
50,0.1,1.0,9,random_same,dynamic,True,100.0,1.1870715172520812,286,403.8901556529963,1.4122033414440431,False,False,False,False,trial_46
100,0.1,1.0,9,random_same,dynamic,False,71.46488406711484,0.7824312392301821,58,120.22039523100102,2.072765435017259,False,True,False,False,trial_45
50,0.1,1.0,9,random_same,dynamic,True,100.0,1.166481204016525,184,259.22771150399785,1.4088462581739014,False,False,False,False,trial_46
100,0.1,1.0,9,random_same,dynamic,False,80.44746029253017,0.9017711987845779,37,74.60728426200512,2.0164130881623006,False,True,False,False,trial_45
50,0.1,1.0,9,random_same,dynamic,True,100.0,1.1870980128331787,224,295.33047528500174,1.3184396218080434,False,False,False,False,trial_46
50,0.1,1.0,9,random_same,dynamic,True,100.0,1.1726512531774833,248,289.23086083400267,1.1662534711048496,False,False,False,False,trial_46
50,0.1,1.0,9,random_same,dynamic,True,100.0,1.1726512531774833,248,296.5299922960039,1.1956854528064673,False,False,False,False,trial_46
50,0.1,1.0,9,random_same,dynamic,True,100.0,1.1501230018997841,305,404.291932428001,1.325547319436069,False,False,False,False,trial_46
50,0.1,1.0,9,random_same,dynamic,False,91.66666666666666,1.0156543628400265,313,392.9961868360042,1.2555788716805245,False,True,False,False,trial_46
50,0.1,1.0,9,random_same,dynamic,True,100.0,1.166481204016525,184,237.94827228299982,1.293197131972825,False,False,False,False,trial_46
50,0.1,1.0,9,random_same,dynamic,True,100.0,1.1501230018997841,305,386.2203814539971,1.2662963326360561,False,False,False,False,trial_46
50,0.1,1.0,9,random_same,dynamic,True,100.0,1.1870715172520812,286,378.35642210599326,1.3229245528181584,False,False,False,False,trial_46
100,0.1,1.0,9,random_same,dynamic,True,100.0,1.1899999999999997,162,361.0664604679987,2.228805311530856,False,False,False,False,trial_45
100,0.1,1.0,9,random_same,dynamic,True,100.0,1.1899999999999997,162,373.9377046869995,2.308257436339503,False,False,False,False,trial_45
100,0.1,1.0,9,random_same,dynamic,True,100.0,1.1899999999999997,162,345.27861645899975,2.1313494843148133,False,False,False,False,trial_45
50,0.1,1.0,9,random_same,dynamic,False,91.66666666666666,1.0716458108556484,400,538.4033717909988,1.346008429477497,False,False,False,False,trial_46
100,0.1,1.0,9,random_same,dynamic,False,78.53473278629069,0.8746537474647562,171,367.4724225680038,2.1489615354854026,False,True,False,False,trial_45
50,0.1,1.0,9,random_same,dynamic,False,91.66666666666666,1.0716458108556484,400,513.506610176999,1.2837665254424975,False,False,False,False,trial_46
100,0.1,1.0,9,random_same,dynamic,True,100.0,1.1899999999999997,162,373.6906414469995,2.3067323546111083,False,False,False,False,trial_45
100,0.1,1.0,9,random_same,dynamic,False,89.3537782685242,0.9772287054852196,170,342.5763407869963,2.0151549458058606,False,True,False,False,trial_45
50,0.1,1.0,9,random_same,dynamic,False,91.66666666666666,1.0716458108556484,400,529.8029870089958,1.3245074675224897,False,False,False,False,trial_46
100,0.1,1.0,9,random_same,dynamic,True,100.0,1.1733931827335475,120,257.0779058430053,2.142315882025044,False,False,False,False,trial_45
100,0.1,1.0,9,random_same,dynamic,True,100.0,1.1898550806597463,134,307.9805543350012,2.298362345783591,False,False,False,False,trial_45
100,0.1,1.0,9,random_same,dynamic,True,100.0,1.1897571589886269,175,410.9299268850009,2.3481710107714338,False,False,False,False,trial_45
100,0.1,1.0,9,random_same,dynamic,True,100.0,1.163503906640897,282,511.1988067849961,1.8127617261879294,False,False,False,False,trial_45
100,0.1,1.0,9,random_same,dynamic,True,100.0,1.1893830348035745,215,489.6030132539963,2.277223317460448,False,False,False,False,trial_45
100,0.1,1.0,9,random_same,dynamic,True,100.0,1.1733931827335475,120,247.08952722200047,2.0590793935166705,False,False,False,False,trial_45
100,0.1,1.0,9,random_same,dynamic,True,100.0,1.1893830348035745,215,483.6409996329967,2.2494930215488216,False,False,False,False,trial_45
100,0.1,1.0,9,random_same,dynamic,True,100.0,1.1772969135989786,251,482.9484440410015,1.924097386617536,False,False,False,False,trial_45
100,0.1,1.0,9,random_same,dynamic,True,100.0,1.1387001530622987,310,666.266548489999,2.1492469306129,False,False,False,False,trial_45
100,0.1,1.0,9,random_same,dynamic,False,91.66666666666666,1.0493665121193299,400,711.8670330770037,1.7796675826925092,False,False,False,False,trial_45
100,0.1,1.0,9,random_same,dynamic,False,91.66666666666666,1.0493665121193299,400,697.452569633002,1.743631424082505,False,False,False,False,trial_45
100,0.1,1.0,9,random_same,dynamic,False,91.66666666666666,1.0493665121193299,400,704.2143491690003,1.760535872922501,False,False,False,False,trial_45
100,0.1,1.0,9,random_same,dynamic,True,100.0,1.184220429940468,210,435.01000427099643,2.071476210814269,False,False,False,False,trial_45
100,0.1,1.0,9,random_same,dynamic,True,100.0,1.184220429940468,210,424.4296369799995,2.021093509428569,False,False,False,False,trial_45
100,0.1,1.0,9,random_same,dynamic,True,100.0,1.1733931827335475,120,272.66563192500325,2.272213599375027,False,False,False,False,trial_45
100,0.1,1.0,9,random_same,dynamic,True,100.0,1.1900000000000002,204,470.02974954199453,2.3040673997156595,False,False,False,False,trial_45
100,0.1,1.0,9,random_same,dynamic,False,89.42541757020201,0.9622352995392729,327,679.8067574090019,2.0789197474281402,False,True,False,False,trial_45
100,0.1,1.0,9,random_same,dynamic,True,100.0,1.1900000000000002,204,449.7531864279954,2.2046724824901736,False,False,False,False,trial_45
100,0.1,1.0,9,random_same,dynamic,True,100.0,1.1900000000000002,204,465.63840076199995,2.282541180205882,False,False,False,False,trial_45
100,0.1,1.0,9,random_same,dynamic,False,91.66666666666666,0.9674664344668799,400,760.9997469540031,1.9024993673850077,False,False,False,False,trial_45
100,0.1,1.0,9,random_same,dynamic,True,100.0,1.1865190017285787,142,301.50364052999794,2.123265074154915,False,False,False,False,trial_45
100,0.1,1.0,9,random_same,dynamic,False,91.66666666666666,1.0904933351137767,400,793.7504369279995,1.984376092319999,False,False,False,False,trial_45
100,0.1,1.0,9,random_same,dynamic,True,100.0,1.184220429940468,210,424.1776378460054,2.0198935135524065,False,False,False,False,trial_45
100,0.1,1.0,9,random_same,dynamic,False,91.66666666666666,1.0862418142273924,400,830.427502904,2.07606875726,False,False,False,False,trial_45
100,0.1,1.0,9,random_same,dynamic,False,91.66666666666666,1.0569262419756218,400,821.6519558779983,2.0541298896949955,False,False,False,False,trial_45
100,0.1,1.0,9,random_same,dynamic,True,100.0,1.1893830348035745,215,469.00006784899597,2.1813956644139347,False,False,False,False,trial_45
100,0.1,1.0,9,random_same,dynamic,False,91.66666666666666,1.0493665121193299,400,718.305622120999,1.7957640553024976,False,False,False,False,trial_45
100,0.1,1.0,9,random_same,dynamic,True,100.0,1.1865190017285787,142,304.53175244700105,2.144589805964796,False,False,False,False,trial_45
100,0.1,1.0,9,random_same,dynamic,False,83.33333333333334,0.9861328386265203,400,932.9548612059953,2.332387153014988,False,False,False,False,trial_45
100,0.1,1.0,9,random_same,dynamic,True,100.0,1.164832360710172,155,303.75741132999974,1.959725234387095,False,False,False,False,trial_45
100,0.1,1.0,9,random_same,dynamic,False,91.66666666666666,1.0642856620881862,400,842.4897142530026,2.1062242856325066,False,False,False,False,trial_45
100,0.1,1.0,9,random_same,dynamic,False,80.88453794810265,0.8738093182012057,21,46.15694439600338,2.1979497331430182,False,True,False,False,trial_60
100,0.1,1.0,9,random_same,dynamic,False,91.66666666666666,1.0888177388685527,400,890.2082328050019,2.225520582012505,False,False,False,False,trial_45
100,0.1,1.0,9,random_same,dynamic,True,100.0,1.184220429940468,210,400.60618191799585,1.9076484853237898,False,False,False,False,trial_45
100,0.1,1.0,9,random_same,dynamic,False,91.66666666666666,1.0642856620881862,400,882.4167523799988,2.206041880949997,False,False,False,False,trial_45
100,0.1,1.0,9,random_same,dynamic,True,100.0,1.1475906699003087,152,314.29793332400004,2.0677495613421057,False,False,False,False,trial_60
100,0.1,1.0,9,random_same,dynamic,True,100.0,1.1475906699003087,152,315.76322164500016,2.077389616085527,False,False,False,False,trial_60
100,0.1,1.0,9,random_same,dynamic,False,65.64628531329663,0.7414803065037301,213,525.7195354249998,2.4681668329812196,False,True,False,False,trial_45
100,0.1,1.0,9,random_same,dynamic,False,83.33333333333334,0.8733161071461317,71,194.03238903299643,2.732850549760513,False,True,False,False,trial_60
100,0.1,1.0,9,random_same,dynamic,True,100.0,1.1475906699003087,152,328.75892880299943,2.1628876894934175,False,False,False,False,trial_60
100,0.1,1.0,9,random_same,dynamic,True,100.0,1.1674754485499208,156,324.67850748500496,2.081272483878237,False,False,False,False,trial_60
100,0.1,1.0,9,random_same,dynamic,True,100.0,1.1263017311140726,141,277.578283705996,1.9686403099716028,False,False,False,False,trial_60
100,0.1,1.0,9,random_same,dynamic,True,100.0,1.1599242094002549,145,257.80580297399865,1.777971054993094,False,False,False,False,trial_60
100,0.1,1.0,9,random_same,dynamic,True,100.0,1.1555975960073621,198,402.67918388999533,2.0337332519696734,False,False,False,False,trial_60
100,0.1,1.0,9,random_same,dynamic,True,100.0,1.0473563365103116,178,357.0647301489953,2.0059816300505355,False,False,False,False,trial_60
100,0.1,1.0,9,random_same,dynamic,False,91.66666666666666,1.0862418142273924,400,799.7225921940044,1.999306480485011,False,False,False,False,trial_45
100,0.1,1.0,9,random_same,dynamic,True,100.0,1.1831550773041901,137,317.5313852249965,2.3177473374087336,False,False,False,False,trial_60
100,0.1,1.0,9,random_same,dynamic,False,78.71026074854092,0.8619347853975508,179,446.0335120020027,2.491807329620127,False,True,False,False,trial_45
100,0.1,1.0,9,random_same,dynamic,False,79.56257871760911,0.8388805031198372,17,45.04870110699994,2.649923594529408,False,True,False,False,trial_60
100,0.1,1.0,9,random_same,dynamic,False,91.66666666666666,1.0904933351137767,400,748.782940473,1.8719573511825,False,False,False,False,trial_45
100,0.1,1.0,9,random_same,dynamic,True,100.0,1.1674754485499208,156,325.82031801399717,2.0885917821410076,False,False,False,False,trial_60
100,0.1,1.0,9,random_same,dynamic,False,79.56257871760911,0.8388805031198372,17,41.96774060399912,2.468690623764654,False,True,False,False,trial_60
100,0.1,1.0,9,random_same,dynamic,True,100.0,1.1263017311140726,141,281.94198387699726,1.9995885381347323,False,False,False,False,trial_60
100,0.1,1.0,9,random_same,dynamic,True,100.0,1.1860225353625238,373,737.0697805129967,1.9760583927962376,False,False,False,False,trial_45
100,0.1,1.0,9,random_same,dynamic,True,100.0,1.1805074217540819,145,337.79644780200033,2.329630674496554,False,False,False,False,trial_60
100,0.1,1.0,9,random_same,dynamic,False,82.84820406454274,0.9448001907011039,45,129.73518524000247,2.883004116444499,False,True,False,False,trial_60
100,0.1,1.0,9,random_same,dynamic,True,100.0,1.1293582822033097,300,498.808374233995,1.6626945807799833,False,False,False,False,trial_60
100,0.1,1.0,9,random_same,dynamic,True,100.0,1.171348174476345,166,351.4382195520011,2.117097708144585,False,False,False,False,trial_60
100,0.1,1.0,9,random_same,dynamic,True,100.0,1.151540740568942,238,529.9519915109995,2.226689039962183,False,False,False,False,trial_60
100,0.1,1.0,9,random_same,dynamic,True,100.0,1.1767399115450252,138,304.453575243002,2.2061853278478405,False,False,False,False,trial_60
100,0.1,1.0,9,random_same,dynamic,False,91.66666666666666,1.053015911619764,400,787.7620234859933,1.9694050587149832,False,False,False,False,trial_45
100,0.1,1.0,9,random_same,dynamic,True,100.0,1.171348174476345,166,376.1994840109983,2.2662619518734837,False,False,False,False,trial_60
100,0.1,1.0,9,random_same,dynamic,False,91.66666666666666,1.040176207268396,400,751.0430105600026,1.8776075264000065,False,False,False,False,trial_45
100,0.1,1.0,9,random_same,dynamic,False,91.66666666666666,1.0498859167191705,400,552.4497183819985,1.3811242959549963,False,False,False,False,trial_60
100,0.1,1.0,9,random_same,dynamic,False,91.66666666666666,1.0734919819592768,400,779.3094263349994,1.9482735658374986,False,False,False,False,trial_45
100,0.1,1.0,9,random_same,dynamic,True,100.0,1.1767399115450252,138,305.81241219700314,2.216031972442052,False,False,False,False,trial_60
100,0.1,1.0,9,random_same,dynamic,False,83.33333333333334,0.908044937135925,195,435.411745039004,2.232880743789764,False,True,False,False,trial_60
100,0.1,1.0,9,random_same,dynamic,True,100.0,1.179483614213734,174,392.93521675300144,2.2582483721436866,False,False,False,False,trial_60
100,0.1,1.0,9,random_same,dynamic,True,100.0,1.1245617296943544,310,692.2016435319965,2.2329085275225693,False,False,False,False,trial_60
100,0.1,1.0,9,random_same,dynamic,True,100.0,1.151540740568942,238,531.0140465619988,2.2311514561428525,False,False,False,False,trial_60
100,0.1,1.0,9,random_same,dynamic,True,100.0,1.1584911371380875,135,291.7210098279975,2.1608963690962777,False,False,False,False,trial_60
100,0.1,1.0,9,random_same,dynamic,True,100.0,1.1812922939091395,97,225.6136409489991,2.3259138242164856,False,False,False,False,trial_60
100,0.1,1.0,9,random_same,dynamic,True,100.0,1.1812922939091395,97,218.8581828420065,2.2562699262062527,False,False,False,False,trial_60
100,0.1,1.0,9,random_same,dynamic,False,91.66666666666666,1.0826455360285423,400,825.4215228499961,2.06355380712499,False,False,False,False,trial_60
100,0.1,1.0,9,random_same,dynamic,True,100.0,1.1696153198257435,254,613.9609709919969,2.417169177133846,False,False,False,False,trial_60
100,0.1,1.0,9,random_same,dynamic,False,91.66666666666666,1.0826455360285423,400,791.1304606900012,1.977826151725003,False,False,False,False,trial_60
100,0.1,1.0,9,random_same,dynamic,True,100.0,1.151540740568942,238,528.7370185899999,2.221584111722689,False,False,False,False,trial_60
100,0.1,1.0,9,random_same,dynamic,True,100.0,1.1696153198257435,254,627.2315875720014,2.4694156991023677,False,False,False,False,trial_60
100,0.1,1.0,9,random_same,dynamic,True,100.0,1.1696153198257435,254,633.902835081004,2.495680453074819,False,False,False,False,trial_60
100,0.1,1.0,9,random_same,dynamic,False,91.08365629127387,1.015654076252505,53,114.61433423599374,2.162534608226297,False,True,False,False,trial_51
100,0.1,1.0,9,random_same,dynamic,False,83.33333333333334,0.908044937135925,195,438.5118552060012,2.24877874464616,False,True,False,False,trial_60
100,0.1,1.0,9,random_same,dynamic,True,100.0,1.1706394210829827,170,391.9111285780018,2.305359579870599,False,False,False,False,trial_60
100,0.1,1.0,9,random_same,dynamic,False,91.66666666666666,1.0334986423207688,400,709.7409611410039,1.77435240285251,False,False,False,False,trial_60
100,0.1,1.0,9,random_same,dynamic,False,91.66666666666666,1.0908304047900188,400,758.7788850139987,1.8969472125349967,False,False,False,False,trial_60
100,0.1,1.0,9,random_same,dynamic,True,100.0,1.1435075046243404,295,665.3015699929965,2.255259559298293,False,False,False,False,trial_60
100,0.1,1.0,9,random_same,dynamic,True,100.0,1.19,245,590.428161429998,2.409910862979584,False,False,False,False,trial_60
100,0.1,1.0,9,random_same,dynamic,True,100.0,1.1707447656931191,224,503.96580479399563,2.249847342830338,False,False,False,False,trial_60
100,0.1,1.0,9,random_same,dynamic,False,91.66666666666666,1.0908304047900188,400,796.1314624160004,1.990328656040001,False,False,False,False,trial_60
100,0.1,1.0,9,random_same,dynamic,True,100.0,1.1872956022928112,153,360.1325945510034,2.353807807522898,False,False,False,False,trial_51
100,0.1,1.0,9,random_same,dynamic,False,91.66666666666666,1.0908304047900188,400,794.1158674379985,1.9852896685949963,False,False,False,False,trial_60
100,0.1,1.0,9,random_same,dynamic,True,100.0,1.1688866416603134,269,607.8938652840006,2.259828495479556,False,False,False,False,trial_60
100,0.1,1.0,9,random_same,dynamic,False,91.66666666666666,1.0859538878965191,400,691.0548858170005,1.7276372145425012,False,False,False,False,trial_60
100,0.1,1.0,9,random_same,dynamic,True,100.0,1.1712665822901271,238,502.5399441079935,2.111512370201653,False,False,False,False,trial_51
100,0.1,1.0,9,random_same,dynamic,False,91.66666666666666,1.070244194043016,400,1168.3937658060022,2.9209844145150057,False,False,False,False,trial_60
100,0.1,1.0,9,random_same,dynamic,True,100.0,1.1751592728730635,217,522.3803569969969,2.407282751138234,False,False,False,False,trial_51
100,0.1,1.0,9,random_same,dynamic,True,100.0,1.1872956022928112,153,333.6641071069971,2.1808111575620726,False,False,False,False,trial_51
100,0.1,1.0,9,random_same,dynamic,False,50.0,0.5278360572504079,67,145.20407612100098,2.167225016731358,False,True,False,False,trial_51
100,0.1,1.0,9,random_same,dynamic,True,100.0,1.1720476367499755,355,679.8964328939983,1.9152012194197134,False,False,False,False,trial_51
100,0.1,1.0,9,random_same,dynamic,True,100.0,1.1751592728730635,217,474.22615972000494,2.18537400792629,False,False,False,False,trial_51
100,0.1,1.0,9,random_same,dynamic,False,91.66666666666666,1.070244194043016,400,1175.3490640839955,2.9383726602099887,False,False,False,False,trial_60
100,0.1,1.0,9,random_same,dynamic,False,50.0,0.5278360572504079,67,136.57464647199959,2.038427559283576,False,True,False,False,trial_51
100,0.1,1.0,9,random_same,dynamic,True,100.0,1.1720476367499755,355,674.5759359290023,1.9002139040253585,False,False,False,False,trial_51
100,0.1,1.0,9,random_same,dynamic,True,100.0,1.1689358684823223,373,796.145959776004,2.134439570445051,False,False,False,False,trial_51
100,0.1,1.0,9,random_same,dynamic,True,100.0,1.187536752649772,339,738.7566179409987,2.1792230617728574,False,False,False,False,trial_51
100,0.1,1.0,9,random_same,dynamic,True,100.0,1.1795426729617748,252,551.3910504649975,2.1880597240674504,False,False,False,False,trial_51
100,0.1,1.0,9,random_same,dynamic,True,100.0,1.1720476367499755,355,685.3985982390004,1.9307002767295787,False,False,False,False,trial_51
100,0.1,1.0,9,random_same,dynamic,False,91.66666666666666,1.0841542142206864,400,918.4671780770004,2.2961679451925012,False,False,False,False,trial_51
100,0.1,1.0,9,random_same,dynamic,True,100.0,1.1856979252515427,208,397.7509586840024,1.9122642244423191,False,False,False,False,trial_51
100,0.1,1.0,9,random_same,dynamic,True,100.0,1.1366239780354528,142,279.6681946250028,1.96949432834509,False,False,False,False,trial_51
100,0.1,1.0,9,random_same,dynamic,False,91.66666666666666,1.0841542142206864,400,887.0286021610009,2.217571505402502,False,False,False,False,trial_51
100,0.1,1.0,9,random_same,dynamic,True,100.0,1.1838491179104944,275,607.2016704579946,2.2080060743927077,False,False,False,False,trial_51
100,0.1,1.0,9,random_same,dynamic,False,91.66666666666666,1.0908333333333335,400,896.6447639639955,2.241611909909989,False,False,False,False,trial_51
100,0.1,1.0,9,random_same,dynamic,False,91.66666666666666,1.06076515233589,400,684.8533686540031,1.712133421635008,False,False,False,False,trial_51
100,0.1,1.0,9,random_same,dynamic,True,100.0,1.128268895991714,328,738.0521142229991,2.2501588848262166,False,False,False,False,trial_51
100,0.1,1.0,9,random_same,dynamic,False,91.66666666666666,1.0908333333333335,400,871.4812484040012,2.178703121010003,False,False,False,False,trial_51
100,0.1,1.0,9,random_same,dynamic,False,91.66666666666666,1.0899962020821288,400,874.6398546839991,2.186599636709998,False,False,False,False,trial_51
100,0.1,1.0,9,random_same,dynamic,False,91.66666666666666,1.0899962020821288,400,879.9053976159994,2.1997634940399986,False,False,False,False,trial_51
100,0.1,1.0,9,random_same,dynamic,False,91.66666666666666,1.0722464472914925,400,1011.3727327160013,2.5284318317900034,False,False,False,False,trial_51
100,0.1,1.0,9,random_same,dynamic,True,100.0,1.1884851192073296,314,739.1912926419973,2.354112396949036,False,False,False,False,trial_51
100,0.1,1.0,9,random_same,dynamic,True,100.0,1.1842157001116904,235,467.0334464350017,1.9873763678085177,False,False,False,False,trial_51
100,0.1,1.0,9,random_same,dynamic,True,100.0,1.177259468144605,343,844.6867270110015,2.4626435189825115,False,False,False,False,trial_51
100,0.1,1.0,9,random_same,dynamic,True,100.0,1.1684913413514275,289,618.1943127539998,2.139080666968858,False,False,False,False,trial_51
100,0.1,1.0,9,random_same,dynamic,True,100.0,1.1684913413514275,289,634.8587119759977,2.1967429480138327,False,False,False,False,trial_51
100,0.1,1.0,9,random_same,dynamic,True,100.0,1.154292844467187,345,790.5211522830068,2.291365658791324,False,False,False,False,trial_51
100,0.1,1.0,9,random_same,dynamic,True,100.0,1.1684913413514275,289,664.8642961410005,2.3005684987577872,False,False,False,False,trial_51
100,0.1,1.0,9,random_same,dynamic,False,91.66666666666666,1.0899535559906315,400,973.1708348280008,2.432927087070002,False,False,False,False,trial_51
100,0.1,1.0,9,random_same,dynamic,False,83.33333333333334,0.949255466188941,47,106.21129285400093,2.259814741574488,False,True,False,False,trial_46
100,0.1,1.0,9,random_same,dynamic,False,89.19231021379497,0.9381283812228708,99,199.73696654800005,2.017545116646465,False,True,False,False,trial_46
100,0.1,1.0,9,random_same,dynamic,True,100.0,1.1816056513769102,234,458.6336797959957,1.9599729905811782,False,False,False,False,trial_51
100,0.1,1.0,9,random_same,dynamic,True,100.0,1.1742432029885708,122,278.53459662500245,2.283070464139364,False,False,False,False,trial_46
100,0.1,1.0,9,random_same,dynamic,True,100.0,1.1894863547450316,170,356.5646710639994,2.0974392415529377,False,False,False,False,trial_51
100,0.1,1.0,9,random_same,dynamic,True,100.0,1.1847944510963302,224,511.3514830839995,2.282819120910712,False,False,False,False,trial_51
100,0.1,1.0,9,random_same,dynamic,False,89.19231021379497,0.9381283812228708,99,225.3151223179957,2.275910326444401,False,True,False,False,trial_46
100,0.1,1.0,9,random_same,dynamic,True,100.0,1.1742432029885708,122,276.9055972169954,2.2697180099753718,False,False,False,False,trial_46
100,0.1,1.0,9,random_same,dynamic,True,100.0,1.1851469302805286,349,738.490156009997,2.116017638997126,False,False,False,False,trial_51
100,0.1,1.0,9,random_same,dynamic,True,100.0,1.1838491179104944,275,614.4679259559998,2.2344288216581814,False,False,False,False,trial_51
100,0.1,1.0,9,random_same,dynamic,True,100.0,1.168969156025952,248,521.4459144130014,2.102604493600812,False,False,False,False,trial_51
100,0.1,1.0,9,random_same,dynamic,True,100.0,1.1672951582815148,350,813.9208683330071,2.3254881952371633,False,False,False,False,trial_51
100,0.1,1.0,9,random_same,dynamic,False,89.19231021379497,0.9381283812228708,99,200.5414468759991,2.0256711805656473,False,True,False,False,trial_46
100,0.1,1.0,9,random_same,dynamic,False,62.37602679050431,0.6366953110246967,16,33.574895900004776,2.0984309937502985,False,True,False,False,trial_46
100,0.1,1.0,9,random_same,dynamic,True,100.0,1.1892474416759125,376,704.1860391060036,1.8728352103883075,False,False,False,False,trial_51
100,0.1,1.0,9,random_same,dynamic,True,100.0,1.1672951582815148,350,800.4395380339993,2.2869701086685694,False,False,False,False,trial_51
100,0.1,1.0,9,random_same,dynamic,True,100.0,1.1892474416759125,376,705.0494227009985,1.8751314433537196,False,False,False,False,trial_51
100,0.1,1.0,9,random_same,dynamic,True,100.0,1.174387763377794,195,407.14521982800215,2.087924204246165,False,False,False,False,trial_46
100,0.1,1.0,9,random_same,dynamic,False,91.66666666666666,1.0899535559906315,400,982.109849393004,2.45527462348251,False,False,False,False,trial_51
100,0.1,1.0,9,random_same,dynamic,False,91.66666666666666,1.089335735995038,400,862.1837500700058,2.1554593751750146,False,False,False,False,trial_51
100,0.1,1.0,9,random_same,dynamic,True,100.0,1.1811787186680545,128,304.18540644199675,2.3764484878280996,False,False,False,False,trial_46
100,0.1,1.0,9,random_same,dynamic,True,100.0,1.1587176804415509,131,347.7712256520026,2.654742180549638,False,False,False,False,trial_46
100,0.1,1.0,9,random_same,dynamic,True,100.0,1.134786064659745,100,235.3654095910024,2.353654095910024,False,False,False,False,trial_46
100,0.1,1.0,9,random_same,dynamic,True,100.0,1.1857694882649226,219,449.3292660629959,2.0517318085068306,False,False,False,False,trial_46
100,0.1,1.0,9,random_same,dynamic,True,100.0,1.1641605525449,126,317.1588068190031,2.5171333874524056,False,False,False,False,trial_46
100,0.1,1.0,9,random_same,dynamic,True,100.0,1.1872549338935077,342,765.5222358090032,2.238369110552641,False,False,False,False,trial_51
100,0.1,1.0,9,random_same,dynamic,True,100.0,1.1563094250990245,219,547.4583374290014,2.499809759949778,False,False,False,False,trial_46
100,0.1,1.0,9,random_same,dynamic,False,91.66666666666666,1.0854620689610417,400,915.9160676480024,2.289790169120006,False,False,False,False,trial_51
100,0.1,1.0,9,random_same,dynamic,False,70.01900677580586,0.7372917616790315,19,31.549635340998066,1.6605071232104245,False,True,False,False,trial_46
100,0.1,1.0,9,random_same,dynamic,True,100.0,1.1413200705992688,302,512.4280397059993,1.6967815884304611,False,False,False,False,trial_46
100,0.1,1.0,9,random_same,dynamic,True,100.0,1.1504892444827397,238,533.9770994610008,2.243601258239499,False,False,False,False,trial_46
100,0.1,1.0,9,random_same,dynamic,True,100.0,1.1669714520705963,191,452.1634065459948,2.367347678251282,False,False,False,False,trial_46
100,0.1,1.0,9,random_same,dynamic,True,100.0,1.1837106082290456,100,261.67818415099464,2.616781841509946,False,False,False,False,trial_46
100,0.1,1.0,9,random_same,dynamic,True,100.0,1.1857694882649226,219,495.06174115199974,2.2605558956712315,False,False,False,False,trial_46
100,0.1,1.0,9,random_same,dynamic,True,100.0,1.1791161228171292,203,458.4922783649963,2.258582652044317,False,False,False,False,trial_46
100,0.1,1.0,9,random_same,dynamic,True,100.0,1.1837106082290456,100,266.4802322110045,2.6648023221100448,False,False,False,False,trial_46
100,0.1,1.0,9,random_same,dynamic,True,100.0,1.1640008488540188,264,594.2760214950031,2.251045535965921,False,False,False,False,trial_46
100,0.1,1.0,9,random_same,dynamic,True,100.0,1.1673842080422796,157,392.1713427249997,2.497906641560508,False,False,False,False,trial_46
100,0.1,1.0,9,random_same,dynamic,True,100.0,1.134786064659745,100,240.5853943799957,2.405853943799957,False,False,False,False,trial_46
100,0.1,1.0,9,random_same,dynamic,True,100.0,1.1528391278985781,257,598.0228280500014,2.326937074124519,False,False,False,False,trial_46
100,0.1,1.0,9,random_same,dynamic,False,91.66666666666666,1.0791929576947206,400,926.6114337170002,2.3165285842925005,False,False,False,False,trial_51
100,0.1,1.0,9,random_same,dynamic,True,100.0,1.1563094250990245,219,530.238674647997,2.4211811627762416,False,False,False,False,trial_46
100,0.1,1.0,9,random_same,dynamic,True,100.0,1.18982953725808,325,667.0071751249998,2.0523297696153837,False,False,False,False,trial_46
100,0.1,1.0,9,random_same,dynamic,True,100.0,1.1442679924256531,241,622.3559928159957,2.5823900116846294,False,False,False,False,trial_46
100,0.1,1.0,9,random_same,dynamic,True,100.0,1.189574572714877,206,494.7970253070016,2.4019273073155416,False,False,False,False,trial_46
100,0.1,1.0,9,random_same,dynamic,True,100.0,1.1776777221855468,240,589.9466267509997,2.4581109447958323,False,False,False,False,trial_46
100,0.1,1.0,9,random_same,dynamic,True,100.0,1.1442679924256531,241,573.6794455959971,2.380412637327789,False,False,False,False,trial_46
100,0.1,1.0,9,random_same,dynamic,False,91.66666666666666,1.0785530064652709,400,1055.3303029819945,2.6383257574549863,False,False,False,False,trial_51
100,0.1,1.0,9,random_same,dynamic,True,100.0,1.1753563696954996,127,311.05975515799946,2.4492894106929093,False,False,False,False,trial_46
100,0.1,1.0,9,random_same,dynamic,True,100.0,1.1830400953583429,153,366.9828158070013,2.398580495470597,False,False,False,False,trial_46
100,0.1,1.0,9,random_same,dynamic,True,100.0,1.1519819236789963,240,533.3075029210013,2.222114595504172,False,False,False,False,trial_46
100,0.1,1.0,9,random_same,dynamic,True,100.0,1.1625747541773956,286,674.5665956040029,2.3586244601538566,False,False,False,False,trial_46
100,0.1,1.0,9,random_same,dynamic,True,100.0,1.1528391278985781,257,575.1505255309967,2.2379397880583527,False,False,False,False,trial_46
100,0.1,1.0,9,random_same,dynamic,True,100.0,1.1557511927561706,147,378.0425698789986,2.5717181624421674,False,False,False,False,trial_46
100,0.1,1.0,9,random_same,dynamic,True,100.0,1.1112621520083865,310,754.2595649880022,2.4330953709290393,False,False,False,False,trial_46
100,0.1,1.0,9,random_same,dynamic,True,100.0,1.1625747541773956,286,680.3534985689985,2.3788583866048896,False,False,False,False,trial_46
100,0.1,1.0,9,random_same,dynamic,True,100.0,1.1625747541773956,286,718.1942349070014,2.5111686535209836,False,False,False,False,trial_46
100,0.1,1.0,9,random_same,dynamic,True,100.0,1.1104347611679541,194,372.2603625219999,1.918867848051546,False,False,False,False,trial_46
100,0.1,1.0,9,random_same,dynamic,True,100.0,1.1104347611679541,194,405.8470470579996,2.091995087927833,False,False,False,False,trial_46
100,0.1,1.0,9,random_same,dynamic,True,100.0,1.1649552093836142,145,372.12198628799524,2.5663585261241053,False,False,False,False,trial_46
100,0.1,1.0,9,random_same,dynamic,True,100.0,1.1519819236789963,240,501.10955692500283,2.087956487187512,False,False,False,False,trial_46
100,0.1,1.0,9,random_same,dynamic,True,100.0,1.1519819236789963,240,496.39677750499686,2.0683199062708204,False,False,False,False,trial_46
100,0.1,1.0,9,random_same,dynamic,True,100.0,1.1618223040780764,312,817.1747347489945,2.619149790862162,False,False,False,False,trial_46
100,0.1,1.0,9,random_same,dynamic,False,91.66666666666666,1.0908182050271529,400,926.5488519740029,2.316372129935007,False,False,False,False,trial_46
400,0.1,1.0,9,random_same,dynamic,False,82.34279386288286,0.9258917654851225,70,566.3352312819989,8.090503304028555,False,True,False,False,trial_45
400,0.1,1.0,9,random_same,dynamic,False,58.33333333333333,0.6771653111116218,88,648.8261364619975,7.373024277977245,False,True,False,False,trial_45
100,0.1,1.0,9,random_same,dynamic,True,100.0,1.1668967991870565,324,856.8508884109979,2.6446015074413514,False,False,False,False,trial_46
100,0.1,1.0,9,random_same,dynamic,False,91.66666666666666,1.0763527943347995,400,1069.5150090399984,2.673787522599996,False,False,False,False,trial_46
400,0.1,1.0,9,random_same,dynamic,False,58.33333333333333,0.6941666666666665,400,1858.1706847500027,4.6454267118750066,False,False,False,False,trial_45
400,0.1,1.0,9,random_same,dynamic,False,58.33333333333333,0.6941666666666665,400,1817.2111696930006,4.543027924232502,False,False,False,False,trial_45
400,0.1,1.0,9,random_same,dynamic,False,58.33333333333333,0.6941666666666667,400,2311.561420240003,5.778903550600007,False,False,False,False,trial_45
400,0.1,1.0,9,random_same,dynamic,False,58.33333333333333,0.6941666666666667,400,2365.7687382379954,5.914421845594989,False,False,False,False,trial_45
400,0.1,1.0,9,random_same,dynamic,False,91.66666666666666,1.0908179692587958,400,2893.603285240999,7.234008213102498,False,False,False,False,trial_45
400,0.1,1.0,9,random_same,dynamic,False,91.66666666666666,1.0908331724463198,400,3013.9683138949986,7.534920784737497,False,False,False,False,trial_45
400,0.1,1.0,9,random_same,dynamic,False,58.33333333333333,0.6941666666666667,400,3395.3096505689973,8.488274126422493,False,False,False,False,trial_45
400,0.1,1.0,9,random_same,dynamic,False,58.33333333333333,0.6941666666666667,400,3497.4138838879953,8.743534709719988,False,False,False,False,trial_45
400,0.1,1.0,9,random_same,dynamic,False,91.66666666666666,1.061381713849695,400,3494.829664572004,8.737074161430009,False,False,False,False,trial_45
400,0.1,1.0,9,random_same,dynamic,False,58.33333333333333,0.6941666666666665,400,3549.473162890994,8.873682907227485,False,False,False,False,trial_45
400,0.1,1.0,9,random_same,dynamic,False,76.02320727281521,0.8319178319428291,388,3605.7018679780012,9.293046051489695,False,True,False,False,trial_45
400,0.1,1.0,9,random_same,dynamic,False,75.0,0.8896035882180033,400,3635.477488052995,9.088693720132488,False,False,False,False,trial_45
400,0.1,1.0,9,random_same,dynamic,False,91.66666666666666,1.0865894031898609,400,3252.455500898999,8.131138752247498,False,False,False,False,trial_45
400,0.1,1.0,9,random_same,dynamic,False,91.66666666666666,1.0817242265000482,400,3536.603868207996,8.84150967051999,False,False,False,False,trial_45
400,0.1,1.0,9,random_same,dynamic,False,58.33333333333333,0.6941666666666665,400,3512.288252295002,8.780720630737505,False,False,False,False,trial_45
400,0.1,1.0,9,random_same,dynamic,False,91.66666666666666,1.061381713849695,400,3389.4267739350034,8.473566934837509,False,False,False,False,trial_45
400,0.1,1.0,9,random_same,dynamic,False,58.33333333333333,0.6941666666666665,400,3887.9147930390027,9.719786982597507,False,False,False,False,trial_45
400,0.1,1.0,9,random_same,dynamic,False,91.66666666666666,1.0865894031898609,400,3276.7070111460052,8.191767527865013,False,False,False,False,trial_45
400,0.1,1.0,9,random_same,dynamic,False,58.33333333333333,0.6941666666666666,400,3759.356335855002,9.398390839637505,False,False,False,False,trial_45
400,0.1,1.0,9,random_same,dynamic,False,58.33333333333333,0.6941666666666666,400,3806.4071313759996,9.516017828439999,False,False,False,False,trial_45
400,0.1,1.0,9,random_same,dynamic,False,58.33333333333333,0.6941666666666667,400,4154.786012888006,10.386965032220013,False,False,False,False,trial_45
400,0.1,1.0,9,random_same,dynamic,False,58.33333333333333,0.6941666666666665,400,4095.751445726004,10.23937861431501,False,False,False,False,trial_45
400,0.1,1.0,9,random_same,dynamic,False,58.33333333333333,0.6941666666666665,400,4067.0540946190013,10.167635236547504,False,False,False,False,trial_45
400,0.1,1.0,9,random_same,dynamic,False,58.33333333333333,0.6941666666666665,400,3961.630405134005,9.904076012835013,False,False,False,False,trial_45
400,0.1,1.0,9,random_same,dynamic,False,58.33333333333333,0.6941666666666667,400,4046.9843578750006,10.117460894687502,False,False,False,False,trial_45
400,0.1,1.0,9,random_same,dynamic,False,58.33333333333333,0.6941666666666667,400,3678.147942825999,9.195369857064998,False,False,False,False,trial_45
400,0.1,1.0,9,random_same,dynamic,False,58.33333333333333,0.6941666666666667,400,2338.328115478005,5.845820288695013,False,False,False,False,trial_45
400,0.1,1.0,9,random_same,dynamic,False,58.33333333333333,0.6941666666666667,400,4050.0398056549966,10.125099514137492,False,False,False,False,trial_45
400,0.1,1.0,9,random_same,dynamic,False,58.33333333333333,0.6941666666666667,400,4124.421476055002,10.311053690137506,False,False,False,False,trial_45
400,0.1,1.0,9,random_same,dynamic,False,58.33333333333333,0.6941666666666667,400,4038.9711971579964,10.09742799289499,False,False,False,False,trial_45
400,0.1,1.0,9,random_same,dynamic,False,58.33333333333333,0.6941666666666667,400,4131.650207853003,10.329125519632507,False,False,False,False,trial_45
400,0.1,1.0,9,random_same,dynamic,True,100.0,1.1638896785422748,198,1525.146624697998,7.70276073079797,False,False,False,False,trial_60
400,0.1,1.0,9,random_same,dynamic,False,58.33333333333333,0.6941666666666668,400,1978.7126429470009,4.946781607367502,False,False,False,False,trial_45
400,0.1,1.0,9,random_same,dynamic,False,58.33333333333333,0.6941666666666666,400,3738.270595066999,9.345676487667497,False,False,False,False,trial_45
400,0.1,1.0,9,random_same,dynamic,False,58.33333333333333,0.6941666666666668,400,3483.170567381996,8.70792641845499,False,False,False,False,trial_45
400,0.1,1.0,9,random_same,dynamic,False,58.33333333333333,0.6941666666666667,400,2374.7359368840043,5.936839842210011,False,False,False,False,trial_45
400,0.1,1.0,9,random_same,dynamic,False,91.66666666666666,1.0860274529406821,400,1934.3451346929942,4.835862836732486,False,False,False,False,trial_60
400,0.1,1.0,9,random_same,dynamic,False,58.33333333333333,0.6941666666666667,400,2249.3452065849997,5.623363016462499,False,False,False,False,trial_45
400,0.1,1.0,9,random_same,dynamic,False,91.66666666666666,1.0682507019046745,400,3253.367934856993,8.133419837142483,False,False,False,False,trial_45
400,0.1,1.0,9,random_same,dynamic,False,91.66666666666666,1.0467137930790045,400,1982.1777338870015,4.9554443347175035,False,False,False,False,trial_60
400,0.1,1.0,9,random_same,dynamic,False,91.66666666666666,1.0801935971078576,400,2340.737995235999,5.851844988089997,False,False,False,False,trial_60
400,0.1,1.0,9,random_same,dynamic,False,58.33333333333333,0.6941666666666666,400,3587.6225146750003,8.9690562866875,False,False,False,False,trial_45
400,0.1,1.0,9,random_same,dynamic,False,58.33333333333333,0.6941666666666667,400,4107.282332246003,10.268205830615006,False,False,False,False,trial_45
400,0.1,1.0,9,random_same,dynamic,False,58.33333333333333,0.6941666666666668,400,3447.013977966999,8.617534944917498,False,False,False,False,trial_45
400,0.1,1.0,9,random_same,dynamic,False,91.66666666666666,1.0696228445727658,400,2567.797684321995,6.419494210804987,False,False,False,False,trial_60
400,0.1,1.0,9,random_same,dynamic,False,58.33333333333333,0.6941666666666667,400,3633.2631924129964,9.08315798103249,False,False,False,False,trial_45
400,0.1,1.0,9,random_same,dynamic,True,100.0,1.1638896785422748,198,1515.2689885419968,7.652873679505034,False,False,False,False,trial_60
400,0.1,1.0,9,random_same,dynamic,False,91.21631738126781,1.057685645646048,400,3092.3591074060023,7.730897768515006,False,False,False,False,trial_60
400,0.1,1.0,9,random_same,dynamic,False,58.33333333333333,0.6941666666666667,400,3681.617550640003,9.204043876600007,False,False,False,False,trial_45
400,0.1,1.0,9,random_same,dynamic,False,58.33333333333333,0.6941666666666668,400,3951.8020001050027,9.879505000262506,False,False,False,False,trial_45
400,0.1,1.0,9,random_same,dynamic,False,58.33333333333333,0.6941666666666667,400,4058.932936287005,10.147332340717512,False,False,False,False,trial_45
400,0.1,1.0,9,random_same,dynamic,False,83.33333333333334,0.9900895761081369,400,3621.177882754004,9.05294470688501,False,False,False,False,trial_45
400,0.1,1.0,9,random_same,dynamic,False,58.33333333333333,0.6941666666666666,400,3720.9171151379996,9.302292787845,False,False,False,False,trial_45
400,0.1,1.0,9,random_same,dynamic,False,58.33333333333333,0.6941666666666668,400,3923.9824868860014,9.809956217215003,False,False,False,False,trial_45
400,0.1,1.0,9,random_same,dynamic,False,58.33333333333333,0.6941666666666668,400,3786.459173098003,9.466147932745008,False,False,False,False,trial_45
400,0.1,1.0,9,random_same,dynamic,False,91.66666666666666,1.0807988127718493,400,3301.115146519005,8.252787866297513,False,False,False,False,trial_60
400,0.1,1.0,9,random_same,dynamic,False,91.66666666666666,1.0807988127718493,400,3251.5848364210033,8.128962091052507,False,False,False,False,trial_60
400,0.1,1.0,9,random_same,dynamic,False,83.33333333333334,0.9907117297293637,400,3261.833156431996,8.15458289107999,False,False,False,False,trial_60
400,0.1,1.0,9,random_same,dynamic,False,83.33333333333334,0.9907117297293637,400,3340.2637290990024,8.350659322747505,False,False,False,False,trial_60
400,0.1,1.0,9,random_same,dynamic,False,83.33333333333334,0.9646101354164349,400,3661.6998227240038,9.15424955681001,False,False,False,False,trial_60
400,0.1,1.0,9,random_same,dynamic,False,83.33333333333334,0.9732741137451417,400,3586.880490126001,8.967201225315002,False,False,False,False,trial_60
400,0.1,1.0,9,random_same,dynamic,False,91.66666666666666,1.0753154901944848,400,3352.086058709996,8.38021514677499,False,False,False,False,trial_60
400,0.1,1.0,9,random_same,dynamic,False,91.66666666666666,1.0052163319527245,400,2531.044309883,6.3276107747075,False,False,False,False,trial_60
400,0.1,1.0,9,random_same,dynamic,False,89.8173763779082,1.0351761881574402,400,2954.5058636219983,7.386264659054996,False,False,False,False,trial_60
400,0.1,1.0,9,random_same,dynamic,False,91.66666666666666,1.0898369406440502,400,2251.3000714679947,5.628250178669987,False,False,False,False,trial_60
400,0.1,1.0,9,random_same,dynamic,False,91.66666666666666,1.0795861788910879,400,3138.688125285,7.8467203132125,False,False,False,False,trial_60
400,0.1,1.0,9,random_same,dynamic,False,91.66666666666666,1.0753154901944848,400,3318.390438772003,8.295976096930008,False,False,False,False,trial_60
400,0.1,1.0,9,random_same,dynamic,False,83.33333333333334,0.9732741137451417,400,3494.778837079997,8.736947092699992,False,False,False,False,trial_60
400,0.1,1.0,9,random_same,dynamic,False,91.66666666666666,1.0753154901944848,400,3328.4942823699967,8.321235705924991,False,False,False,False,trial_60
400,0.1,1.0,9,random_same,dynamic,False,83.33333333333334,0.9670991770220259,400,3509.212556671002,8.773031391677504,False,False,False,False,trial_60
400,0.1,1.0,9,random_same,dynamic,False,83.33333333333334,0.9833185201981801,400,3150.8187593850016,7.877046898462504,False,False,False,False,trial_60
400,0.1,1.0,9,random_same,dynamic,False,91.66666666666666,1.0811088740793156,400,2399.3165662920073,5.9982914157300184,False,False,False,False,trial_60
400,0.1,1.0,9,random_same,dynamic,False,91.66666666666666,1.0901853836935975,400,3830.6969634920024,9.576742408730006,False,False,False,False,trial_60
400,0.1,1.0,9,random_same,dynamic,False,89.8173763779082,1.0351761881574402,400,2880.450068115999,7.201125170289997,False,False,False,False,trial_60
400,0.1,1.0,9,random_same,dynamic,False,83.33333333333334,0.9902003821826213,400,2804.9050662090085,7.012262665522521,False,False,False,False,trial_60
400,0.1,1.0,9,random_same,dynamic,False,91.66666666666666,1.0811088740793156,400,2424.6060833579977,6.061515208394995,False,False,False,False,trial_60
400,0.1,1.0,9,random_same,dynamic,False,83.33333333333334,0.9850130784464132,400,3162.711949404991,7.906779873512478,False,False,False,False,trial_60
400,0.1,1.0,9,random_same,dynamic,False,91.66666666666666,1.0896817872026165,400,3417.7906939589957,8.54447673489749,False,False,False,False,trial_60
400,0.1,1.0,9,random_same,dynamic,False,91.66666666666666,1.0654930732580765,400,3154.067170119997,7.885167925299993,False,False,False,False,trial_60
400,0.1,1.0,9,random_same,dynamic,False,83.33333333333334,0.9888052998574264,400,3784.5501263090046,9.46137531577251,False,False,False,False,trial_60
400,0.1,1.0,9,random_same,dynamic,False,91.66666666666666,1.0908333333333335,400,3090.846136022992,7.72711534005748,False,False,False,False,trial_60
400,0.1,1.0,9,random_same,dynamic,False,91.66666666666666,1.0312551695535561,400,3600.3557513579944,9.000889378394985,False,False,False,False,trial_60
400,0.1,1.0,9,random_same,dynamic,False,83.33333333333334,0.9644085659205671,400,3571.296037308006,8.928240093270015,False,False,False,False,trial_60
400,0.1,1.0,9,random_same,dynamic,False,91.66666666666666,1.0683662541676726,400,3467.997065440999,8.669992663602498,False,False,False,False,trial_60
400,0.1,1.0,9,random_same,dynamic,False,91.66666666666666,1.0821578794647007,400,3365.5359770590076,8.413839942647519,False,False,False,False,trial_60
400,0.1,1.0,9,random_same,dynamic,False,91.66666666666666,1.0898369406440502,400,2184.904338032007,5.462260845080018,False,False,False,False,trial_60
400,0.1,1.0,9,random_same,dynamic,False,91.66666666666666,1.0821578794647007,400,3294.6075545109998,8.2365188862775,False,False,False,False,trial_60
400,0.1,1.0,9,random_same,dynamic,False,91.66666666666666,1.0312551695535561,400,3530.4002557149943,8.826000639287486,False,False,False,False,trial_60
400,0.1,1.0,9,random_same,dynamic,False,91.66666666666666,1.0901853836935975,400,3743.734119731009,9.359335299327523,False,False,False,False,trial_60
400,0.1,1.0,9,random_same,dynamic,False,91.66666666666666,1.085017506956969,400,4041.2066417649985,10.103016604412495,False,False,False,False,trial_60
400,0.1,1.0,9,random_same,dynamic,False,91.66666666666666,1.0901853836935975,400,3806.452060085001,9.516130150212502,False,False,False,False,trial_60
400,0.1,1.0,9,random_same,dynamic,False,83.33333333333334,0.9861368032097635,400,3218.7214782080046,8.046803695520012,False,False,False,False,trial_60
400,0.1,1.0,9,random_same,dynamic,False,83.33333333333334,0.9824411515134734,400,3304.7042909360025,8.261760727340006,False,False,False,False,trial_60
400,0.1,1.0,9,random_same,dynamic,False,91.66666666666666,1.0901853836935975,400,3791.544214335998,9.478860535839994,False,False,False,False,trial_60
400,0.1,1.0,9,random_same,dynamic,False,83.33333333333334,0.9824411515134734,400,3267.330621713001,8.168326554282503,False,False,False,False,trial_60
400,0.1,1.0,9,random_same,dynamic,False,91.66666666666666,1.0876132359521506,400,2585.0370836889924,6.462592709222481,False,False,False,False,trial_51
400,0.1,1.0,9,random_same,dynamic,False,91.66666666666666,1.0779962319721008,400,2286.7441147729987,5.716860286932497,False,False,False,False,trial_51
400,0.1,1.0,9,random_same,dynamic,False,91.66666666666666,1.0804169216831632,400,2719.3260240590025,6.798315060147506,False,False,False,False,trial_51
400,0.1,1.0,9,random_same,dynamic,False,91.66666666666666,1.0908333333333333,400,3211.2985699679994,8.028246424919999,False,False,False,False,trial_60
400,0.1,1.0,9,random_same,dynamic,False,91.66666666666666,1.0753958842198594,400,2394.1064524219983,5.9852661310549955,False,False,False,False,trial_51
400,0.1,1.0,9,random_same,dynamic,False,91.66666666666666,1.0908333333333335,400,3412.538664024003,8.531346660060008,False,False,False,False,trial_60
400,0.1,1.0,9,random_same,dynamic,False,91.66666666666666,1.0753958842198594,400,2425.238446847987,6.063096117119967,False,False,False,False,trial_51
400,0.1,1.0,9,random_same,dynamic,False,91.66666666666666,1.0899265458714107,400,3022.4534995389986,7.556133748847497,False,False,False,False,trial_51
400,0.1,1.0,9,random_same,dynamic,False,91.66666666666666,1.0804169216831632,400,2610.8724292499974,6.527181073124994,False,False,False,False,trial_51
400,0.1,1.0,9,random_same,dynamic,False,91.66666666666666,1.075851470217788,400,4599.620941488007,11.499052353720018,False,False,False,False,trial_60
400,0.1,1.0,9,random_same,dynamic,False,91.66666666666666,1.081362633908246,400,2530.402824490986,6.326007061227465,False,False,False,False,trial_51
400,0.1,1.0,9,random_same,dynamic,False,91.66666666666666,1.090833333333333,400,3284.106252145997,8.210265630364994,False,False,False,False,trial_51
400,0.1,1.0,9,random_same,dynamic,False,91.66666666666666,1.0872947651799223,400,3189.0400416180055,7.972600104045013,False,False,False,False,trial_51
400,0.1,1.0,9,random_same,dynamic,False,91.66666666666666,1.0885111896609678,400,2388.8893750559946,5.972223437639986,False,False,False,False,trial_51
400,0.1,1.0,9,random_same,dynamic,False,91.66666666666666,1.0883139238750794,400,2401.724310138001,6.004310775345002,False,False,False,False,trial_51
400,0.1,1.0,9,random_same,dynamic,False,91.66666666666666,1.0779962319721008,400,2263.7354627059976,5.659338656764994,False,False,False,False,trial_51
400,0.1,1.0,9,random_same,dynamic,False,91.66666666666666,1.0887197595440623,400,2623.419336619001,6.558548341547503,False,False,False,False,trial_51
400,0.1,1.0,9,random_same,dynamic,False,91.66666666666666,1.0908333333333335,400,3176.3027163399966,7.940756790849991,False,False,False,False,trial_51
400,0.1,1.0,9,random_same,dynamic,False,91.66666666666666,1.081362633908246,400,2549.005139699002,6.372512849247505,False,False,False,False,trial_51
400,0.1,1.0,9,random_same,dynamic,False,91.66666666666666,1.081362633908246,400,2463.4672688260034,6.158668172065009,False,False,False,False,trial_51
400,0.1,1.0,9,random_same,dynamic,False,91.66666666666666,1.0883651903297877,400,3588.0005741570058,8.970001435392515,False,False,False,False,trial_51
400,0.1,1.0,9,random_same,dynamic,False,91.66666666666666,1.0876676001051095,400,3705.45804263599,9.263645106589975,False,False,False,False,trial_51
400,0.1,1.0,9,random_same,dynamic,False,91.66666666666666,1.090833333333333,400,3226.864013339,8.0671600333475,False,False,False,False,trial_51
400,0.1,1.0,9,random_same,dynamic,False,91.66666666666666,1.0809760126362602,400,3342.525557303001,8.356313893257502,False,False,False,False,trial_51
400,0.1,1.0,9,random_same,dynamic,False,91.66666666666666,1.0858341452234015,400,3524.0442389030068,8.810110597257516,False,False,False,False,trial_51
400,0.1,1.0,9,random_same,dynamic,False,91.66666666666666,1.0883651903297877,400,3666.317160079998,9.165792900199994,False,False,False,False,trial_51
400,0.1,1.0,9,random_same,dynamic,False,91.66666666666666,1.0876676001051095,400,3610.6215102809947,9.026553775702487,False,False,False,False,trial_51
400,0.1,1.0,9,random_same,dynamic,False,70.48610005749684,0.7524980895324077,20,148.79078259700327,7.439539129850163,False,True,False,False,trial_46
400,0.1,1.0,9,random_same,dynamic,False,91.66666666666666,1.0772206950750252,400,3213.8661745660065,8.034665436415017,False,False,False,False,trial_51
400,0.1,1.0,9,random_same,dynamic,False,91.66666666666666,1.0772206950750252,400,3142.7192226680054,7.856798056670013,False,False,False,False,trial_51
400,0.1,1.0,9,random_same,dynamic,False,91.66666666666666,1.0753958842198594,400,2346.766368750992,5.866915921877481,False,False,False,False,trial_51
400,0.1,1.0,9,random_same,dynamic,False,91.66666666666666,1.0885133695443088,400,2415.838190426992,6.039595476067479,False,False,False,False,trial_51
400,0.1,1.0,9,random_same,dynamic,False,91.66666666666666,1.06695487020937,400,2454.122427768001,6.135306069420003,False,False,False,False,trial_51
400,0.1,1.0,9,random_same,dynamic,False,91.66666666666666,1.0853840765061178,400,3793.316888139001,9.483292220347503,False,False,False,False,trial_51
400,0.1,1.0,9,random_same,dynamic,False,91.66666666666666,1.0772206950750252,400,3265.929222677005,8.164823056692512,False,False,False,False,trial_51
400,0.1,1.0,9,random_same,dynamic,True,100.0,1.1701821771274319,97,829.9765663069993,8.55645944646391,False,False,False,False,trial_46
400,0.1,1.0,9,random_same,dynamic,False,91.66666666666666,1.0885133695443088,400,2382.611740223001,5.956529350557503,False,False,False,False,trial_51
400,0.1,1.0,9,random_same,dynamic,False,91.66666666666666,1.0822373533645846,400,3932.382642355995,9.830956605889988,False,False,False,False,trial_51
400,0.1,1.0,9,random_same,dynamic,False,91.66666666666666,1.0877067491035537,400,2387.967967012999,5.969919917532497,False,False,False,False,trial_51
400,0.1,1.0,9,random_same,dynamic,False,91.66666666666666,1.086122465620449,400,3317.944896801011,8.294862242002528,False,False,False,False,trial_51
400,0.1,1.0,9,random_same,dynamic,False,91.66666666666666,1.0772206950750252,400,3187.3249631910003,7.968312407977501,False,False,False,False,trial_51
400,0.1,1.0,9,random_same,dynamic,False,91.66666666666666,1.0839764474723634,400,3453.420677239992,8.63355169309998,False,False,False,False,trial_51
400,0.1,1.0,9,random_same,dynamic,False,91.66666666666666,1.0827601414936283,400,3609.5322491670086,9.023830622917522,False,False,False,False,trial_51
400,0.1,1.0,9,random_same,dynamic,False,91.66666666666666,1.0908333333333335,400,4212.254451191999,10.530636127979996,False,False,False,False,trial_51
400,0.1,1.0,9,random_same,dynamic,False,91.66666666666666,1.090833333333333,400,3224.7626639949885,8.061906659987471,False,False,False,False,trial_51
400,0.1,1.0,9,random_same,dynamic,False,91.66666666666666,1.0675222100397532,400,2720.553614436998,6.801384036092495,False,False,False,False,trial_51
400,0.1,1.0,9,random_same,dynamic,False,91.66666666666666,1.08761564820446,400,3121.9276910350018,7.804819227587505,False,False,False,False,trial_51
400,0.1,1.0,9,random_same,dynamic,False,91.66666666666666,1.0899610396460222,400,3668.5842730110016,9.171460682527504,False,False,False,False,trial_51
400,0.1,1.0,9,random_same,dynamic,False,91.66666666666666,1.0908333333333333,400,2939.5853363409988,7.348963340852497,False,False,False,False,trial_51
400,0.1,1.0,9,random_same,dynamic,False,91.66666666666666,1.0839764474723634,400,3539.4489325339964,8.84862233133499,False,False,False,False,trial_51
400,0.1,1.0,9,random_same,dynamic,False,91.66666666666666,1.0675222100397532,400,2807.0166587840067,7.017541646960017,False,False,False,False,trial_51
400,0.1,1.0,9,random_same,dynamic,False,91.66666666666666,1.0827430789617851,400,4164.01859289901,10.410046482247527,False,False,False,False,trial_51
400,0.1,1.0,9,random_same,dynamic,False,91.66666666666666,1.0633986223622438,400,2777.839954683004,6.94459988670751,False,False,False,False,trial_46
400,0.1,1.0,9,random_same,dynamic,False,91.66666666666666,1.0706441678373408,400,2626.558945165001,6.566397362912503,False,False,False,False,trial_46
400,0.1,1.0,9,random_same,dynamic,False,91.66666666666666,1.08232389935813,400,3386.713639802998,8.466784099507494,False,False,False,False,trial_51
400,0.1,1.0,9,random_same,dynamic,False,91.66666666666666,1.0881636870296747,400,3911.6349314529944,9.779087328632485,False,False,False,False,trial_51
400,0.1,1.0,9,random_same,dynamic,False,91.66666666666666,1.0339249081081454,395,2965.818601944993,7.508401523911375,False,True,False,False,trial_46
400,0.1,1.0,9,random_same,dynamic,False,91.66666666666666,1.0908333333333335,400,4143.649844248997,10.359124610622494,False,False,False,False,trial_51
400,0.1,1.0,9,random_same,dynamic,False,91.66666666666666,1.069955481913053,400,2913.4450126640004,7.283612531660001,False,False,False,False,trial_46
400,0.1,1.0,9,random_same,dynamic,True,100.0,1.1621853795222474,181,1868.9540815609944,10.32571315779555,False,False,False,False,trial_46
400,0.1,1.0,9,random_same,dynamic,True,100.0,1.1614853568361114,167,1517.666084477998,9.087820865137713,False,False,False,False,trial_46
400,0.1,1.0,9,random_same,dynamic,False,91.66666666666666,1.0721441042686186,400,3082.1061702290026,7.705265425572507,False,False,False,False,trial_46
400,0.1,1.0,9,random_same,dynamic,True,100.0,1.1621853795222474,181,1835.1758029689954,10.139092834082847,False,False,False,False,trial_46
400,0.1,1.0,9,random_same,dynamic,False,91.66666666666666,1.069955481913053,400,2962.4339763699973,7.406084940924993,False,False,False,False,trial_46
400,0.1,1.0,9,random_same,dynamic,False,91.66666666666666,1.0721441042686186,400,3027.6856580919994,7.569214145229998,False,False,False,False,trial_46
400,0.1,1.0,9,random_same,dynamic,False,91.66666666666666,1.0710742931585255,400,4187.334158161,10.4683353954025,False,False,False,False,trial_46
400,0.1,1.0,9,random_same,dynamic,False,91.66666666666666,1.0602983129031402,400,2411.5813995299977,6.028953498824994,False,False,False,False,trial_46
400,0.1,1.0,9,random_same,dynamic,False,91.66666666666666,1.0740221443907545,400,3679.5220393100026,9.198805098275006,False,False,False,False,trial_46
400,0.1,1.0,9,random_same,dynamic,True,100.0,1.1621853795222474,181,1852.1386610249901,10.232810281906023,False,False,False,False,trial_46
400,0.1,1.0,9,random_same,dynamic,False,91.66666666666666,1.064918784060085,400,3461.912086315002,8.654780215787504,False,False,False,False,trial_46
400,0.1,1.0,9,random_same,dynamic,False,91.66666666666666,1.0528082827698264,400,3935.045042521,9.8376126063025,False,False,False,False,trial_46
400,0.1,1.0,9,random_same,dynamic,False,91.66666666666666,1.0820660919435674,400,4177.259734129009,10.443149335322524,False,False,False,False,trial_46
400,0.1,1.0,9,random_same,dynamic,True,100.0,1.1497162120351685,333,3218.1797841610096,9.664203556039068,False,False,False,False,trial_46
400,0.1,1.0,9,random_same,dynamic,False,91.66666666666666,1.0740221443907545,400,3569.7747762559884,8.924436940639971,False,False,False,False,trial_46
400,0.1,1.0,9,random_same,dynamic,False,91.66666666666666,1.0381981579041706,338,3549.496680267999,10.501469468248517,False,True,False,False,trial_46
400,0.1,1.0,9,random_same,dynamic,True,100.0,1.1819492840686128,257,2624.9426947169995,10.213784804346302,False,False,False,False,trial_46
400,0.1,1.0,9,random_same,dynamic,False,91.66666666666666,1.0651222829642366,400,3739.2223983000003,9.34805599575,False,False,False,False,trial_46
400,0.1,1.0,9,random_same,dynamic,False,91.66666666666666,1.0820660919435674,400,4108.454340272001,10.271135850680002,False,False,False,False,trial_46
400,0.1,1.0,9,random_same,dynamic,False,91.66666666666666,1.0845057164396898,400,3647.683845448002,9.119209613620006,False,False,False,False,trial_46
400,0.1,1.0,9,random_same,dynamic,False,91.66666666666666,1.0614971805002422,400,3728.7717519739963,9.321929379934991,False,False,False,False,trial_46
400,0.1,1.0,9,random_same,dynamic,False,91.66666666666666,1.0765834095636917,400,4066.547311964998,10.166368279912495,False,False,False,False,trial_46
400,0.1,1.0,9,random_same,dynamic,True,100.0,1.1692676856810695,263,2790.0635886959935,10.60860680112545,False,False,False,False,trial_46
400,0.1,1.0,9,random_same,dynamic,False,91.66666666666666,1.0735611585472131,400,4312.703361146996,10.78175840286749,False,False,False,False,trial_46
400,0.1,1.0,9,random_same,dynamic,True,100.0,1.1497162120351685,333,3040.5038074180047,9.130642064318332,False,False,False,False,trial_46
400,0.1,1.0,9,random_same,dynamic,False,91.66666666666666,1.0820272544267742,400,3770.874293170011,9.427185732925027,False,False,False,False,trial_46
400,0.1,1.0,9,random_same,dynamic,False,91.66666666666666,1.0734248739217125,400,4224.6218411829905,10.561554602957477,False,False,False,False,trial_46
400,0.1,1.0,9,random_same,dynamic,True,100.0,1.173560694967725,308,2322.431678598994,7.540362592853877,False,False,False,False,trial_46
400,0.1,1.0,9,random_same,dynamic,False,91.66666666666666,1.0698906821073246,400,3475.740647781,8.6893516194525,False,False,False,False,trial_46
400,0.1,1.0,9,random_same,dynamic,False,91.66666666666666,1.0692788687093564,400,3665.303722903991,9.163259307259978,False,False,False,False,trial_46
400,0.1,1.0,9,random_same,dynamic,False,91.66666666666666,1.0845057164396898,400,3086.3021049089875,7.715755262272469,False,False,False,False,trial_46
400,0.1,1.0,9,random_same,dynamic,False,91.66666666666666,1.0668874917036648,400,3013.5265209510108,7.533816302377527,False,False,False,False,trial_46
400,0.1,1.0,9,random_same,dynamic,False,91.66666666666666,1.0616843723099803,400,2882.8840359669994,7.207210089917498,False,False,False,False,trial_46
400,0.1,1.0,9,random_same,dynamic,False,91.66666666666666,1.0837418720189553,400,3370.9867549069895,8.427466887267475,False,False,False,False,trial_46
400,0.1,1.0,9,random_same,dynamic,False,91.66666666666666,1.0692788687093564,400,3445.0670471689955,8.612667617922488,False,False,False,False,trial_46
400,0.1,1.0,9,random_same,dynamic,False,91.66666666666666,1.0845057164396898,400,2850.796854464992,7.12699213616248,False,False,False,False,trial_46
400,0.1,1.0,9,random_same,dynamic,False,91.66666666666666,1.0743896925725944,400,3610.604134631998,9.026510336579996,False,False,False,False,trial_46
400,0.1,1.0,9,random_same,dynamic,False,91.66666666666666,1.0698906821073246,400,2775.526427396995,6.938816068492488,False,False,False,False,trial_46
400,0.1,1.0,9,random_same,dynamic,False,91.66666666666666,1.0575073954123426,400,2709.503177709994,6.773757944274985,False,False,False,False,trial_46
400,0.1,1.0,9,random_same,dynamic,False,91.66666666666666,1.07911518050401,400,2143.5624211749964,5.358906052937491,False,False,False,False,trial_46
400,0.1,1.0,9,random_same,dynamic,False,91.66666666666666,1.0556883270636672,400,2102.6187077430077,5.256546769357519,False,False,False,False,trial_46
400,0.1,1.0,9,random_same,dynamic,False,91.66666666666666,1.0705646784598448,400,2581.9871669759887,6.454967917439972,False,False,False,False,trial_46
400,0.1,1.0,9,random_same,dynamic,False,91.66666666666666,1.0814996384554296,400,1697.2496000629908,4.243124000157477,False,False,False,False,trial_46
400,0.1,1.0,9,random_same,dynamic,False,91.66666666666666,1.0734248739217125,400,2305.5589910810086,5.763897477702521,False,False,False,False,trial_46
