LI,EF,DF,HL,rollout_method,hertg_method,done,percent_done,cumulative_reward,num_actions,computation_time,computation_per_action,trial_config
100,0.1,1.0,6,random,static,True,100.0,6.95,57,66.30518340900016,1.163248831736845,trial_13
100,0.1,1.0,6,random,static,True,100.0,6.950000000000001,63,84.55143000999851,1.342086190634897,trial_13
100,0.1,1.0,6,random,static,True,100.0,6.949999999999999,56,85.41667692600095,1.525297802250017,trial_13
100,0.1,1.0,6,random,static,True,100.0,6.950000000000001,58,86.85732847700092,1.4975401461551883,trial_13
100,0.1,1.0,6,random,static,True,100.0,6.950000000000003,60,87.78483940300066,1.4630806567166776,trial_13
100,0.1,1.0,6,random,static,True,100.0,6.950000000000001,60,89.38482162900073,1.4897470271500122,trial_13
100,0.1,1.0,6,random,static,True,100.0,6.95,61,89.54648360000101,1.467975140983623,trial_13
100,0.1,1.0,6,random,static,True,100.0,6.95,58,92.7847006030006,1.5997362172931138,trial_13
100,0.1,1.0,6,random,static,True,100.0,6.949999999999999,63,94.0376301870001,1.4926607966190493,trial_13
100,0.1,1.0,6,random,static,True,100.0,6.949999999999999,65,94.0581343520007,1.4470482208000108,trial_13
100,0.1,1.0,6,random,static,True,100.0,6.949999999999999,71,95.7960369700013,1.349239957323962,trial_13
100,0.1,1.0,6,random,static,True,100.0,6.94835793267659,71,99.15286958700017,1.3965192899577488,trial_13
100,0.1,1.0,6,random,static,True,100.0,6.949999999999998,72,100.21802686600131,1.3919170398055738,trial_13
100,0.1,1.0,6,random,static,True,100.0,6.949999999999999,73,100.82569328499994,1.3811738806164375,trial_13
100,0.1,1.0,6,random,static,True,100.0,6.950000000000001,68,100.83606157299982,1.482883258426468,trial_13
100,0.1,1.0,6,random,static,True,100.0,6.943446374753386,76,101.54161239600035,1.336073847315794,trial_13
100,0.1,1.0,6,random,static,True,100.0,6.948969605390552,73,101.97862056899976,1.3969674050547911,trial_13
100,0.1,1.0,6,random,static,True,100.0,6.95,74,102.35701995700038,1.383202972391897,trial_13
100,0.1,1.0,6,random,static,True,100.0,6.887890694384664,75,106.71980104499926,1.4229306805999902,trial_13
100,0.1,1.0,6,random,static,True,100.0,6.942823405901711,77,107.94530422300159,1.4018870678311894,trial_13
100,0.1,1.0,6,random,static,True,100.0,6.9294490169807474,76,108.14595303100032,1.4229730661973725,trial_13
100,0.1,1.0,6,random,static,True,100.0,6.896025943637351,80,108.44299387899991,1.3555374234874988,trial_13
100,0.1,1.0,6,random,static,True,100.0,6.934647716493236,74,113.8145006729992,1.5380337928783676,trial_13
100,0.1,1.0,6,random,static,True,100.0,6.937932322528608,78,114.72506295600033,1.4708341404615426,trial_13
100,0.1,1.0,6,random,static,True,100.0,6.949998629189138,86,122.02658545200029,1.4189137843255848,trial_13
100,0.1,1.0,6,random,static,True,100.0,6.950000000000001,58,86.80218883000089,1.4965894625862222,trial_13
100,0.1,1.0,6,random,static,True,100.0,6.95,64,85.44534400299926,1.3350835000468635,trial_13
100,0.1,1.0,6,random,static,True,100.0,6.886072096755551,47,72.0730664090006,1.5334694980638426,trial_14
100,0.1,1.0,6,random,static,True,100.0,6.949999999999999,65,97.63432602499961,1.5020665542307632,trial_13
100,0.1,1.0,6,random,static,True,100.0,6.924198205659229,49,74.99314152400075,1.5304722760000153,trial_14
100,0.1,1.0,6,random,static,True,100.0,6.949999999999999,65,97.21811792100016,1.4956633526307717,trial_13
100,0.1,1.0,6,random,static,True,100.0,6.949999999999999,73,102.17094796199854,1.3996020268766922,trial_13
100,0.1,1.0,6,random,static,True,100.0,6.949999999999999,53,81.60108254699844,1.539643066924499,trial_14
100,0.1,1.0,6,random,static,True,100.0,6.95,64,87.40285131400015,1.3656695517812523,trial_13
100,0.1,1.0,6,random,static,True,100.0,6.942164037751339,47,69.9476936659994,1.4882488014042425,trial_14
100,0.1,1.0,6,random,static,True,100.0,6.949999999999999,53,85.68763374899936,1.6167478065848937,trial_14
100,0.1,1.0,6,random,static,True,100.0,6.940296735047966,81,112.22033053199993,1.3854361794074066,trial_13
100,0.1,1.0,6,random,static,True,100.0,6.942823405901711,77,114.24519038700055,1.4837037712597474,trial_13
100,0.1,1.0,6,random,static,True,100.0,6.940296735047966,81,110.1834246010003,1.3602891926049419,trial_13
100,0.1,1.0,6,random,static,True,100.0,6.942823405901711,77,109.41640136800015,1.4209922255584435,trial_13
100,0.1,1.0,6,random,static,True,100.0,6.95,53,100.0533474570002,1.8877990086226453,trial_14
100,0.1,1.0,6,random,static,True,100.0,6.949999999999999,53,82.02425466099885,1.5476274464339406,trial_14
100,0.1,1.0,6,random,static,False,91.66666666666666,6.370805088290577,200,237.28542979800113,1.1864271489900056,trial_13
100,0.1,1.0,6,random,static,True,100.0,6.95,40,56.12430936900091,1.4031077342250229,trial_14
100,0.1,1.0,6,random,static,False,91.66666666666666,6.370833333333334,200,246.38544338199972,1.2319272169099986,trial_13
100,0.1,1.0,6,random,static,False,91.66666666666666,6.3708333333333345,200,247.38117022499864,1.2369058511249933,trial_13
100,0.1,1.0,6,random,static,True,100.0,6.949999999999999,54,74.22857224200015,1.3746031896666695,trial_14
100,0.1,1.0,6,random,static,True,100.0,6.95,50,78.11598543199943,1.5623197086399887,trial_14
100,0.1,1.0,6,random,static,True,100.0,6.917703641111331,118,157.88431708899952,1.3380026871949111,trial_13
100,0.1,1.0,6,random,static,True,100.0,6.851811375677361,42,68.85271858099986,1.6393504424047587,trial_14
100,0.1,1.0,6,random,static,True,100.0,6.812472677253491,119,148.0788668589994,1.2443602257058772,trial_14
100,0.1,1.0,6,random,static,True,100.0,6.949999999999999,52,81.49985884400121,1.567304977769254,trial_14
100,0.1,1.0,6,random,static,True,100.0,6.950000000000001,53,83.36193552600162,1.5728667080377663,trial_14
100,0.1,1.0,6,random,static,True,100.0,6.95,54,87.8874018610004,1.6275444789074147,trial_14
100,0.1,1.0,6,random,static,True,100.0,6.95,54,84.95260800899996,1.5731964446111104,trial_14
100,0.1,1.0,6,random,static,True,100.0,6.95,54,88.47023350500058,1.6383376575000108,trial_14
100,0.1,1.0,6,random,static,True,100.0,6.909081077261193,188,279.13701415499963,1.484771351888296,trial_13
100,0.1,1.0,6,random,static,True,100.0,6.95,49,75.30277952600045,1.5367914188979683,trial_14
100,0.1,1.0,6,random,static,False,91.66666666666666,6.370833333333334,200,286.06933170699995,1.4303466585349998,trial_13
100,0.1,1.0,6,random,static,True,100.0,6.929068703964567,51,80.58475229100077,1.5800931821764856,trial_14
100,0.1,1.0,6,random,static,True,100.0,6.95,53,85.08040976099983,1.605290750207544,trial_14
100,0.1,1.0,6,random,static,True,100.0,6.95,54,87.43668052999965,1.619197787592586,trial_14
100,0.1,1.0,6,random,static,True,100.0,6.9499999999999975,59,96.26661366200096,1.6316375196949315,trial_14
100,0.1,1.0,6,random,static,False,91.66666666666666,6.370832785582612,200,305.7982238450004,1.5289911192250019,trial_13
100,0.1,1.0,6,random,static,True,100.0,6.95,45,64.10621591299969,1.4245825758444375,trial_14
100,0.1,1.0,6,random,static,True,100.0,6.95,50,77.06628980099958,1.5413257960199918,trial_14
100,0.1,1.0,6,random,static,True,100.0,6.886072096755551,47,73.16454250999959,1.5566923938297785,trial_14
100,0.1,1.0,6,random,static,True,100.0,6.949999999999999,49,71.95381883899972,1.4684452824285659,trial_14
100,0.1,1.0,6,random,static,True,100.0,6.95,54,84.16798532199937,1.5586663948518402,trial_14
100,0.1,1.0,6,random,static,True,100.0,6.950000000000001,46,63.881860793999294,1.388736104217376,trial_14
100,0.1,1.0,6,random,static,True,100.0,6.949999999999999,50,76.26506068399976,1.5253012136799953,trial_14
100,0.1,1.0,6,random,static,True,100.0,6.851811375677361,42,65.72207292199892,1.5648112600475932,trial_14
100,0.1,1.0,6,random,static,True,100.0,6.94919648723092,46,71.27024180800072,1.5493530827826243,trial_14
100,0.1,1.0,6,random,static,True,100.0,6.950000000000001,50,76.87177216800046,1.5374354433600093,trial_14
100,0.1,1.0,6,random,static,False,91.66666666666666,6.370833333333334,200,250.30343049800103,1.2515171524900053,trial_13
100,0.1,1.0,6,random,static,True,100.0,6.949999999999999,53,81.31766331600011,1.5342955342641529,trial_14
100,0.1,1.0,6,random,static,False,83.33333333333334,5.791666666666665,200,345.9868647100011,1.7299343235500055,trial_13
100,0.1,1.0,6,random,static,True,100.0,6.948145666550164,48,69.66768979799963,1.4514102041249923,trial_14
100,0.1,1.0,6,random,static,True,100.0,6.95,50,82.23267753100117,1.6446535506200235,trial_14
100,0.1,1.0,6,random,static,True,100.0,6.844105091945268,39,54.73420901099962,1.403441256692298,trial_14
100,0.1,1.0,6,random,static,True,100.0,6.948487521335564,47,77.77245450899863,1.6547330746595454,trial_14
100,0.1,1.0,6,random,static,True,100.0,6.95,48,66.62263789399913,1.3879716227916485,trial_14
100,0.1,1.0,6,random,static,True,100.0,6.844105091945268,39,51.308390000000145,1.3155997435897473,trial_14
100,0.1,1.0,6,random,static,True,100.0,6.949999999999999,53,81.4596148469991,1.536973865037719,trial_14
100,0.1,1.0,6,random,static,True,100.0,6.950000000000001,48,75.62376138800028,1.5754950289166725,trial_14
100,0.1,1.0,6,random,static,False,91.66666666666666,6.3708333333333345,200,272.51034495899876,1.3625517247949939,trial_13
100,0.1,1.0,6,random,static,False,91.66666666666666,6.370833333333332,200,274.63790315299957,1.3731895157649978,trial_13
100,0.1,1.0,6,random,static,True,100.0,6.949999999999999,50,75.27599479500168,1.5055198959000335,trial_14
100,0.1,1.0,6,random,static,True,100.0,6.949999999999999,49,76.96666407200064,1.57074824636736,trial_14
100,0.1,1.0,6,random,static,True,100.0,6.9449424962752735,47,69.29591501200048,1.4743811704680954,trial_14
100,0.1,1.0,6,random,static,True,100.0,6.950000000000001,48,73.8702530240007,1.5389636046666813,trial_14
100,0.1,1.0,6,random,static,True,100.0,6.950000000000002,68,107.21481531599966,1.5766884605294067,trial_14
100,0.1,1.0,6,random,static,True,100.0,6.95,55,85.06228410999938,1.5465869838181705,trial_14
100,0.1,1.0,6,random,static,False,91.66666666666666,6.3708333333333345,200,305.03997023400007,1.5251998511700002,trial_13
100,0.1,1.0,6,random,static,True,100.0,6.947070300893634,75,100.79543582699989,1.3439391443599986,trial_28
100,0.1,1.0,6,random,static,False,83.33333333333334,5.791666666666666,200,336.4722951849999,1.6823614759249994,trial_13
100,0.1,1.0,6,random,static,False,83.33333333333334,5.791666666666666,200,342.1668987560006,1.7108344937800029,trial_13
100,0.1,1.0,6,random,static,True,100.0,6.918914728646659,80,117.95589640300022,1.4744487050375028,trial_28
100,0.1,1.0,6,random,static,True,100.0,6.95,79,113.3361732859994,1.4346351048860684,trial_28
100,0.1,1.0,6,random,static,True,100.0,6.949999999999999,78,105.62900200500007,1.3542179744230778,trial_28
100,0.1,1.0,6,random,static,True,100.0,6.943980337364008,76,106.74162920699928,1.4044951211447274,trial_28
100,0.1,1.0,6,random,static,True,100.0,6.915675733901612,70,107.17551124800048,1.5310787321142925,trial_28
100,0.1,1.0,6,random,static,True,100.0,6.927648072811066,88,120.0578794080011,1.3642940841818307,trial_28
100,0.1,1.0,6,random,static,True,100.0,6.950000000000001,83,114.86889069400058,1.3839625384819347,trial_28
100,0.1,1.0,6,random,static,False,83.33333333333334,5.791666666666666,200,381.6246132360011,1.9081230661800055,trial_13
100,0.1,1.0,6,random,static,True,100.0,6.940077031220896,82,115.98108782800045,1.4144035100975665,trial_28
100,0.1,1.0,6,random,static,False,75.0,5.2125,200,288.06871495700034,1.4403435747850017,trial_14
100,0.1,1.0,6,random,static,True,100.0,6.950000000000001,80,115.53936743599843,1.4442420929499804,trial_28
100,0.1,1.0,6,random,static,True,100.0,6.943902008967189,78,108.7312383009994,1.3939902346281974,trial_28
100,0.1,1.0,6,random,static,True,100.0,6.950000000000001,83,119.88329491699915,1.4443770471927608,trial_28
100,0.1,1.0,6,random,static,True,100.0,6.9485761183864705,71,94.83851904699986,1.3357537893943643,trial_28
100,0.1,1.0,6,random,static,True,100.0,6.929235994793322,111,149.63052677900123,1.348022763774786,trial_28
100,0.1,1.0,6,random,static,True,100.0,6.950000000000001,80,106.65184090500043,1.3331480113125054,trial_28
100,0.1,1.0,6,random,static,True,100.0,6.949999999999999,79,116.81504047299859,1.4786713983923871,trial_28
100,0.1,1.0,6,random,static,True,100.0,6.950000000000001,80,110.97118923900052,1.3871398654875065,trial_28
100,0.1,1.0,6,random,static,False,91.66666666666666,6.297160788718783,200,229.86080036600106,1.1493040018300054,trial_14
100,0.1,1.0,6,random,static,False,91.66666666666666,6.297160788718783,200,229.86960926600113,1.1493480463300056,trial_14
100,0.1,1.0,6,random,static,True,100.0,6.949999999999999,81,111.07383210099943,1.3712818777901163,trial_28
100,0.1,1.0,6,random,static,True,100.0,6.949999999999999,79,118.96748562999892,1.5059175396202396,trial_28
100,0.1,1.0,6,random,static,True,100.0,6.948028342199151,62,90.99539748800089,1.467667701419369,trial_28
100,0.1,1.0,6,random,static,True,100.0,6.949999999999999,86,115.92807657599951,1.348000890418599,trial_28
100,0.1,1.0,6,random,static,True,100.0,6.9438518467160115,158,220.16455795600086,1.3934465693417777,trial_28
100,0.1,1.0,6,random,static,True,100.0,6.949958074745492,114,166.701135446001,1.4622906618070262,trial_28
100,0.1,1.0,6,random,static,True,100.0,6.949952499099485,137,213.66799403999903,1.5596203944525477,trial_28
100,0.1,1.0,6,random,static,True,100.0,6.949716243258357,80,107.31890906599983,1.3414863633249978,trial_28
100,0.1,1.0,6,random,static,True,100.0,6.949999999999999,86,124.15800993999983,1.443697789999998,trial_28
100,0.1,1.0,6,random,static,True,100.0,6.925023135824013,65,90.52520134699989,1.39269540533846,trial_28
100,0.1,1.0,6,random,static,True,100.0,6.949952499099485,137,213.2181722610003,1.556337023802922,trial_28
100,0.1,1.0,6,random,static,True,100.0,6.950000000000001,80,122.64217815099983,1.5330272268874978,trial_28
100,0.1,1.0,6,random,static,True,100.0,6.9478196921489115,72,107.26731883799948,1.4898238727499928,trial_28
100,0.1,1.0,6,random,static,True,100.0,6.949716243258357,80,104.6785566410017,1.3084819580125213,trial_28
100,0.1,1.0,6,random,static,True,100.0,6.939433433519571,95,123.01671254699977,1.2949127636526292,trial_28
100,0.1,1.0,6,random,static,True,100.0,6.9485761183864705,71,103.0667208520008,1.4516439556619831,trial_28
100,0.1,1.0,6,random,static,True,100.0,6.949841963794028,133,194.0935271240014,1.4593498280000106,trial_28
100,0.1,1.0,6,random,static,False,83.33333333333334,5.791663823091517,200,274.9203042190002,1.3746015210950009,trial_28
100,0.1,1.0,6,random,static,True,100.0,6.9485761183864705,71,101.8187945110003,1.434067528323948,trial_28
100,0.1,1.0,6,random,static,True,100.0,6.94714024530197,80,116.94741656199949,1.4618427070249935,trial_28
100,0.1,1.0,6,random,static,True,100.0,6.933943143083479,114,170.75453254900094,1.4978467767456223,trial_28
100,0.1,1.0,6,random,static,True,100.0,6.949999999999998,60,86.61351135999939,1.4435585226666565,trial_91
100,0.1,1.0,6,random,static,False,83.33333333333334,5.791663823091517,200,263.4600668769999,1.3173003343849996,trial_28
100,0.1,1.0,6,random,static,True,100.0,6.95,64,101.52539221500047,1.5863342533593823,trial_91
100,0.1,1.0,6,random,static,True,100.0,6.94999565884769,119,178.80346747600015,1.502550146857144,trial_28
100,0.1,1.0,6,random,static,True,100.0,6.95,57,88.41128275200026,1.5510751360000046,trial_91
100,0.1,1.0,6,random,static,True,100.0,6.94999565884769,119,173.0916953270007,1.4545520615714345,trial_28
100,0.1,1.0,6,random,static,True,100.0,6.9438518467160115,158,218.08697076700082,1.3802972833354483,trial_28
100,0.1,1.0,6,random,static,True,100.0,6.950000000000001,72,113.95589021500018,1.582720697430558,trial_91
100,0.1,1.0,6,random,static,True,100.0,6.913453619676379,69,103.66708086799918,1.5024214618550604,trial_91
100,0.1,1.0,6,random,static,True,100.0,6.949963746067617,69,103.46628611899905,1.4995113930289719,trial_91
100,0.1,1.0,6,random,static,True,100.0,6.949963746067617,69,103.51835730200037,1.5002660478550778,trial_91
100,0.1,1.0,6,random,static,True,100.0,6.950000000000001,52,78.8192862800006,1.5157555053846268,trial_91
100,0.1,1.0,6,random,static,True,100.0,6.949963746067617,69,115.41684678000092,1.6727079243478395,trial_91
100,0.1,1.0,6,random,static,True,100.0,6.949963746067617,69,111.095660383,1.6100820345362319,trial_91
100,0.1,1.0,6,random,static,True,100.0,6.949999999999999,72,110.3754820539998,1.532992806305553,trial_91
100,0.1,1.0,6,random,static,True,100.0,6.929348923164677,92,138.58175572300024,1.5063234317717418,trial_91
100,0.1,1.0,6,random,static,False,91.66666666666666,6.358238562686731,200,284.2397155689996,1.421198577844998,trial_28
100,0.1,1.0,6,random,static,True,100.0,6.949841963794028,133,210.36964704300044,1.581726669496244,trial_28
100,0.1,1.0,6,random,static,True,100.0,6.944193432170105,147,223.314219367001,1.519144349435381,trial_28
100,0.1,1.0,6,random,static,True,100.0,6.948078793000682,113,166.08402360199943,1.4697701203716764,trial_91
100,0.1,1.0,6,random,static,False,91.66666666666666,6.343447309298664,200,262.77440801100056,1.3138720400550028,trial_28
100,0.1,1.0,6,random,static,False,88.71344441642083,5.845467777497541,200,317.2008040109995,1.5860040200549974,trial_28
100,0.1,1.0,6,random,static,True,100.0,6.942342378469749,78,114.42691248800111,1.4670116985641168,trial_91
100,0.1,1.0,6,random,static,False,91.66666666666666,6.343447309298664,200,273.70408167499954,1.3685204083749978,trial_28
100,0.1,1.0,6,random,static,True,100.0,6.949999999999999,51,78.07822205699995,1.5309455305294108,trial_91
100,0.1,1.0,6,random,static,False,91.66666666666666,6.343447309298664,200,280.3708562460015,1.4018542812300074,trial_28
100,0.1,1.0,6,random,static,True,100.0,6.950000000000001,60,95.20215007099978,1.5867025011833296,trial_91
100,0.1,1.0,6,random,static,True,100.0,6.9358462300608315,159,251.72654809100095,1.5831858370503205,trial_91
100,0.1,1.0,6,random,static,True,100.0,6.913453619676379,69,113.15285831999972,1.6398964973913004,trial_91
100,0.1,1.0,6,random,static,True,100.0,6.949999999999999,72,113.0190358359996,1.56970883105555,trial_91
100,0.1,1.0,6,random,static,True,100.0,6.949999999999999,51,76.73809167599939,1.504668464235282,trial_91
100,0.1,1.0,6,random,static,False,91.66666666666666,6.358238562686731,200,317.84257985800105,1.5892128992900052,trial_28
100,0.1,1.0,6,random,static,True,100.0,6.913453619676379,69,125.18054092700004,1.8142107380724644,trial_91
100,0.1,1.0,6,random,static,True,100.0,6.949999999999999,66,106.09700583000085,1.6075303913636494,trial_91
100,0.1,1.0,6,random,static,True,100.0,6.948078793000682,113,180.61092983600065,1.5983268127079704,trial_91
100,0.1,1.0,6,random,static,True,100.0,6.9499999999999975,59,93.66998258600142,1.5876268234915496,trial_91
100,0.1,1.0,6,random,static,True,100.0,6.949999999999999,66,111.11240179500055,1.6835212393181902,trial_91
100,0.1,1.0,6,random,static,True,100.0,6.920161942288643,184,281.5863724369992,1.5303607197663,trial_91
100,0.1,1.0,6,random,static,True,100.0,6.949999999999999,63,107.95974744100022,1.7136467847777812,trial_91
100,0.1,1.0,6,random,static,True,100.0,6.950000000000001,54,81.9854145850004,1.518248418240748,trial_91
100,0.1,1.0,6,random,static,True,100.0,6.950000000000001,71,112.9592438540003,1.5909752655493001,trial_91
100,0.1,1.0,6,random,static,True,100.0,6.949999999999998,67,114.67721420099952,1.7116002119552167,trial_91
100,0.1,1.0,6,random,static,True,100.0,6.909552881242523,168,265.2889973679994,1.5791011748095203,trial_91
100,0.1,1.0,6,random,static,False,75.0,5.2124999999999995,200,337.32248959000026,1.6866124479500013,trial_91
100,0.1,1.0,6,random,static,True,100.0,6.949999999999999,63,105.666231358,1.6772417675873017,trial_91
100,0.1,1.0,6,random,static,True,100.0,6.948251795676979,122,209.51681435900173,1.7173509373688667,trial_91
100,0.1,1.0,6,random,static,True,100.0,6.949994082031504,95,145.6183609689997,1.5328248523052599,trial_91
100,0.1,1.0,6,random,static,True,100.0,6.944675852022872,77,128.35530136600028,1.6669519657922114,trial_91
100,0.1,1.0,6,random,static,False,91.66666666666666,6.346830097237119,200,324.94918579600017,1.6247459289800008,trial_91
100,0.1,1.0,6,random,static,True,100.0,6.909552881242523,168,266.27734832700116,1.5849842162321497,trial_91
100,0.1,1.0,6,same,static,True,100.0,6.904162024500117,85,117.26037883100071,1.3795338686000083,trial_13
100,0.1,1.0,6,random,static,False,91.66666666666666,6.346830097237119,200,351.4407666549996,1.757203833274998,trial_91
100,0.1,1.0,6,same,static,True,100.0,6.950000000000002,71,92.79022463099864,1.3069045722675865,trial_13
100,0.1,1.0,6,random,static,False,91.66666666666666,6.313106727822569,200,295.9559654879995,1.4797798274399974,trial_91
100,0.1,1.0,6,random,static,False,91.66666666666666,6.313106727822569,200,335.09607001599943,1.675480350079997,trial_91
100,0.1,1.0,6,same,static,True,100.0,6.950000000000002,71,99.8706699760005,1.4066291545915564,trial_13
100,0.1,1.0,6,same,static,True,100.0,6.944553345335216,84,112.455762743999,1.3387590802857023,trial_13
100,0.1,1.0,6,same,static,True,100.0,6.936519973547773,85,122.59404939199885,1.442282934023516,trial_13
100,0.1,1.0,6,same,static,True,100.0,6.949517666041754,103,172.59442760300044,1.6756740543980626,trial_13
100,0.1,1.0,6,same,static,True,100.0,6.944553345335216,84,116.26042229800078,1.384052646404771,trial_13
100,0.1,1.0,6,same,static,True,100.0,6.95,143,212.99800313799824,1.4894965254405472,trial_13
100,0.1,1.0,6,random,static,False,83.33333333333334,5.739223919833906,200,385.00062932200126,1.9250031466100064,trial_91
100,0.1,1.0,6,random,static,False,83.33333333333334,5.739411987892081,200,343.200381020999,1.7160019051049948,trial_91
100,0.1,1.0,6,same,static,True,100.0,6.949999999999999,59,73.47751742100081,1.2453816512034035,trial_13
100,0.1,1.0,6,same,static,True,100.0,6.944009262257414,85,123.81207758500022,1.456612677470591,trial_13
100,0.1,1.0,6,same,static,True,100.0,6.95,143,224.40583230800075,1.5692715546014038,trial_13
100,0.1,1.0,6,same,static,True,100.0,6.95,101,149.98535506999906,1.4850035155445451,trial_13
100,0.1,1.0,6,same,static,True,100.0,6.939516381173292,130,212.0167288749999,1.6308979144230762,trial_13
100,0.1,1.0,6,same,static,True,100.0,6.949999999999999,69,115.93014903100084,1.6801470874058093,trial_13
100,0.1,1.0,6,random,static,False,83.33333333333334,5.722827861064376,200,351.181382449,1.755906912245,trial_91
100,0.1,1.0,6,same,static,True,100.0,6.947222631128338,85,125.69675299899973,1.4787853293999969,trial_13
100,0.1,1.0,6,random,static,False,91.66666666666666,6.339879037500119,200,353.8716476769987,1.7693582383849935,trial_91
100,0.1,1.0,6,same,static,True,100.0,6.949997985910581,93,142.4391333929998,1.5316035848709655,trial_13
100,0.1,1.0,6,random,static,False,83.33333333333334,5.725688676814475,200,348.79888603900145,1.7439944301950072,trial_91
100,0.1,1.0,6,same,static,True,100.0,6.949999999999999,68,105.91897389299993,1.557631969014705,trial_13
100,0.1,1.0,6,same,static,True,100.0,6.949517666041754,103,164.4299259729978,1.596407048281532,trial_13
100,0.1,1.0,6,random,static,False,83.33333333333334,5.723287062295837,200,322.5718628900013,1.6128593144500065,trial_91
100,0.1,1.0,6,random,static,False,91.66666666666666,6.356001422534829,200,325.5489244149994,1.6277446220749971,trial_91
100,0.1,1.0,6,same,static,True,100.0,6.949999999999999,68,111.18772703600007,1.635113632882354,trial_13
100,0.1,1.0,6,same,static,True,100.0,6.949274034715977,188,253.47309683500134,1.3482611533776667,trial_13
100,0.1,1.0,6,same,static,True,100.0,6.95,86,130.43165422400125,1.5166471421395493,trial_13
100,0.1,1.0,6,same,static,True,100.0,6.949999999999999,69,103.93156430900126,1.5062545552029167,trial_13
100,0.1,1.0,6,same,static,False,91.66666666666666,6.370833333333332,200,287.32714251200196,1.4366357125600098,trial_13
100,0.1,1.0,6,random,static,False,91.66666666666666,6.345956877714932,200,360.17911563800044,1.8008955781900022,trial_91
100,0.1,1.0,6,same,static,False,91.66666666666666,6.370833333333334,200,293.322912869,1.466614564345,trial_13
100,0.1,1.0,6,same,static,True,100.0,6.9499999999999975,64,97.91592317399773,1.5299362995937145,trial_13
100,0.1,1.0,6,same,static,True,100.0,6.949999999999999,69,105.45794887699958,1.5283760706811533,trial_13
100,0.1,1.0,6,same,static,True,100.0,6.949998353842545,128,183.97219706299802,1.437282789554672,trial_13
100,0.1,1.0,6,same,static,True,100.0,6.949999999999999,69,105.28356401700148,1.5258487538695866,trial_13
100,0.1,1.0,6,same,static,True,100.0,6.882864225422613,83,118.15444278699943,1.4235475034578244,trial_13
100,0.1,1.0,6,same,static,True,100.0,6.9499999999999975,64,99.70350712399886,1.5578672988124822,trial_13
100,0.1,1.0,6,same,static,True,100.0,6.949999999999999,68,103.78163225699973,1.5262004743676432,trial_13
100,0.1,1.0,6,same,static,True,100.0,6.95,101,141.52343255600135,1.401222104514865,trial_13
100,0.1,1.0,6,same,static,True,100.0,6.95,90,122.00455154199881,1.3556061282444312,trial_13
100,0.1,1.0,6,same,static,True,100.0,6.925767950149726,150,208.42324075399847,1.3894882716933232,trial_13
100,0.1,1.0,6,same,static,False,91.66666666666666,6.370815447510723,200,285.920280458,1.4296014022899999,trial_13
100,0.1,1.0,6,random,static,False,91.66666666666666,6.370833333333334,200,399.0557747369985,1.9952788736849925,trial_91
100,0.1,1.0,6,same,static,True,100.0,6.94251141997459,44,56.16507689100035,1.276479020250008,trial_14
100,0.1,1.0,6,same,static,True,100.0,6.949999999999999,68,103.94703977200334,1.5286329378235786,trial_13
100,0.1,1.0,6,same,static,True,100.0,6.850357370853103,50,77.4986950679995,1.54997390135999,trial_14
100,0.1,1.0,6,same,static,True,100.0,6.949999999999999,49,78.611131878999,1.6043088138571224,trial_14
100,0.1,1.0,6,same,static,True,100.0,6.949999999999999,56,96.10377204600081,1.7161387865357287,trial_14
100,0.1,1.0,6,same,static,True,100.0,6.925767950149726,150,212.32313033000173,1.415487535533345,trial_13
100,0.1,1.0,6,same,static,True,100.0,6.934631955091729,97,142.03080418399986,1.464235094680411,trial_13
100,0.1,1.0,6,same,static,True,100.0,6.826143341649825,43,55.04222114000004,1.2800516544186056,trial_14
100,0.1,1.0,6,same,static,True,100.0,6.95,53,89.14349210899672,1.681952681301825,trial_14
100,0.1,1.0,6,same,static,True,100.0,6.94251141997459,44,55.64662948200203,1.2646961245909552,trial_14
100,0.1,1.0,6,same,static,True,100.0,6.931806093721735,61,78.77878837499884,1.2914555471311284,trial_14
100,0.1,1.0,6,same,static,True,100.0,6.912779034555352,53,81.22244722899995,1.5324990043207538,trial_14
100,0.1,1.0,6,same,static,True,100.0,6.922679345631456,120,178.07121180099784,1.4839267650083154,trial_13
100,0.1,1.0,6,same,static,True,100.0,6.950000000000001,122,171.030782343998,1.4018916585573606,trial_13
100,0.1,1.0,6,same,static,True,100.0,6.9499999999999975,52,82.27292986000248,1.5821717280769707,trial_14
100,0.1,1.0,6,same,static,True,100.0,6.8627599005317546,36,49.94420983599775,1.3873391621110487,trial_14
100,0.1,1.0,6,same,static,True,100.0,6.944122535820269,51,79.18836690700118,1.5527130766078663,trial_14
100,0.1,1.0,6,same,static,True,100.0,6.850357370853103,50,73.74031705900052,1.4748063411800103,trial_14
100,0.1,1.0,6,same,static,True,100.0,6.816120309836569,54,81.95283411499986,1.517645076203701,trial_14
100,0.1,1.0,6,same,static,True,100.0,6.949998353842545,128,199.0201011680001,1.5548445403750009,trial_13
100,0.1,1.0,6,same,static,True,100.0,6.944122535820269,51,79.39028598699952,1.5566722742548924,trial_14
100,0.1,1.0,6,same,static,True,100.0,6.949999999999999,122,185.6319897430003,1.5215736864180354,trial_13
100,0.1,1.0,6,same,static,True,100.0,6.95,152,221.06266229299945,1.4543596203486806,trial_13
100,0.1,1.0,6,same,static,True,100.0,6.8833629200901685,51,78.77007220000087,1.54451121960786,trial_14
100,0.1,1.0,6,same,static,True,100.0,6.922679345631456,120,162.56904607199976,1.354742050599998,trial_13
100,0.1,1.0,6,same,static,True,100.0,6.95,48,71.68413924800188,1.493419567666706,trial_14
100,0.1,1.0,6,same,static,True,100.0,6.950000000000001,122,170.8174155630004,1.4001427505163966,trial_13
100,0.1,1.0,6,same,static,True,100.0,6.947779970280474,181,265.86277255999994,1.4688550970165744,trial_13
100,0.1,1.0,6,same,static,True,100.0,6.837240393075454,47,71.50610528499965,1.5214064954255244,trial_14
100,0.1,1.0,6,same,static,True,100.0,6.950000000000001,52,74.69265464899945,1.436397204788451,trial_14
100,0.1,1.0,6,same,static,True,100.0,6.949999999999998,50,81.45255238900063,1.6290510477800126,trial_14
100,0.1,1.0,6,same,static,True,100.0,6.950000000000001,122,182.76977129299848,1.4981128794508072,trial_13
100,0.1,1.0,6,same,static,True,100.0,6.9499999999999975,52,83.790175326998,1.6113495255191923,trial_14
100,0.1,1.0,6,same,static,True,100.0,6.837240393075454,47,71.72813238399976,1.526130476255314,trial_14
100,0.1,1.0,6,same,static,True,100.0,6.95,48,68.72686333800084,1.4318096528750175,trial_14
100,0.1,1.0,6,same,static,True,100.0,6.95,48,67.33847421300015,1.4028848794375033,trial_14
100,0.1,1.0,6,same,static,True,100.0,6.950000000000001,52,80.68111309099913,1.5515598671345987,trial_14
100,0.1,1.0,6,same,static,True,100.0,6.923194260574077,46,73.48265700900083,1.5974490654130615,trial_14
100,0.1,1.0,6,same,static,True,100.0,6.837240393075454,47,74.89796873800151,1.5935738029362023,trial_14
100,0.1,1.0,6,same,static,True,100.0,6.9491346488599195,52,89.25145090499791,1.7163740558653444,trial_14
100,0.1,1.0,6,same,static,True,100.0,6.950000000000001,56,89.4278759709996,1.5969263566249927,trial_14
100,0.1,1.0,6,same,static,False,91.66666666666666,6.370815447510723,200,286.84978475800017,1.434248923790001,trial_13
100,0.1,1.0,6,same,static,True,100.0,6.949999999999999,55,87.13702996999928,1.5843096358181687,trial_14
100,0.1,1.0,6,same,static,True,100.0,6.947779970280474,181,249.97222220099866,1.38106200111049,trial_13
100,0.1,1.0,6,same,static,True,100.0,6.923194260574077,46,73.0471100470022,1.5879806531957001,trial_14
100,0.1,1.0,6,same,static,True,100.0,6.945426704944708,52,83.32792031099962,1.6024600059807619,trial_14
100,0.1,1.0,6,same,static,True,100.0,6.949072282103547,53,83.85177718100022,1.5821090034150984,trial_14
100,0.1,1.0,6,same,static,True,100.0,6.791827180910906,45,59.72720608999953,1.3272712464444338,trial_14
100,0.1,1.0,6,same,static,True,100.0,6.9499999999999975,52,92.80255972099985,1.7846646100192278,trial_14
100,0.1,1.0,6,same,static,True,100.0,6.945426704944708,52,82.98444448200098,1.595854701576942,trial_14
100,0.1,1.0,6,same,static,True,100.0,6.949024822607401,49,82.59294860599766,1.685570379714238,trial_14
100,0.1,1.0,6,same,static,True,100.0,6.95,152,223.79509309300192,1.4723361387697496,trial_13
100,0.1,1.0,6,same,static,True,100.0,6.9309509056799525,51,81.32427726300011,1.5945936718235316,trial_14
100,0.1,1.0,6,same,static,True,100.0,6.95,55,94.58362646000023,1.7197022992727315,trial_14
100,0.1,1.0,6,same,static,True,100.0,6.949072282103547,53,94.37611690799895,1.7806814510943199,trial_14
100,0.1,1.0,6,same,static,True,100.0,6.948118957415548,46,76.3467215870005,1.659711338847837,trial_14
100,0.1,1.0,6,same,static,True,100.0,6.816935958629428,46,76.4568875699988,1.662106251521713,trial_14
100,0.1,1.0,6,same,static,True,100.0,6.950000000000001,52,74.56780236600025,1.4339961993461587,trial_14
100,0.1,1.0,6,same,static,True,100.0,6.9499999999999975,52,84.49638371499896,1.6249304560576723,trial_14
100,0.1,1.0,6,same,static,True,100.0,6.95,57,103.80535068899917,1.821146503315775,trial_14
100,0.1,1.0,6,same,static,True,100.0,6.9499999999999975,52,91.84846353499961,1.7663166064423002,trial_14
100,0.1,1.0,6,same,static,True,100.0,6.868570919035447,44,72.66482690300109,1.6514733387045701,trial_14
100,0.1,1.0,6,same,static,True,100.0,6.945426704944708,52,84.34365878100289,1.6219934380962093,trial_14
100,0.1,1.0,6,same,static,True,100.0,6.95,54,100.42354119899755,1.8596952073888435,trial_14
100,0.1,1.0,6,same,static,True,100.0,6.942476036111624,72,100.79826090699862,1.3999758459305365,trial_28
100,0.1,1.0,6,same,static,True,100.0,6.904470905622554,72,105.8945659739984,1.4707578607499778,trial_28
100,0.1,1.0,6,same,static,True,100.0,6.948578911092944,74,108.89905157699832,1.471608805094572,trial_28
100,0.1,1.0,6,same,static,True,100.0,6.944827629812654,73,101.79928523899798,1.3945107566986026,trial_28
100,0.1,1.0,6,same,static,True,100.0,6.948128082991756,87,116.7087772019986,1.3414801977241217,trial_28
100,0.1,1.0,6,same,static,True,100.0,6.949999999999999,74,103.17215920300077,1.3942183676081186,trial_28
100,0.1,1.0,6,same,static,True,100.0,6.933580751685061,76,109.04581628300002,1.4348133721447371,trial_28
100,0.1,1.0,6,same,static,True,100.0,6.948128082991756,87,120.30225907199929,1.3827845870344746,trial_28
100,0.1,1.0,6,same,static,True,100.0,6.941803421195098,76,127.96824258400011,1.6837926655789488,trial_28
100,0.1,1.0,6,same,static,True,100.0,6.944057598730807,80,135.38366992100055,1.692295874012507,trial_28
100,0.1,1.0,6,same,static,True,100.0,6.949999999999998,89,133.99035643000025,1.5055096228089915,trial_28
100,0.1,1.0,6,same,static,True,100.0,6.949999999999998,89,128.83423019900147,1.4475756202134997,trial_28
100,0.1,1.0,6,same,static,True,100.0,6.949999999999999,89,124.41632092900181,1.3979361902135035,trial_28
100,0.1,1.0,6,same,static,True,100.0,6.892820620881565,70,105.02344234200064,1.5003348906000091,trial_28
100,0.1,1.0,6,same,static,True,100.0,6.949990805664234,76,107.85009102799813,1.4190801451052386,trial_28
100,0.1,1.0,6,same,static,True,100.0,6.919758875639259,83,120.70590818399796,1.454288050409614,trial_28
100,0.1,1.0,6,same,static,True,100.0,6.949999999999998,70,106.18343487099992,1.516906212442856,trial_28
100,0.1,1.0,6,same,static,True,100.0,6.949999999999998,89,144.6665501289972,1.6254668553819909,trial_28
100,0.1,1.0,6,same,static,True,100.0,6.949999999999999,79,126.13763626400032,1.596678940050637,trial_28
100,0.1,1.0,6,same,static,True,100.0,6.915501740463732,91,134.67116510599953,1.4799029132527421,trial_28
100,0.1,1.0,6,same,static,True,100.0,6.949999999999998,70,107.58950765500049,1.536992966500007,trial_28
100,0.1,1.0,6,same,static,False,91.66666666666666,6.369681751717901,200,238.9334592790001,1.1946672963950005,trial_14
100,0.1,1.0,6,same,static,True,100.0,6.948902217666726,121,173.91431441799796,1.4373083836198177,trial_28
100,0.1,1.0,6,same,static,True,100.0,6.950000000000001,81,131.1089720259988,1.6186292842715901,trial_28
100,0.1,1.0,6,same,static,True,100.0,6.919758875639259,83,119.02117167699907,1.4339900202048081,trial_28
100,0.1,1.0,6,same,static,True,100.0,6.948128082991756,87,132.7421165859996,1.5257714550114898,trial_28
100,0.1,1.0,6,same,static,True,100.0,6.949999999999999,98,145.19686377200196,1.481600650734714,trial_28
100,0.1,1.0,6,same,static,True,100.0,6.949223736250443,98,140.2237260309994,1.4308543472550959,trial_28
100,0.1,1.0,6,same,static,True,100.0,6.95,81,134.1136783039983,1.6557244235061521,trial_28
100,0.1,1.0,6,same,static,True,100.0,6.95,76,111.19392690399764,1.4630779855789162,trial_28
100,0.1,1.0,6,same,static,True,100.0,6.949999999999999,72,108.05344760099979,1.5007423277916638,trial_28
100,0.1,1.0,6,same,static,True,100.0,6.95,76,120.32276043900129,1.5831942163026484,trial_28
100,0.1,1.0,6,same,static,True,100.0,6.9485194156813535,111,162.9049156330002,1.4676118525495514,trial_28
100,0.1,1.0,6,same,static,True,100.0,6.921720903729005,69,102.9156623739982,1.4915313387535971,trial_28
100,0.1,1.0,6,same,static,True,100.0,6.892820620881565,70,96.86020305100101,1.3837171864428714,trial_28
100,0.1,1.0,6,same,static,True,100.0,6.95,81,118.33426026700181,1.4609167934197753,trial_28
100,0.1,1.0,6,same,static,True,100.0,6.949513580949302,73,109.42330748899985,1.4989494176575322,trial_28
100,0.1,1.0,6,same,static,True,100.0,6.95,81,116.01031950800098,1.4322261667654441,trial_28
100,0.1,1.0,6,same,static,True,100.0,6.95,82,120.21460239699809,1.4660317365487572,trial_28
100,0.1,1.0,6,same,static,True,100.0,6.949999999999999,72,106.0650305550007,1.4731254243750098,trial_28
100,0.1,1.0,6,same,static,True,100.0,6.939298555196001,76,118.8655239639993,1.5640200521578855,trial_28
100,0.1,1.0,6,same,static,True,100.0,6.897806745118204,73,111.00318858000173,1.5205916243835853,trial_28
100,0.1,1.0,6,same,static,True,100.0,6.921720903729005,69,106.31227587900139,1.5407576214348027,trial_28
100,0.1,1.0,6,same,static,True,100.0,6.943969666831767,76,107.97390792300212,1.4207093147763437,trial_28
100,0.1,1.0,6,same,static,True,100.0,6.934465386602493,141,191.60247707600138,1.3588828161418538,trial_28
100,0.1,1.0,6,same,static,True,100.0,6.939298555196001,76,118.48359016799805,1.5589946074736585,trial_28
100,0.1,1.0,6,same,static,True,100.0,6.949999999999999,97,140.38159703999918,1.4472329591752493,trial_28
100,0.1,1.0,6,same,static,True,100.0,6.949513580949302,73,114.12872015600078,1.5634071254246682,trial_28
100,0.1,1.0,6,same,static,True,100.0,6.845535245000157,71,113.08303118399999,1.5927187490704224,trial_91
100,0.1,1.0,6,same,static,True,100.0,6.950000000000001,66,118.32385164299922,1.7927856309545336,trial_91
100,0.1,1.0,6,same,static,True,100.0,6.949999999999999,98,140.17127467599857,1.4303191293469242,trial_28
100,0.1,1.0,6,same,static,True,100.0,6.95,73,134.69422977499926,1.8451264352739625,trial_91
100,0.1,1.0,6,same,static,True,100.0,6.949999999999999,60,94.57886971100015,1.5763144951833359,trial_91
100,0.1,1.0,6,same,static,True,100.0,6.8816209488027225,95,150.24489661199914,1.5815252274947278,trial_91
100,0.1,1.0,6,same,static,True,100.0,6.949999999999999,73,110.31295702900024,1.5111363976575376,trial_91
100,0.1,1.0,6,same,static,True,100.0,6.936051333938368,100,175.3126017579998,1.753126017579998,trial_91
100,0.1,1.0,6,same,static,True,100.0,6.9488853718004355,91,152.52233162599805,1.676069578307671,trial_91
100,0.1,1.0,6,same,static,True,100.0,6.950000000000001,64,97.91182656099772,1.5298722900155894,trial_91
100,0.1,1.0,6,same,static,True,100.0,6.950000000000001,64,101.95076545900156,1.5929807102968994,trial_91
100,0.1,1.0,6,same,static,True,100.0,6.949999999999999,82,128.14632738599903,1.5627600900731589,trial_91
100,0.1,1.0,6,same,static,True,100.0,6.949999999999999,82,129.12603583799864,1.5747077541219348,trial_91
100,0.1,1.0,6,same,static,True,100.0,6.949999999999999,82,131.5814663199999,1.6046520282926815,trial_91
100,0.1,1.0,6,same,static,True,100.0,6.927169518733195,66,118.43379956300123,1.7944515085303216,trial_91
100,0.1,1.0,6,same,static,True,100.0,6.949999999999999,108,176.53964224899755,1.6346263171203477,trial_91
100,0.1,1.0,6,same,static,False,91.66666666666666,6.286101461657698,200,297.435635455,1.4871781772750001,trial_28
100,0.1,1.0,6,same,static,True,100.0,6.9371328839988,99,173.70627400000012,1.7546088282828296,trial_91
100,0.1,1.0,6,same,static,False,91.66666666666666,6.286101461657698,200,304.54170692700063,1.522708534635003,trial_28
100,0.1,1.0,6,same,static,True,100.0,6.914774269052825,140,246.3096774759979,1.7593548391142706,trial_91
100,0.1,1.0,6,same,static,True,100.0,6.950000000000001,72,132.72817739899983,1.843446908319442,trial_91
100,0.1,1.0,6,same,static,True,100.0,6.9488853718004355,91,154.21179244200175,1.6946350817802391,trial_91
100,0.1,1.0,6,same,static,True,100.0,6.947927267250358,161,241.792173627,1.5018147430248447,trial_91
100,0.1,1.0,6,same,static,True,100.0,6.949999999999999,108,174.79207407500144,1.6184451303240874,trial_91
100,0.1,1.0,6,same,static,True,100.0,6.9488853718004355,91,150.47608784899785,1.6535833829560203,trial_91
100,0.1,1.0,6,same,static,True,100.0,6.910676386845553,172,276.5765473900028,1.6080031825000163,trial_91
100,0.1,1.0,6,same,static,True,100.0,6.93275478748571,185,304.50909494499865,1.6459951078108035,trial_91
100,0.1,1.0,6,same,static,True,100.0,6.927169518733195,66,118.38402539399976,1.7936973544545418,trial_91
100,0.1,1.0,6,same,static,True,100.0,6.950000000000001,68,103.45102483600203,1.5213386005294416,trial_91
100,0.1,1.0,6,same,static,True,100.0,6.950000000000001,68,104.68298032800158,1.5394555930588467,trial_91
100,0.1,1.0,6,same,static,True,100.0,6.949999999999999,108,174.9694744869994,1.6200877267314757,trial_91
100,0.1,1.0,6,same,static,True,100.0,6.94999999371654,150,219.41058782099935,1.4627372521399957,trial_91
100,0.1,1.0,6,same,static,True,100.0,6.914426820121175,95,165.52331477199914,1.7423506818105172,trial_91
100,0.1,1.0,6,same,static,True,100.0,6.949811603584636,60,97.4165427629996,1.6236090460499932,trial_91
100,0.1,1.0,6,same,static,True,100.0,6.9371328839988,99,162.41193234000093,1.6405245690909185,trial_91
100,0.1,1.0,6,same,static,True,100.0,6.949999999999999,67,115.52610334500059,1.7242701991791134,trial_91
100,0.1,1.0,6,same,static,True,100.0,6.949811603584636,60,99.72863336500086,1.662143889416681,trial_91
100,0.1,1.0,6,same,static,True,100.0,6.93275478748571,185,312.59615342300094,1.6897089374216268,trial_91
100,0.1,1.0,6,same,static,True,100.0,6.914122286700042,181,281.4541147300006,1.554995109005528,trial_91
100,0.1,1.0,6,same,static,True,100.0,6.927169518733195,66,117.42402181299985,1.779151845651513,trial_91
100,0.1,1.0,6,random_same,static,True,100.0,6.949999999999999,69,119.65039754200188,1.734063732492781,trial_13
100,0.1,1.0,6,same,static,True,100.0,6.946659570200596,100,172.21913589299947,1.7221913589299946,trial_91
100,0.1,1.0,6,random_same,static,True,100.0,6.950000000000001,72,105.920325330997,1.4711156295971806,trial_13
100,0.1,1.0,6,same,static,True,100.0,6.93275478748571,185,311.4989236379988,1.6837779656108045,trial_91
100,0.1,1.0,6,random_same,static,True,100.0,6.948543624005756,62,92.25992479400156,1.4880633031290575,trial_13
100,0.1,1.0,6,random_same,static,True,100.0,6.949871869095375,71,101.48308343399913,1.4293392032957624,trial_13
100,0.1,1.0,6,random_same,static,True,100.0,6.9499999999999975,67,102.90566520900029,1.5359054508806014,trial_13
100,0.1,1.0,6,same,static,True,100.0,6.949957299753972,133,244.90152570800274,1.841364854947389,trial_91
100,0.1,1.0,6,same,static,False,99.1501530177355,6.425032575855994,200,328.5513985819998,1.642756992909999,trial_91
100,0.1,1.0,6,same,static,True,100.0,6.933954077903199,103,178.7160366850003,1.7351071522815562,trial_91
100,0.1,1.0,6,random_same,static,True,100.0,6.950000000000002,66,83.70627277099993,1.2682768601666656,trial_13
100,0.1,1.0,6,random_same,static,True,100.0,6.949999999999999,71,102.78761822999877,1.447712932816884,trial_13
100,0.1,1.0,6,random_same,static,True,100.0,6.949999999999999,69,124.57497728299859,1.8054344533767912,trial_13
100,0.1,1.0,6,same,static,True,100.0,6.9142719633682725,150,236.18886261399894,1.5745924174266597,trial_91
100,0.1,1.0,6,same,static,False,75.0,5.2125,200,377.86564429699865,1.8893282214849934,trial_91
100,0.1,1.0,6,random_same,static,True,100.0,6.949999999999999,66,91.1235399640027,1.3806596964242834,trial_13
100,0.1,1.0,6,random_same,static,True,100.0,6.95,95,159.24819638700137,1.6762968040736987,trial_13
100,0.1,1.0,6,random_same,static,True,100.0,6.950000000000002,75,109.57664275299976,1.46102190337333,trial_13
100,0.1,1.0,6,random_same,static,True,100.0,6.950000000000001,70,118.14014079999833,1.6877162971428334,trial_13
100,0.1,1.0,6,random_same,static,True,100.0,6.9092795321184886,126,203.2952582809994,1.6134544308015826,trial_13
100,0.1,1.0,6,random_same,static,True,100.0,6.94642284704317,70,103.1804350579987,1.474006215114267,trial_13
100,0.1,1.0,6,same,static,False,83.33333333333334,5.785346010565246,200,335.28890414299894,1.6764445207149947,trial_91
100,0.1,1.0,6,same,static,False,91.66666666666666,6.35974245928264,200,330.74420275399825,1.6537210137699914,trial_91
100,0.1,1.0,6,same,static,False,75.0,5.2125,200,387.13784261800174,1.9356892130900087,trial_91
100,0.1,1.0,6,random_same,static,True,100.0,6.95,95,143.59654286399746,1.511542556463131,trial_13
100,0.1,1.0,6,random_same,static,True,100.0,6.902917578219762,99,156.3478607529978,1.5792713207373517,trial_13
100,0.1,1.0,6,same,static,False,75.0,5.2125,200,429.458381026001,2.1472919051300052,trial_91
100,0.1,1.0,6,random_same,static,True,100.0,6.95,95,150.0570110419976,1.5795474846526065,trial_13
100,0.1,1.0,6,same,static,False,75.0,5.2125,200,392.74315314800333,1.9637157657400166,trial_91
100,0.1,1.0,6,random_same,static,True,100.0,6.949999999999998,72,125.41556467000191,1.7418828426389155,trial_13
100,0.1,1.0,6,random_same,static,True,100.0,6.949999999999999,184,282.45392522199836,1.5350756805543389,trial_13
100,0.1,1.0,6,random_same,static,True,100.0,6.950000000000001,82,125.37828273700143,1.5290034480122126,trial_13
100,0.1,1.0,6,random_same,static,False,91.66666666666666,6.370833333333333,200,260.99597326799994,1.3049798663399996,trial_13
100,0.1,1.0,6,random_same,static,True,100.0,6.944016199530507,81,123.29088142499677,1.5221096472221822,trial_13
100,0.1,1.0,6,random_same,static,True,100.0,6.949999999999999,74,120.74190662800174,1.6316473868648884,trial_13
100,0.1,1.0,6,random_same,static,True,100.0,6.949999999999998,74,138.70545736900021,1.874398072554057,trial_13
100,0.1,1.0,6,random_same,static,True,100.0,6.95,71,122.76441286500267,1.7290762375352489,trial_13
100,0.1,1.0,6,random_same,static,True,100.0,6.949999999999998,72,124.80928441700235,1.733462283569477,trial_13
100,0.1,1.0,6,random_same,static,True,100.0,6.95,71,122.48021108800094,1.725073395605647,trial_13
100,0.1,1.0,6,random_same,static,True,100.0,6.949999999999999,117,181.00160889299877,1.5470222982307587,trial_13
100,0.1,1.0,6,random_same,static,True,100.0,6.949999999999998,80,131.68615302000035,1.6460769127500043,trial_13
100,0.1,1.0,6,random_same,static,False,91.66666666666666,6.370833333333333,200,317.2201864179988,1.586100932089994,trial_13
100,0.1,1.0,6,random_same,static,True,100.0,6.949999999999998,159,284.5051513790022,1.7893405747107056,trial_13
100,0.1,1.0,6,same,static,False,91.66666666666666,6.370833333333333,200,400.0619476989996,2.0003097384949977,trial_91
100,0.1,1.0,6,random_same,static,True,100.0,6.861623559168635,48,75.2177837809977,1.5670371621041188,trial_14
100,0.1,1.0,6,random_same,static,True,100.0,6.949999999999998,159,275.0284818809996,1.7297388797547144,trial_13
100,0.1,1.0,6,random_same,static,True,100.0,6.949999999999999,86,130.83960183100135,1.521390718965132,trial_13
100,0.1,1.0,6,random_same,static,True,100.0,6.949999999999999,45,74.470805879002,1.6549067973111555,trial_14
100,0.1,1.0,6,random_same,static,False,91.66666666666666,6.370833333333333,200,339.542764550999,1.6977138227549948,trial_13
100,0.1,1.0,6,random_same,static,True,100.0,6.94977356534082,50,91.96256450500005,1.8392512901000009,trial_14
100,0.1,1.0,6,random_same,static,True,100.0,6.95,163,251.48969378999755,1.5428815569938499,trial_13
100,0.1,1.0,6,random_same,static,True,100.0,6.905895807609264,60,111.004347752998,1.8500724625499667,trial_14
100,0.1,1.0,6,random_same,static,True,100.0,6.92622391697661,92,160.92192699699808,1.749151380402153,trial_13
100,0.1,1.0,6,random_same,static,True,100.0,6.949999999999998,80,153.33482938499947,1.9166853673124933,trial_13
100,0.1,1.0,6,random_same,static,True,100.0,6.949999999999999,54,89.93104436700014,1.6653897105000026,trial_14
100,0.1,1.0,6,random_same,static,False,91.66666666666666,6.370833333333334,200,266.7880860689984,1.333940430344992,trial_13
100,0.1,1.0,6,random_same,static,False,91.66666666666666,6.370820697121589,200,292.7771878909989,1.4638859394549946,trial_13
100,0.1,1.0,6,random_same,static,True,100.0,6.950000000000001,65,116.63900493699839,1.7944462297999753,trial_14
100,0.1,1.0,6,random_same,static,True,100.0,6.949999999999998,49,76.26264771500064,1.556380565612258,trial_14
100,0.1,1.0,6,random_same,static,True,100.0,6.949999999999999,45,75.04966653700103,1.6677703674889117,trial_14
100,0.1,1.0,6,random_same,static,True,100.0,6.949999999999999,57,86.84361995099971,1.5235722798421,trial_14
100,0.1,1.0,6,random_same,static,True,100.0,6.950000000000001,61,129.17601981400003,2.1176396690819677,trial_14
100,0.1,1.0,6,random_same,static,True,100.0,6.950000000000001,61,113.87841365599888,1.8668592402622768,trial_14
100,0.1,1.0,6,random_same,static,True,100.0,6.950000000000001,65,118.08368574799897,1.8166720884307535,trial_14
100,0.1,1.0,6,random_same,static,False,91.66666666666666,6.370833333333333,200,310.70867381199787,1.5535433690599894,trial_13
100,0.1,1.0,6,random_same,static,True,100.0,6.949999999999998,159,288.01971053700254,1.8114447203585065,trial_13
100,0.1,1.0,6,random_same,static,True,100.0,6.949999999999999,117,183.08983475299829,1.564870382504259,trial_13
100,0.1,1.0,6,random_same,static,False,91.66666666666666,6.370833333333334,200,295.9327716750013,1.4796638583750064,trial_13
100,0.1,1.0,6,random_same,static,True,100.0,6.831216734510138,50,76.92004499899849,1.5384008999799699,trial_14
100,0.1,1.0,6,random_same,static,True,100.0,6.95,163,250.97007955799927,1.5396937396196275,trial_13
100,0.1,1.0,6,random_same,static,True,100.0,6.949999999999999,54,89.56362933299897,1.6585857283888699,trial_14
100,0.1,1.0,6,random_same,static,True,100.0,6.950000000000001,49,84.50171966299968,1.724524891081626,trial_14
100,0.1,1.0,6,random_same,static,True,100.0,6.937439825570179,52,90.03505555599986,1.7314433760769203,trial_14
100,0.1,1.0,6,random_same,static,True,100.0,6.938327119401811,55,96.35692413099969,1.7519440751090851,trial_14
100,0.1,1.0,6,random_same,static,True,100.0,6.949999999999999,54,90.13332595800239,1.6691356658889331,trial_14
100,0.1,1.0,6,random_same,static,True,100.0,6.937439825570179,52,94.50618018200112,1.8174265419615598,trial_14
100,0.1,1.0,6,random_same,static,True,100.0,6.949999999999998,57,98.3077300210025,1.7246970179123244,trial_14
100,0.1,1.0,6,random_same,static,True,100.0,6.949999999999998,45,74.43469375600034,1.6541043056888964,trial_14
100,0.1,1.0,6,random_same,static,True,100.0,6.949999999999999,54,92.4051701440003,1.711206854518524,trial_14
100,0.1,1.0,6,random_same,static,False,91.66666666666666,6.370820697121589,200,307.91096637999726,1.5395548318999863,trial_13
100,0.1,1.0,6,random_same,static,True,100.0,6.931253960983676,170,274.63706339099735,1.6155121375941022,trial_13
100,0.1,1.0,6,random_same,static,True,100.0,6.950000000000001,54,93.71574264199808,1.735476715592557,trial_14
100,0.1,1.0,6,random_same,static,True,100.0,6.938327119401811,55,106.34350590899703,1.9335182892544915,trial_14
100,0.1,1.0,6,random_same,static,True,100.0,6.837882166582961,36,48.33602451299885,1.3426673475833013,trial_14
100,0.1,1.0,6,random_same,static,True,100.0,6.8076295265926445,50,86.62561083500259,1.7325122167000517,trial_14
100,0.1,1.0,6,random_same,static,True,100.0,6.949999999999998,49,77.62094224199973,1.584100862081627,trial_14
100,0.1,1.0,6,random_same,static,True,100.0,6.950000000000001,50,76.57823515099881,1.5315647030199762,trial_14
100,0.1,1.0,6,random_same,static,True,100.0,6.95,55,93.56226696999875,1.70113212672725,trial_14
100,0.1,1.0,6,random_same,static,True,100.0,6.95,59,107.70368052599952,1.8254861106101612,trial_14
100,0.1,1.0,6,random_same,static,True,100.0,6.949999999999998,57,95.00140336600089,1.6666912871228226,trial_14
100,0.1,1.0,6,random_same,static,True,100.0,6.949999999999998,57,97.03409089499837,1.7023524718420766,trial_14
100,0.1,1.0,6,random_same,static,True,100.0,6.8076295265926445,50,81.7323982630005,1.63464796526001,trial_14
100,0.1,1.0,6,random_same,static,True,100.0,6.95,55,101.97169131099872,1.8540307511090677,trial_14
100,0.1,1.0,6,random_same,static,True,100.0,6.950000000000001,55,101.60529357400083,1.8473689740727424,trial_14
100,0.1,1.0,6,random_same,static,False,91.66666666666666,6.370833333333334,200,293.3517764850003,1.4667588824250015,trial_13
100,0.1,1.0,6,random_same,static,True,100.0,6.8076295265926445,50,86.3333296109995,1.72666659221999,trial_14
100,0.1,1.0,6,random_same,static,True,100.0,6.941068773809876,52,84.58733412999936,1.6266795024999878,trial_14
100,0.1,1.0,6,random_same,static,True,100.0,6.949999999999999,43,69.2935013469978,1.6114767755115766,trial_14
100,0.1,1.0,6,random_same,static,True,100.0,6.941068773809876,52,89.02668219100087,1.7120515805961707,trial_14
100,0.1,1.0,6,random_same,static,True,100.0,6.950000000000001,59,103.21832606499811,1.7494631536440357,trial_14
100,0.1,1.0,6,random_same,static,True,100.0,6.95,74,117.02225543099848,1.5813818301486282,trial_14
100,0.1,1.0,6,random_same,static,False,91.66666666666666,6.370797057363181,200,328.40435310199973,1.6420217655099987,trial_13
100,0.1,1.0,6,random_same,static,True,100.0,6.950000000000001,54,100.47881734700059,1.8607188397592702,trial_14
100,0.1,1.0,6,random_same,static,True,100.0,6.949999999999999,59,106.29397589099972,1.8015928117118596,trial_14
100,0.1,1.0,6,random_same,static,True,100.0,6.949999999999998,58,97.92742237499988,1.688403834051722,trial_14
100,0.1,1.0,6,random_same,static,True,100.0,6.95,54,93.14271049400122,1.7248650091481708,trial_14
100,0.1,1.0,6,random_same,static,True,100.0,6.95,66,121.94238971899904,1.8476119654393794,trial_14
100,0.1,1.0,6,random_same,static,True,100.0,6.949156968344126,51,91.66673751000053,1.7973870100000104,trial_14
100,0.1,1.0,6,random_same,static,True,100.0,6.949999999999998,58,97.30181455699858,1.6776174923620444,trial_14
100,0.1,1.0,6,random_same,static,True,100.0,6.949996980293816,192,331.1507447779986,1.7247434623854094,trial_13
100,0.1,1.0,6,random_same,static,False,91.66666666666666,6.370833333333335,200,328.84089047199814,1.6442044523599906,trial_13
100,0.1,1.0,6,random_same,static,True,100.0,6.950000000000002,90,140.15265636700133,1.5572517374111259,trial_28
100,0.1,1.0,6,random_same,static,True,100.0,6.950000000000003,91,131.07909713000117,1.4404296387912217,trial_28
100,0.1,1.0,6,random_same,static,True,100.0,6.95,75,112.6392294790021,1.5018563930533613,trial_28
100,0.1,1.0,6,random_same,static,True,100.0,6.950000000000002,90,142.39029141300125,1.5821143490333471,trial_28
100,0.1,1.0,6,random_same,static,True,100.0,6.9476462691187475,75,122.20185874399976,1.6293581165866635,trial_28
100,0.1,1.0,6,random_same,static,True,100.0,6.949999999999999,91,131.0431758659979,1.4400348996263506,trial_28
100,0.1,1.0,6,random_same,static,True,100.0,6.949999999999999,91,134.0073831200025,1.472608605714313,trial_28
100,0.1,1.0,6,random_same,static,True,100.0,6.950000000000002,90,141.09211921899987,1.567690213544443,trial_28
100,0.1,1.0,6,random_same,static,True,100.0,6.95,75,115.27431179700216,1.5369908239600287,trial_28
100,0.1,1.0,6,random_same,static,True,100.0,6.9455177575515,84,126.9041011349982,1.5107631087499787,trial_28
100,0.1,1.0,6,random_same,static,False,91.66666666666666,6.370833333333334,200,331.43782197199835,1.6571891098599918,trial_14
100,0.1,1.0,6,random_same,static,True,100.0,6.949997653086627,109,179.9621282759981,1.6510286997797992,trial_28
100,0.1,1.0,6,random_same,static,True,100.0,6.931511043845977,83,125.78919787099949,1.5155325044698733,trial_28
100,0.1,1.0,6,random_same,static,True,100.0,6.949987519375519,104,163.1836201670012,1.56907327083655,trial_28
100,0.1,1.0,6,random_same,static,True,100.0,6.926369764108553,83,133.90161042399995,1.6132724147469875,trial_28
100,0.1,1.0,6,random_same,static,True,100.0,6.903259018259856,108,169.43133728400062,1.5688086785555613,trial_28
100,0.1,1.0,6,random_same,static,True,100.0,6.950000000000002,89,144.14232873299989,1.6195767273370774,trial_28
100,0.1,1.0,6,random_same,static,True,100.0,6.806869153954432,99,148.46523910100223,1.4996488798081034,trial_28
100,0.1,1.0,6,random_same,static,True,100.0,6.944092524249948,85,130.3500993020025,1.5335305800235588,trial_28
100,0.1,1.0,6,random_same,static,True,100.0,6.949956504596262,85,139.50075608199768,1.6411853656705608,trial_28
100,0.1,1.0,6,random_same,static,True,100.0,6.949989066046607,132,222.3848221579974,1.68473350119695,trial_28
100,0.1,1.0,6,random_same,static,True,100.0,6.949999999999999,109,161.04466619400046,1.4774740017798207,trial_28
100,0.1,1.0,6,random_same,static,True,100.0,6.949989066046607,132,228.64299551899967,1.7321439054469672,trial_28
100,0.1,1.0,6,random_same,static,True,100.0,6.943705930741524,109,163.6272594990005,1.5011675183394542,trial_28
100,0.1,1.0,6,random_same,static,True,100.0,6.943705930741524,109,165.2237960679995,1.5158146428256836,trial_28
100,0.1,1.0,6,random_same,static,True,100.0,6.949999999999999,109,166.8625842179972,1.5308493964953873,trial_28
100,0.1,1.0,6,random_same,static,True,100.0,6.949535611596847,71,103.23365622700294,1.453995158126802,trial_28
100,0.1,1.0,6,random_same,static,False,91.66666666666666,6.370833333333334,200,310.72467069400227,1.5536233534700115,trial_14
100,0.1,1.0,6,random_same,static,True,100.0,6.950000000000001,76,125.0332631679994,1.645174515368413,trial_28
100,0.1,1.0,6,random_same,static,True,100.0,6.949535611596847,71,105.65816542800167,1.4881431750422769,trial_28
100,0.1,1.0,6,random_same,static,True,100.0,6.9148065907058065,130,197.50404845500088,1.5192619111923145,trial_28
100,0.1,1.0,6,random_same,static,True,100.0,6.950000000000001,86,123.13042805399891,1.431749163418592,trial_28
100,0.1,1.0,6,random_same,static,True,100.0,6.926369764108553,83,140.98632362900025,1.6986304051686778,trial_28
100,0.1,1.0,6,random_same,static,True,100.0,6.950000000000001,76,119.17945529200006,1.5681507275263165,trial_28
100,0.1,1.0,6,random_same,static,True,100.0,6.949999999999999,181,280.5549871250005,1.5500275531767982,trial_28
100,0.1,1.0,6,random_same,static,True,100.0,6.949027442010077,176,293.0296724580003,1.6649413207840924,trial_28
100,0.1,1.0,6,random_same,static,True,100.0,6.944092524249948,85,124.51801006899768,1.4649177655176198,trial_28
100,0.1,1.0,6,random_same,static,True,100.0,6.9389932881271035,183,260.25541476999933,1.4221607364480837,trial_28
100,0.1,1.0,6,random_same,static,True,100.0,6.9148065907058065,130,190.51758224500009,1.4655198634230775,trial_28
100,0.1,1.0,6,random_same,static,True,100.0,6.949999999999999,78,113.11954043100195,1.450250518346179,trial_28
100,0.1,1.0,6,random_same,static,True,100.0,6.949999999999999,78,129.12980398199943,1.6555103074615312,trial_28
100,0.1,1.0,6,random_same,static,True,100.0,6.948146245258651,94,153.067365324001,1.6283762268510744,trial_28
100,0.1,1.0,6,random_same,static,True,100.0,6.949535611596847,71,118.8000014499994,1.673239457042245,trial_28
100,0.1,1.0,6,random_same,static,True,100.0,6.9389932881271035,183,269.5763341969978,1.473094722387966,trial_28
100,0.1,1.0,6,random_same,static,True,100.0,6.9148065907058065,130,185.99964204299977,1.4307664772538444,trial_28
100,0.1,1.0,6,random_same,static,True,100.0,6.949999999999998,58,95.38244478900015,1.6445249101551749,trial_91
100,0.1,1.0,6,random_same,static,True,100.0,6.941113223275199,105,172.94825680000213,1.6471262552381154,trial_28
100,0.1,1.0,6,random_same,static,True,100.0,6.94955991701936,124,200.84676034099903,1.619731938233863,trial_28
100,0.1,1.0,6,random_same,static,True,100.0,6.9148065907058065,130,193.36482888600221,1.4874217606615554,trial_28
100,0.1,1.0,6,random_same,static,True,100.0,6.949977780218605,95,154.88993288100028,1.6304203461157925,trial_91
100,0.1,1.0,6,random_same,static,True,100.0,6.95,93,167.8312349810003,1.8046369352795733,trial_91
100,0.1,1.0,6,random_same,static,True,100.0,6.95,73,138.8104433169974,1.9015129221506495,trial_91
100,0.1,1.0,6,random_same,static,True,100.0,6.949977780218605,95,157.11083138999675,1.6537982251578605,trial_91
100,0.1,1.0,6,random_same,static,True,100.0,6.95,61,99.86299364500155,1.6370982564754353,trial_91
100,0.1,1.0,6,random_same,static,True,100.0,6.947754891015954,83,142.43526978500086,1.7160875877710946,trial_91
100,0.1,1.0,6,random_same,static,True,100.0,6.94955991701936,124,201.73923815300077,1.6269293399435545,trial_28
100,0.1,1.0,6,random_same,static,True,100.0,6.949999999999999,71,111.01877527300167,1.563644722154953,trial_91
100,0.1,1.0,6,random_same,static,True,100.0,6.950000000000001,86,153.43134794300204,1.784085441197698,trial_91
100,0.1,1.0,6,random_same,static,True,100.0,6.9499999999999975,69,117.5166026199986,1.7031391684057766,trial_91
100,0.1,1.0,6,random_same,static,True,100.0,6.95,73,130.21027614599734,1.7837024129588677,trial_91
100,0.1,1.0,6,random_same,static,True,100.0,6.94993000593789,72,129.63207671499913,1.8004455099305434,trial_91
100,0.1,1.0,6,random_same,static,True,100.0,6.94993000593789,72,125.23150132799856,1.7393264073333132,trial_91
100,0.1,1.0,6,random_same,static,True,100.0,6.949027442010077,176,320.1090897230024,1.8188016461534227,trial_28
100,0.1,1.0,6,random_same,static,True,100.0,6.9406269939842815,75,125.63778439999805,1.6751704586666407,trial_91
100,0.1,1.0,6,random_same,static,True,100.0,6.95,73,133.12312990400096,1.8236045192328898,trial_91
100,0.1,1.0,6,random_same,static,False,88.92498785332455,5.817048421727582,200,286.30689955300113,1.4315344977650057,trial_28
100,0.1,1.0,6,random_same,static,True,100.0,6.95,73,142.97136006200162,1.9585117816712552,trial_91
100,0.1,1.0,6,random_same,static,True,100.0,6.92117295980125,81,152.92828176799958,1.8880034786172788,trial_91
100,0.1,1.0,6,random_same,static,True,100.0,6.9484632441205845,69,120.68189695099863,1.7490129992898353,trial_91
100,0.1,1.0,6,random_same,static,False,83.33333333333334,5.791666666666667,200,297.71877183299875,1.4885938591649939,trial_28
100,0.1,1.0,6,random_same,static,True,100.0,6.93903223520347,126,234.03840702700109,1.8574476748174689,trial_91
100,0.1,1.0,6,random_same,static,True,100.0,6.947611104149514,109,188.36098592199778,1.7280824396513559,trial_91
100,0.1,1.0,6,random_same,static,True,100.0,6.949999999999999,141,278.4531849060004,1.9748452830212793,trial_91
100,0.1,1.0,6,random_same,static,False,83.33333333333334,5.791646499379963,200,312.5981204169984,1.5629906020849922,trial_91
100,0.1,1.0,6,random_same,static,True,100.0,6.95,73,131.5103424500012,1.8015115404109752,trial_91
100,0.1,1.0,6,random_same,static,True,100.0,6.950000000000001,63,105.64990705299715,1.6769826516348754,trial_91
100,0.1,1.0,6,random_same,static,True,100.0,6.947611104149514,109,178.9507772649995,1.64175025013761,trial_91
100,0.1,1.0,6,random_same,static,True,100.0,6.950000000000001,63,111.4847422970015,1.769599084079389,trial_91
100,0.1,1.0,6,random_same,static,True,100.0,6.950000000000001,63,110.95431970299978,1.7611796778253934,trial_91
100,0.1,1.0,6,random_same,static,True,100.0,6.923768960562669,93,148.67497912699764,1.598655689537609,trial_91
100,0.1,1.0,6,random_same,static,False,83.33333333333334,5.791666666666666,200,331.2991425729997,1.6564957128649984,trial_91
100,0.1,1.0,6,random_same,static,True,100.0,6.940559418631481,96,189.64725244299916,1.975492212947908,trial_91
100,0.1,1.0,6,random_same,static,False,83.33333333333334,5.791666666666666,200,323.8260432699972,1.6191302163499859,trial_91
100,0.1,1.0,6,random_same,static,True,100.0,6.940559418631481,96,179.55419133300165,1.8703561597187672,trial_91
100,0.1,1.0,6,random_same,static,False,91.66666666666666,6.370833333333334,200,292.45770848900065,1.4622885424450032,trial_91
100,0.1,1.0,6,random_same,static,True,100.0,6.940256666613668,194,404.6499866700033,2.085824673556718,trial_91
100,0.1,1.0,6,random_same,static,False,91.66666666666666,6.3708333333333345,200,401.97762579999835,2.0098881289999917,trial_91
100,0.1,1.0,6,zero,static,True,100.0,6.92217052476084,80,125.08010459799698,1.5635013074749622,trial_13
100,0.1,1.0,6,random_same,static,True,100.0,6.913454361468412,142,226.47298830600266,1.5948801993380468,trial_91
100,0.1,1.0,6,zero,static,True,100.0,6.949973841005194,60,105.77286241000184,1.7628810401666972,trial_13
100,0.1,1.0,6,zero,static,True,100.0,6.949840431275313,75,110.9232364290001,1.4789764857200014,trial_13
100,0.1,1.0,6,random_same,static,True,100.0,6.922334007311928,79,153.96865576000346,1.9489703260759932,trial_91
100,0.1,1.0,6,zero,static,True,100.0,6.930226044164606,75,109.12723081000149,1.4550297441333533,trial_13
100,0.1,1.0,6,random_same,static,False,91.66666666666666,6.370833333333334,200,283.2670856609984,1.416335428304992,trial_91
100,0.1,1.0,6,zero,static,True,100.0,6.941080507791641,67,100.96635983900342,1.5069605946119913,trial_13
100,0.1,1.0,6,random_same,static,True,100.0,6.949999999999999,96,187.55932636099897,1.9537429829270725,trial_91
100,0.1,1.0,6,zero,static,True,100.0,6.949999999999999,55,90.32111252400136,1.6422020458909339,trial_13
100,0.1,1.0,6,zero,static,True,100.0,6.949298895303003,67,119.34376990599776,1.7812502971044442,trial_13
100,0.1,1.0,6,zero,static,True,100.0,6.949814532689166,59,92.45604424999692,1.567051597457575,trial_13
100,0.1,1.0,6,random_same,static,False,91.66666666666666,6.370833333333334,200,279.4175761530023,1.3970878807650116,trial_91
100,0.1,1.0,6,random_same,static,True,100.0,6.937256329980264,126,220.26505879999968,1.7481353873015848,trial_91
100,0.1,1.0,6,zero,static,True,100.0,6.945331128578601,78,118.497219304998,1.519195119294846,trial_13
100,0.1,1.0,6,random_same,static,False,91.66666666666666,6.358852224887319,200,331.26784678499826,1.6563392339249914,trial_91
100,0.1,1.0,6,zero,static,True,100.0,6.92686381893193,75,114.62298295299843,1.5283064393733123,trial_13
100,0.1,1.0,6,zero,static,True,100.0,6.949999642033077,54,84.06902220199845,1.5568337444814528,trial_13
100,0.1,1.0,6,zero,static,True,100.0,6.896491949853114,76,120.77295254500132,1.5891177966447543,trial_13
100,0.1,1.0,6,zero,static,True,100.0,6.949999999999999,55,95.80350528399867,1.7418819142545214,trial_13
100,0.1,1.0,6,zero,static,True,100.0,6.949999642033077,54,89.25654884599862,1.6528990527036782,trial_13
100,0.1,1.0,6,random_same,static,True,100.0,6.913454361468412,142,253.99128869500055,1.7886710471478913,trial_91
100,0.1,1.0,6,random_same,static,True,100.0,6.949999639771164,139,249.8156483640014,1.7972348803165568,trial_91
100,0.1,1.0,6,random_same,static,False,91.66666666666666,6.358852224887319,200,347.3381260269998,1.7366906301349991,trial_91
100,0.1,1.0,6,zero,static,True,100.0,6.949999999999998,54,89.74113156000021,1.6618728066666706,trial_13
100,0.1,1.0,6,zero,static,True,100.0,6.95,63,93.53868230799708,1.4847409890158267,trial_13
100,0.1,1.0,6,random_same,static,True,100.0,6.790496139181506,148,246.98924824999995,1.668846271959459,trial_91
100,0.1,1.0,6,zero,static,True,100.0,6.950000000000001,70,110.85480163299871,1.583640023328553,trial_13
100,0.1,1.0,6,zero,static,True,100.0,6.945331128578601,78,121.48719173099744,1.5575280991153517,trial_13
100,0.1,1.0,6,zero,static,True,100.0,6.938944464107229,76,120.95312229200135,1.591488451210544,trial_13
100,0.1,1.0,6,random_same,static,False,91.66666666666666,6.370833333333334,200,350.5238466919982,1.752619233459991,trial_91
100,0.1,1.0,6,zero,static,True,100.0,6.949999999999998,54,91.15149891399778,1.6879907206295885,trial_13
100,0.1,1.0,6,zero,static,True,100.0,6.949999999999999,58,90.02991803300029,1.5522399660862118,trial_13
100,0.1,1.0,6,zero,static,True,100.0,6.949942848807858,74,116.66176574999918,1.5765103479729619,trial_13
100,0.1,1.0,6,random_same,static,True,100.0,6.860109203545201,199,365.79369290100294,1.83815926080906,trial_91
100,0.1,1.0,6,zero,static,True,100.0,6.949999999999999,64,109.37638078199961,1.709005949718744,trial_13
100,0.1,1.0,6,zero,static,True,100.0,6.949999999999998,54,91.59466569000142,1.6961975127778042,trial_13
100,0.1,1.0,6,zero,static,True,100.0,6.95,54,90.489980276001,1.6757403754815001,trial_13
100,0.1,1.0,6,random_same,static,False,75.0,5.212500000000001,200,413.96930074099873,2.069846503704994,trial_91
100,0.1,1.0,6,zero,static,True,100.0,6.949999999999998,54,88.73652378600309,1.6432689590000573,trial_13
100,0.1,1.0,6,random_same,static,False,75.0,5.2124999999999995,200,340.2903818830018,1.7014519094150091,trial_91
100,0.1,1.0,6,zero,static,True,100.0,6.9473293731949495,75,128.57155629200133,1.7142874172266844,trial_13
100,0.1,1.0,6,zero,static,True,100.0,6.95,55,94.20159999099997,1.7127563634727268,trial_13
100,0.1,1.0,6,zero,static,True,100.0,6.9499999999999975,53,81.99453925000125,1.5470667783019105,trial_13
100,0.1,1.0,6,zero,static,True,100.0,6.95,54,86.55572947399924,1.602883879148134,trial_13
100,0.1,1.0,6,zero,static,True,100.0,6.949999742289575,61,107.61880438600201,1.764242694852492,trial_13
100,0.1,1.0,6,zero,static,True,100.0,6.938906986434629,75,114.70001609899919,1.5293335479866559,trial_13
100,0.1,1.0,6,zero,static,True,100.0,6.938944464107229,76,120.33490998799971,1.5833540787894698,trial_13
100,0.1,1.0,6,zero,static,True,100.0,6.949999999999998,54,92.30128838399833,1.7092831182221913,trial_13
100,0.1,1.0,6,zero,static,False,91.66666666666666,6.370833333333333,200,308.7349022749986,1.543674511374993,trial_13
100,0.1,1.0,6,zero,static,True,100.0,6.95,55,93.77314612000191,1.704966293090944,trial_13
100,0.1,1.0,6,zero,static,True,100.0,6.945949421927372,77,118.54224409100061,1.5395096635194885,trial_13
100,0.1,1.0,6,zero,static,True,100.0,6.949999999999999,64,92.35301610299939,1.4430158766093655,trial_13
100,0.1,1.0,6,zero,static,False,91.66666666666666,6.370833333333333,200,303.3686595910003,1.5168432979550017,trial_13
100,0.1,1.0,6,zero,static,True,100.0,6.940826155426354,55,91.60598155900152,1.6655633010727549,trial_14
100,0.1,1.0,6,zero,static,True,100.0,6.938944464107229,76,116.81175018299837,1.536996712934189,trial_13
100,0.1,1.0,6,zero,static,True,100.0,6.95,54,92.95928294899932,1.7214682027592465,trial_14
100,0.1,1.0,6,zero,static,True,100.0,6.910515894951311,44,74.05157973400128,1.682990448500029,trial_14
100,0.1,1.0,6,zero,static,True,100.0,6.936854421151118,73,118.22460942900216,1.619515197657564,trial_13
100,0.1,1.0,6,zero,static,True,100.0,6.950000000000002,39,59.778494838999904,1.5327819189487155,trial_14
100,0.1,1.0,6,zero,static,True,100.0,6.95,53,100.6652226039987,1.8993438227169566,trial_14
100,0.1,1.0,6,zero,static,True,100.0,6.940826155426354,55,92.56706680700154,1.683037578309119,trial_14
100,0.1,1.0,6,zero,static,True,100.0,6.949999999999998,51,94.65849817699927,1.8560489838627308,trial_14
100,0.1,1.0,6,zero,static,True,100.0,6.8963331510628185,42,67.50185972799954,1.6071871363809416,trial_14
100,0.1,1.0,6,zero,static,True,100.0,6.910515894951311,44,74.75927498799865,1.6990744315454238,trial_14
100,0.1,1.0,6,zero,static,True,100.0,6.95,53,91.4240073660003,1.7249812710566093,trial_14
100,0.1,1.0,6,zero,static,True,100.0,6.949999999999999,50,86.35929672199927,1.7271859344399854,trial_14
100,0.1,1.0,6,zero,static,True,100.0,6.950000000000001,52,87.2355884589997,1.677607470365379,trial_14
100,0.1,1.0,6,zero,static,True,100.0,6.95,53,101.31131906299925,1.911534321943382,trial_14
100,0.1,1.0,6,zero,static,False,91.66666666666666,6.370833333333332,200,304.18708303099993,1.5209354151549996,trial_13
100,0.1,1.0,6,zero,static,True,100.0,6.950000000000001,50,79.35190621400034,1.5870381242800067,trial_14
100,0.1,1.0,6,zero,static,True,100.0,6.949999999999998,48,80.7384824969995,1.6820517186874895,trial_14
100,0.1,1.0,6,zero,static,True,100.0,6.868734332377208,47,85.60302786000102,1.821341018297894,trial_14
100,0.1,1.0,6,zero,static,True,100.0,6.95,49,84.7341862889989,1.729269107938753,trial_14
100,0.1,1.0,6,zero,static,True,100.0,6.95,53,90.10685522800122,1.7001293439245513,trial_14
100,0.1,1.0,6,zero,static,False,91.66666666666666,6.3708059495080285,200,357.61889941799745,1.7880944970899872,trial_13
100,0.1,1.0,6,zero,static,True,100.0,6.948398495392596,51,91.745552968001,1.7989324111372744,trial_14
100,0.1,1.0,6,zero,static,True,100.0,6.95,40,67.6904180950005,1.6922604523750124,trial_14
100,0.1,1.0,6,zero,static,False,83.33333333333334,5.791666666666667,200,315.4586483540006,1.5772932417700032,trial_13
100,0.1,1.0,6,zero,static,True,100.0,6.949999999999999,48,80.2761190400015,1.672419146666698,trial_14
100,0.1,1.0,6,zero,static,True,100.0,6.95,47,81.20108679999976,1.7276826978723352,trial_14
100,0.1,1.0,6,zero,static,True,100.0,6.912898932109995,165,229.14628589600034,1.3887653690666688,trial_13
100,0.1,1.0,6,zero,static,True,100.0,6.948398495392596,51,91.678869571002,1.7976248935490589,trial_14
100,0.1,1.0,6,zero,static,True,100.0,6.828854366638274,37,53.191026911001245,1.4375953219189526,trial_14
100,0.1,1.0,6,zero,static,False,91.66666666666666,6.3708059495080285,200,354.0755382040006,1.770377691020003,trial_13
100,0.1,1.0,6,zero,static,True,100.0,6.828854366638274,37,48.9887478640012,1.324020212540573,trial_14
100,0.1,1.0,6,zero,static,True,100.0,6.857633798836468,43,71.64848981700197,1.666243949232604,trial_14
100,0.1,1.0,6,zero,static,True,100.0,6.949829561867552,55,101.52629664699998,1.8459326663090905,trial_14
100,0.1,1.0,6,zero,static,True,100.0,6.857633798836468,43,79.35777295400112,1.8455296035814215,trial_14
100,0.1,1.0,6,zero,static,True,100.0,6.950000000000002,39,56.28764137899998,1.4432728558717944,trial_14
100,0.1,1.0,6,zero,static,True,100.0,6.949999999999999,48,77.59567541499928,1.6165765711458182,trial_14
100,0.1,1.0,6,zero,static,True,100.0,6.95,52,88.35614825399898,1.699156697192288,trial_14
100,0.1,1.0,6,zero,static,True,100.0,6.95,55,90.07822895600111,1.637785981018202,trial_14
100,0.1,1.0,6,zero,static,True,100.0,6.828854366638274,37,51.93887702699794,1.4037534331621067,trial_14
100,0.1,1.0,6,zero,static,True,100.0,6.949999999999999,48,81.22420366499864,1.6921709096874717,trial_14
100,0.1,1.0,6,zero,static,True,100.0,6.950000000000001,50,84.07587777799927,1.6815175555599853,trial_14
100,0.1,1.0,6,zero,static,True,100.0,6.949999999999998,48,82.13318514800267,1.7111080239167222,trial_14
100,0.1,1.0,6,zero,static,True,100.0,6.857944087236966,42,64.60790294099934,1.538283403357127,trial_14
100,0.1,1.0,6,zero,static,True,100.0,6.949983357942425,47,78.15644521500144,1.6629030896808816,trial_14
100,0.1,1.0,6,zero,static,False,91.66666666666666,6.3708059495080285,200,330.52901404899967,1.6526450702449984,trial_13
100,0.1,1.0,6,zero,static,True,100.0,6.924547658938878,50,84.39994696599751,1.6879989393199504,trial_14
100,0.1,1.0,6,zero,static,True,100.0,6.920770483802756,50,83.07565795200208,1.6615131590400416,trial_14
100,0.1,1.0,6,zero,static,True,100.0,6.95,55,99.19331655200222,1.8035148464000403,trial_14
100,0.1,1.0,6,zero,static,True,100.0,6.949999999999999,48,84.5264860999996,1.7609684604166584,trial_14
100,0.1,1.0,6,zero,static,True,100.0,6.950000000000001,51,89.3055522800023,1.751089260392202,trial_14
100,0.1,1.0,6,zero,static,True,100.0,6.95,52,93.25842324000041,1.7934312161538541,trial_14
100,0.1,1.0,6,zero,static,True,100.0,6.950000000000001,53,103.44318086800195,1.9517581295849424,trial_14
100,0.1,1.0,6,zero,static,False,91.66666666666666,6.370833333333334,200,305.7377465540012,1.528688732770006,trial_13
100,0.1,1.0,6,zero,static,False,91.66666666666666,6.370833333333334,200,307.1803687190004,1.535901843595002,trial_13
100,0.1,1.0,6,zero,static,False,75.0,5.2124999999999995,200,274.28207704599845,1.3714103852299921,trial_14
100,0.1,1.0,6,zero,static,False,91.66666666666666,6.370833333333334,200,314.2060502530003,1.5710302512650014,trial_13
100,0.1,1.0,6,zero,static,True,100.0,6.924441353309425,67,103.88048088299911,1.5504549385522255,trial_28
100,0.1,1.0,6,zero,static,True,100.0,6.9151921050606635,72,115.79708109299827,1.6082927929583093,trial_28
100,0.1,1.0,6,zero,static,True,100.0,6.94997595140151,135,282.17823396099993,2.0902091404518512,trial_14
100,0.1,1.0,6,zero,static,True,100.0,6.949999999999998,75,130.40226014899963,1.7386968019866618,trial_28
100,0.1,1.0,6,zero,static,True,100.0,6.941843261719167,183,224.76717789699978,1.2282359447923485,trial_14
100,0.1,1.0,6,zero,static,True,100.0,6.948617411997657,74,122.75598042899946,1.6588646003918845,trial_28
100,0.1,1.0,6,zero,static,True,100.0,6.949999999999998,75,114.47056743199937,1.5262742324266583,trial_28
100,0.1,1.0,6,zero,static,True,100.0,6.94973715492921,69,99.76102717100002,1.4458119879855076,trial_28
100,0.1,1.0,6,zero,static,True,100.0,6.910460349756946,71,114.62366395400022,1.6144178021690172,trial_28
100,0.1,1.0,6,zero,static,True,100.0,6.949999999999998,75,112.0851519300013,1.4944686924000175,trial_28
100,0.1,1.0,6,zero,static,True,100.0,6.948617411997657,74,112.25245173899748,1.5169250234999658,trial_28
100,0.1,1.0,6,zero,static,True,100.0,6.949999999999999,90,142.70551106999847,1.5856167896666495,trial_28
100,0.1,1.0,6,zero,static,True,100.0,6.950000000000001,75,119.52899866000007,1.5937199821333343,trial_28
100,0.1,1.0,6,zero,static,True,100.0,6.950000000000001,75,126.70246680200216,1.6893662240266956,trial_28
100,0.1,1.0,6,zero,static,False,91.66666666666666,6.370833333333333,200,338.1709348040022,1.6908546740200108,trial_14
100,0.1,1.0,6,zero,static,True,100.0,6.905542081451321,72,111.263011973002,1.5453196107361389,trial_28
100,0.1,1.0,6,zero,static,True,100.0,6.941938922746446,73,108.95165305800037,1.4924883980547996,trial_28
100,0.1,1.0,6,zero,static,True,100.0,6.946444885272261,92,155.98462050599846,1.6954850054999833,trial_28
100,0.1,1.0,6,zero,static,True,100.0,6.94973715492921,69,105.2813055810002,1.5258160229130464,trial_28
100,0.1,1.0,6,zero,static,True,100.0,6.949999999999999,96,155.31278694600041,1.6178415306875042,trial_28
100,0.1,1.0,6,zero,static,True,100.0,6.95,80,131.04149178199805,1.6380186472749756,trial_28
100,0.1,1.0,6,zero,static,True,100.0,6.941930896596179,68,104.05463069500183,1.5302151572794387,trial_28
100,0.1,1.0,6,zero,static,True,100.0,6.949954762296449,74,143.26675152499956,1.9360371827702643,trial_28
100,0.1,1.0,6,zero,static,True,100.0,6.9308458859115705,76,115.63173475700023,1.5214701941710558,trial_28
100,0.1,1.0,6,zero,static,True,100.0,6.944923038832167,92,117.83724030600206,1.2808395685435006,trial_28
100,0.1,1.0,6,zero,static,True,100.0,6.911345009496793,81,128.5377212759995,1.5868854478518457,trial_28
100,0.1,1.0,6,zero,static,True,100.0,6.9308458859115705,76,109.32566456399945,1.438495586368414,trial_28
100,0.1,1.0,6,zero,static,True,100.0,6.91558511114162,74,106.6291705980002,1.4409347378108135,trial_28
100,0.1,1.0,6,zero,static,True,100.0,6.9308458859115705,76,122.2481503859999,1.6085282945526302,trial_28
100,0.1,1.0,6,zero,static,False,91.66666666666666,6.344109569528496,200,237.5325366370016,1.1876626831850081,trial_28
100,0.1,1.0,6,zero,static,True,100.0,6.911345009496793,81,118.17714264899769,1.4589770697407123,trial_28
100,0.1,1.0,6,zero,static,True,100.0,6.95,80,127.41603415200007,1.592700426900001,trial_28
100,0.1,1.0,6,zero,static,False,91.66666666666666,6.370833333333333,200,306.7601265630001,1.5338006328150005,trial_14
100,0.1,1.0,6,zero,static,True,100.0,6.9433433259408055,192,272.0812731079968,1.4170899641041501,trial_28
100,0.1,1.0,6,zero,static,True,100.0,6.95,80,125.367627120002,1.567095339000025,trial_28
100,0.1,1.0,6,zero,static,True,100.0,6.9433433259408055,192,290.3164288810003,1.51206473375521,trial_28
100,0.1,1.0,6,zero,static,True,100.0,6.946810518690892,44,68.75219773999925,1.5625499486363466,trial_91
100,0.1,1.0,6,zero,static,True,100.0,6.950000000000001,78,121.61755104099939,1.5591993723205049,trial_28
100,0.1,1.0,6,zero,static,True,100.0,6.911345009496793,81,122.45520181400207,1.51179261498768,trial_28
100,0.1,1.0,6,zero,static,True,100.0,6.949999999999998,80,123.14157223400252,1.5392696529250316,trial_28
100,0.1,1.0,6,zero,static,True,100.0,6.9303174735819875,74,143.8532071490008,1.9439622587702812,trial_28
100,0.1,1.0,6,zero,static,True,100.0,6.950000000000001,58,94.45942935700077,1.628610850982772,trial_91
100,0.1,1.0,6,zero,static,False,83.33333333333334,5.791641309916315,200,357.7530388160012,1.788765194080006,trial_28
100,0.1,1.0,6,zero,static,False,50.0,3.474999955870952,200,340.8710761970033,1.7043553809850165,trial_28
100,0.1,1.0,6,zero,static,True,100.0,6.950000000000001,58,105.74431732599987,1.8231778849310323,trial_91
100,0.1,1.0,6,zero,static,False,72.05876562781125,4.68725432294478,200,381.33626607800034,1.9066813303900016,trial_28
100,0.1,1.0,6,zero,static,False,50.0,3.4749999584483295,200,296.5879926380003,1.4829399631900015,trial_28
100,0.1,1.0,6,zero,static,True,100.0,6.918955522535119,73,117.75831028899847,1.6131275382054586,trial_91
100,0.1,1.0,6,zero,static,False,83.33333333333334,5.79147844179329,200,398.0302394470018,1.990151197235009,trial_28
100,0.1,1.0,6,zero,static,True,100.0,6.949999999999999,50,87.55672422600037,1.7511344845200074,trial_91
100,0.1,1.0,6,zero,static,True,100.0,6.949999999999998,58,105.55060091799896,1.8198379468620511,trial_91
100,0.1,1.0,6,zero,static,True,100.0,6.949485314306058,141,259.074484408,1.8374076908368793,trial_28
100,0.1,1.0,6,zero,static,False,66.66666666666667,4.633331087775094,200,363.31077401499715,1.8165538700749857,trial_28
100,0.1,1.0,6,zero,static,True,100.0,6.90425334168121,77,138.5734092519997,1.7996546656103856,trial_91
100,0.1,1.0,6,zero,static,True,100.0,6.949999999999999,50,83.33268675400177,1.6666537350800354,trial_91
100,0.1,1.0,6,zero,static,True,100.0,6.90425334168121,77,119.47767267000017,1.551658086623379,trial_91
100,0.1,1.0,6,zero,static,False,91.66666666666666,6.3704936515682125,200,339.90521212199747,1.6995260606099873,trial_28
100,0.1,1.0,6,zero,static,False,66.66666666666667,4.633333333333333,200,363.06973872600065,1.8153486936300032,trial_28
100,0.1,1.0,6,zero,static,True,100.0,6.863407639165493,49,75.32855767400179,1.537317503551057,trial_91
100,0.1,1.0,6,zero,static,True,100.0,6.93324911527556,173,300.27028613999937,1.7356663938728287,trial_28
100,0.1,1.0,6,zero,static,True,100.0,6.949999999999998,58,102.47912757700033,1.7668815099482815,trial_91
100,0.1,1.0,6,zero,static,True,100.0,6.93324911527556,173,315.29223629899934,1.8224984757167593,trial_28
100,0.1,1.0,6,zero,static,False,50.0,3.475,200,307.54635194300135,1.5377317597150069,trial_28
100,0.1,1.0,6,zero,static,True,100.0,6.93324911527556,173,306.0732435639984,1.769209500369933,trial_28
100,0.1,1.0,6,zero,static,True,100.0,6.949973743260164,47,73.9106556120023,1.5725671406809,trial_91
100,0.1,1.0,6,zero,static,False,50.0,3.475,200,308.63462425599937,1.5431731212799968,trial_28
100,0.1,1.0,6,zero,static,False,91.66666666666666,6.356101295159496,200,311.1668018169985,1.5558340090849925,trial_91
100,0.1,1.0,6,zero,static,True,100.0,6.947828077458542,78,123.3839228220022,1.5818451643846436,trial_91
100,0.1,1.0,6,zero,static,True,100.0,6.950000000000003,57,93.10485994400005,1.6334185955087728,trial_91
100,0.1,1.0,6,zero,static,True,100.0,6.95,56,84.86919120099992,1.5155212714464272,trial_91
100,0.1,1.0,6,zero,static,True,100.0,6.949999999999998,61,100.3886822050008,1.6457161017213247,trial_91
100,0.1,1.0,6,zero,static,True,100.0,6.950000000000001,65,99.18988822300162,1.525998280353871,trial_91
100,0.1,1.0,6,zero,static,True,100.0,6.95,56,105.34821303400167,1.881218089892887,trial_91
100,0.1,1.0,6,zero,static,True,100.0,6.941429276777573,64,112.73896555700048,1.7615463368281326,trial_91
100,0.1,1.0,6,zero,static,True,100.0,6.950000000000003,57,104.06392757999856,1.8256829399999748,trial_91
100,0.1,1.0,6,zero,static,True,100.0,6.940438412103607,169,292.8575348209997,1.7328848214260337,trial_91
100,0.1,1.0,6,zero,static,False,91.66666666666666,6.358591154682675,200,181.55278329400244,0.9077639164700122,trial_91
100,0.1,1.0,6,zero,static,True,100.0,6.950000000000001,66,102.22390872100004,1.548847101833334,trial_91
100,0.1,1.0,6,zero,static,False,83.33333333333334,5.776066778932077,200,348.90731603099994,1.7445365801549997,trial_91
100,0.1,1.0,6,zero,static,True,100.0,6.950000000000001,65,115.28844826799832,1.7736684348922818,trial_91
100,0.1,1.0,6,zero,static,True,100.0,6.950000000000001,66,116.07620380399749,1.7587303606666287,trial_91
100,0.1,1.0,6,zero,static,True,100.0,6.941429276777573,64,121.64729466099743,1.9007389790780849,trial_91
100,0.1,1.0,6,zero,static,True,100.0,6.932627179304455,83,151.70629692299917,1.8277867099156526,trial_91
100,0.1,1.0,6,zero,static,False,98.79856568541788,6.401076789404106,200,338.82158963500115,1.6941079481750057,trial_91
100,0.1,1.0,6,zero,static,False,83.33333333333334,5.776066778932077,200,365.9547620910016,1.829773810455008,trial_91
100,0.1,1.0,6,zero,static,True,100.0,6.95,56,97.22035388400036,1.7360777479285778,trial_91
100,0.1,1.0,6,zero,static,False,75.0,5.2124999999999995,200,341.263239816999,1.7063161990849949,trial_91
100,0.1,1.0,6,zero,static,True,100.0,6.95,199,419.2701453439986,2.106885152482405,trial_91
100,0.1,1.0,6,zero,static,True,100.0,6.940738689539591,132,254.79563230500207,1.9302699417045612,trial_91
100,0.1,1.0,6,zero,static,True,100.0,6.950000000000002,70,109.06200620500022,1.5580286600714317,trial_91
100,0.1,1.0,6,zero,static,False,83.33333333333334,5.791666666666666,200,388.4832505880004,1.942416252940002,trial_91
100,0.1,1.0,6,zero,static,False,91.66666666666666,6.364326308511333,200,353.84290159100055,1.7692145079550028,trial_91
100,0.1,1.0,6,zero,static,True,100.0,6.934355591637555,78,126.59420476800005,1.6230026252307699,trial_91
100,0.1,1.0,6,zero,static,False,91.66666666666666,6.353548233301168,200,222.62712210899917,1.1131356105449959,trial_91
100,0.1,1.0,6,zero,static,False,83.33333333333334,5.720401458530924,200,373.15253970100093,1.8657626985050046,trial_91
100,0.1,1.0,6,zero,static,False,83.33333333333334,5.77223584669978,200,417.1327528389993,2.0856637641949964,trial_91
100,0.1,1.0,6,zero,static,True,100.0,6.946405027158922,121,208.31717223300075,1.721629522586783,trial_91
100,0.1,1.0,6,accelerate,static,True,100.0,6.932696891931164,88,133.77054247900014,1.5201198008977288,trial_13
100,0.1,1.0,6,zero,static,True,100.0,6.865556370005638,128,205.88915785800054,1.6085090457656293,trial_91
100,0.1,1.0,6,accelerate,static,True,100.0,6.890892428565075,67,113.61420149200057,1.6957343506268743,trial_13
100,0.1,1.0,6,zero,static,False,83.33333333333334,5.720401458530924,200,363.45781226500185,1.8172890613250092,trial_91
100,0.1,1.0,6,accelerate,static,True,100.0,6.9027988230686015,94,141.66998283999783,1.5071274770212535,trial_13
100,0.1,1.0,6,accelerate,static,True,100.0,6.942388786296404,82,143.33952613899964,1.7480430016951176,trial_13
100,0.1,1.0,6,accelerate,static,True,100.0,6.948795017403012,95,138.2974587690005,1.455762723884216,trial_13
100,0.1,1.0,6,accelerate,static,True,100.0,6.914893145576496,73,113.49007161600093,1.554658515287684,trial_13
100,0.1,1.0,6,accelerate,static,True,100.0,6.942601849155805,106,162.25735072299722,1.5307297238018605,trial_13
100,0.1,1.0,6,accelerate,static,True,100.0,6.92905230689852,94,158.40100459699897,1.6851170701808402,trial_13
100,0.1,1.0,6,accelerate,static,True,100.0,6.90747646807597,93,150.34737581199806,1.616638449591377,trial_13
100,0.1,1.0,6,accelerate,static,True,100.0,6.949858931364843,107,157.59614252499887,1.4728611450934475,trial_13
100,0.1,1.0,6,accelerate,static,True,100.0,6.942388786296404,82,140.24182743300116,1.7102661882073313,trial_13
100,0.1,1.0,6,zero,static,False,83.33333333333334,5.705371120391378,200,464.35374509599933,2.3217687254799966,trial_91
100,0.1,1.0,6,accelerate,static,True,100.0,6.90747646807597,93,153.0532549410018,1.6457339240967934,trial_13
100,0.1,1.0,6,accelerate,static,True,100.0,6.942388786296404,82,142.31836168400332,1.7355897766341868,trial_13
100,0.1,1.0,6,accelerate,static,True,100.0,6.932696891931164,88,137.6080209949978,1.563727511306793,trial_13
100,0.1,1.0,6,accelerate,static,True,100.0,6.950000000000002,66,86.7915814759981,1.315023961757547,trial_13
100,0.1,1.0,6,accelerate,static,True,100.0,6.932696891931164,88,154.56751525599975,1.7564490369999972,trial_13
100,0.1,1.0,6,accelerate,static,True,100.0,6.932696891931164,88,143.7109536349999,1.6330790185795443,trial_13
100,0.1,1.0,6,accelerate,static,True,100.0,6.924873965794738,105,174.80632104899996,1.664822105228571,trial_13
100,0.1,1.0,6,zero,static,True,100.0,6.949165181705148,162,283.9819962069996,1.7529752852283926,trial_91
100,0.1,1.0,6,zero,static,True,100.0,6.949971420913279,158,274.4978464169981,1.7373281418797346,trial_91
100,0.1,1.0,6,accelerate,static,True,100.0,6.904916508436406,86,142.9177296839989,1.6618340660930107,trial_13
100,0.1,1.0,6,accelerate,static,True,100.0,6.904916508436406,86,140.90953103900029,1.638482919058143,trial_13
100,0.1,1.0,6,zero,static,True,100.0,6.949971420913279,158,276.789619182,1.7518330327974685,trial_91
100,0.1,1.0,6,accelerate,static,True,100.0,6.950000000000002,66,88.05464733599729,1.334161323272686,trial_13
100,0.1,1.0,6,accelerate,static,True,100.0,6.950000000000002,102,148.54876174999663,1.4563604093136924,trial_13
100,0.1,1.0,6,zero,static,True,100.0,6.949971420913279,158,271.6933471960001,1.7195781468101272,trial_91
100,0.1,1.0,6,accelerate,static,True,100.0,6.949858931364843,107,165.49551823100046,1.5466870862710322,trial_13
100,0.1,1.0,6,accelerate,static,True,100.0,6.950000000000002,73,121.56797189500139,1.6653146834931698,trial_13
100,0.1,1.0,6,accelerate,static,True,100.0,6.939512054333463,83,126.68389483699866,1.5263119859879357,trial_13
100,0.1,1.0,6,accelerate,static,True,100.0,6.950000000000002,102,160.81535102999987,1.5766210885294105,trial_13
100,0.1,1.0,6,accelerate,static,True,100.0,6.949999999999999,86,145.28270957800123,1.68933383230234,trial_13
100,0.1,1.0,6,accelerate,static,True,100.0,6.950000000000002,73,128.90221724300136,1.7657837978493336,trial_13
100,0.1,1.0,6,accelerate,static,True,100.0,6.780580806024278,86,136.10153313299816,1.5825759666627692,trial_13
100,0.1,1.0,6,accelerate,static,True,100.0,6.906787778735817,84,129.79838175999976,1.5452188304761876,trial_13
100,0.1,1.0,6,accelerate,static,True,100.0,6.949999999999999,43,68.91549168400161,1.6026858531163164,trial_14
100,0.1,1.0,6,accelerate,static,True,100.0,6.949999999999999,43,70.52667989099791,1.640155346302277,trial_14
100,0.1,1.0,6,accelerate,static,True,100.0,6.95,55,87.85717523399944,1.5974031860727171,trial_14
100,0.1,1.0,6,accelerate,static,True,100.0,6.950000000000001,130,196.08681684899784,1.5083601296076756,trial_13
100,0.1,1.0,6,accelerate,static,True,100.0,6.949999999999999,37,59.28186666699912,1.6022126126215979,trial_14
100,0.1,1.0,6,accelerate,static,True,100.0,6.941032522354508,94,138.99826607000068,1.4787049581914966,trial_13
100,0.1,1.0,6,accelerate,static,True,100.0,6.949999999999999,43,70.94613818399739,1.6499101903255207,trial_14
100,0.1,1.0,6,accelerate,static,True,100.0,6.906787778735817,84,144.28507689600156,1.7176794868571614,trial_13
100,0.1,1.0,6,accelerate,static,True,100.0,6.934075545894295,52,95.34852875700017,1.833625553019234,trial_14
100,0.1,1.0,6,accelerate,static,True,100.0,6.906787778735817,84,130.36772772400218,1.5519967586190735,trial_13
100,0.1,1.0,6,accelerate,static,True,100.0,6.949999999999999,43,65.473844240998,1.5226475404883257,trial_14
100,0.1,1.0,6,accelerate,static,True,100.0,6.946713425184624,82,130.16564169300182,1.5873858743049003,trial_13
100,0.1,1.0,6,accelerate,static,True,100.0,6.908924351252915,92,145.01779874499698,1.5762804211412715,trial_13
100,0.1,1.0,6,accelerate,static,True,100.0,6.95,38,62.07692924000003,1.6336034010526324,trial_14
100,0.1,1.0,6,accelerate,static,True,100.0,6.950000000000001,45,78.22262631400008,1.7382805847555574,trial_14
100,0.1,1.0,6,accelerate,static,True,100.0,6.942835198793092,92,152.2156061400019,1.654517458043499,trial_13
100,0.1,1.0,6,accelerate,static,True,100.0,6.896626820780288,40,68.1559465049977,1.7038986626249426,trial_14
100,0.1,1.0,6,accelerate,static,True,100.0,6.950000000000001,45,76.33511679299772,1.6963359287332826,trial_14
100,0.1,1.0,6,accelerate,static,True,100.0,6.927733126868869,92,144.15651175099993,1.5669186059891296,trial_13
100,0.1,1.0,6,accelerate,static,True,100.0,6.927733126868869,92,149.99956126699908,1.6304300137717291,trial_13
100,0.1,1.0,6,accelerate,static,True,100.0,6.9493669024976565,55,97.9922416460031,1.78167712083642,trial_14
100,0.1,1.0,6,accelerate,static,True,100.0,6.935405388999497,187,309.22454380600175,1.6536071861283517,trial_13
100,0.1,1.0,6,accelerate,static,True,100.0,6.949999999999999,42,71.49611620799988,1.7022884811428542,trial_14
100,0.1,1.0,6,accelerate,static,True,100.0,6.95,42,64.79870789399865,1.5428263784285394,trial_14
100,0.1,1.0,6,accelerate,static,True,100.0,6.949999999999999,42,67.39792048500021,1.604712392500005,trial_14
100,0.1,1.0,6,accelerate,static,True,100.0,6.95,44,66.87166307999723,1.5198105245453917,trial_14
100,0.1,1.0,6,accelerate,static,True,100.0,6.934075545894295,52,100.97705426800167,1.9418664282308014,trial_14
100,0.1,1.0,6,accelerate,static,False,91.66666666666666,6.370833333333334,200,299.3855606649995,1.4969278033249975,trial_13
100,0.1,1.0,6,accelerate,static,True,100.0,6.934591339813364,141,230.0260342799993,1.631390314042548,trial_13
100,0.1,1.0,6,accelerate,static,True,100.0,6.949999999999999,37,61.56455371999982,1.6639068572972924,trial_14
100,0.1,1.0,6,accelerate,static,True,100.0,6.95,53,82.84886961099983,1.5631862190754684,trial_14
100,0.1,1.0,6,accelerate,static,True,100.0,6.935405388999497,187,303.36523452300025,1.6222739814064184,trial_13
100,0.1,1.0,6,accelerate,static,True,100.0,6.95,50,90.01511272399875,1.8003022544799752,trial_14
100,0.1,1.0,6,accelerate,static,False,91.66666666666666,6.3708333333333345,200,301.4287668830002,1.507143834415001,trial_13
100,0.1,1.0,6,accelerate,static,False,91.66666666666666,6.370833333333333,200,284.21239894500104,1.4210619947250052,trial_13
100,0.1,1.0,6,accelerate,static,False,91.66666666666666,6.370833333333334,200,290.22840911599997,1.45114204558,trial_13
100,0.1,1.0,6,accelerate,static,True,100.0,6.949999999999999,37,59.94703277000008,1.620190074864867,trial_14
100,0.1,1.0,6,accelerate,static,True,100.0,6.94235688106074,57,91.66460675300186,1.6081509956666993,trial_14
100,0.1,1.0,6,accelerate,static,True,100.0,6.9493669024976565,55,91.79762540499723,1.6690477346363133,trial_14
100,0.1,1.0,6,accelerate,static,True,100.0,6.94439501846332,59,92.96448717700332,1.575669274186497,trial_14
100,0.1,1.0,6,accelerate,static,True,100.0,6.949999999999999,37,63.98525640600201,1.7293312542162704,trial_14
100,0.1,1.0,6,accelerate,static,True,100.0,6.949999999999998,44,74.69563630999983,1.6976280979545415,trial_14
100,0.1,1.0,6,accelerate,static,True,100.0,6.935405388999497,187,298.02049743799944,1.5936924996684463,trial_13
100,0.1,1.0,6,accelerate,static,True,100.0,6.94439501846332,59,111.40336137099803,1.8881925656101362,trial_14
100,0.1,1.0,6,accelerate,static,True,100.0,6.949999999999999,37,58.776152251000894,1.5885446554324567,trial_14
100,0.1,1.0,6,accelerate,static,True,100.0,6.94235688106074,57,95.6715439920008,1.6784481402105405,trial_14
100,0.1,1.0,6,accelerate,static,True,100.0,6.950000000000001,43,68.86183335600072,1.6014379850232725,trial_14
100,0.1,1.0,6,accelerate,static,True,100.0,6.823999791813258,47,69.89355205500033,1.4870968522340495,trial_14
100,0.1,1.0,6,accelerate,static,True,100.0,6.950000000000001,43,73.75559921899912,1.715246493465096,trial_14
100,0.1,1.0,6,accelerate,static,True,100.0,6.949993059196206,54,105.34092934100045,1.9507579507592676,trial_14
100,0.1,1.0,6,accelerate,static,True,100.0,6.949999999999999,37,61.58018057500158,1.6643292047297724,trial_14
100,0.1,1.0,6,accelerate,static,True,100.0,6.932429556341342,61,99.01529254000343,1.6232015170492367,trial_14
100,0.1,1.0,6,accelerate,static,True,100.0,6.95,59,93.21644468999875,1.5799397405084534,trial_14
100,0.1,1.0,6,accelerate,static,True,100.0,6.950000000000002,59,111.07329782099987,1.8825982681525402,trial_14
100,0.1,1.0,6,accelerate,static,True,100.0,6.935405388999497,187,295.498559656,1.580206201368984,trial_13
100,0.1,1.0,6,accelerate,static,True,100.0,6.95,42,61.475132430001395,1.4636936292857474,trial_14
100,0.1,1.0,6,accelerate,static,True,100.0,6.949999999999998,44,71.09625546900133,1.6158239879318486,trial_14
100,0.1,1.0,6,accelerate,static,True,100.0,6.949999999999998,43,72.1828948500006,1.6786719732558277,trial_14
100,0.1,1.0,6,accelerate,static,True,100.0,6.949999999999999,46,83.84293071299908,1.8226724068043278,trial_14
100,0.1,1.0,6,accelerate,static,True,100.0,6.949999999999999,46,79.4178748259983,1.726475539695615,trial_14
100,0.1,1.0,6,accelerate,static,True,100.0,6.950000000000002,59,113.69081414900211,1.9269629516780018,trial_14
100,0.1,1.0,6,accelerate,static,True,100.0,6.949999999999999,41,75.08392433000336,1.8313152275610574,trial_14
100,0.1,1.0,6,accelerate,static,True,100.0,6.950000000000001,61,120.49824716500007,1.9753811010655749,trial_14
100,0.1,1.0,6,accelerate,static,True,100.0,6.91908635739672,51,91.83023858500019,1.8005929134313763,trial_14
100,0.1,1.0,6,accelerate,static,True,100.0,6.938092383728573,56,88.20883178400254,1.5751577104286167,trial_14
100,0.1,1.0,6,accelerate,static,True,100.0,6.9499999999999975,55,99.12717753499965,1.8023123188181753,trial_14
100,0.1,1.0,6,accelerate,static,True,100.0,6.935405388999497,187,303.7566147260004,1.6243669236684515,trial_13
100,0.1,1.0,6,accelerate,static,True,100.0,6.949999999999999,60,104.83137477099808,1.7471895795166348,trial_14
100,0.1,1.0,6,accelerate,static,True,100.0,6.950000000000001,61,103.85260787299922,1.7025017684098231,trial_14
100,0.1,1.0,6,accelerate,static,True,100.0,6.935405388999497,187,332.8280149630009,1.7798289570213952,trial_13
100,0.1,1.0,6,accelerate,static,True,100.0,6.95,88,130.07564149000245,1.4781322896591187,trial_28
100,0.1,1.0,6,accelerate,static,True,100.0,6.95,88,124.3456126860001,1.4130183259772737,trial_28
100,0.1,1.0,6,accelerate,static,True,100.0,6.947830157918178,80,131.77501471800133,1.6471876839750166,trial_28
100,0.1,1.0,6,accelerate,static,True,100.0,6.805372328628545,80,131.82790112499788,1.6478487640624735,trial_28
100,0.1,1.0,6,accelerate,static,True,100.0,6.950000000000001,90,138.39867892099937,1.5377630991222153,trial_28
100,0.1,1.0,6,accelerate,static,True,100.0,6.907229072138149,76,121.04837951699665,1.5927418357499559,trial_28
100,0.1,1.0,6,accelerate,static,True,100.0,6.949973989982496,81,132.86114580999856,1.6402610593826983,trial_28
100,0.1,1.0,6,accelerate,static,True,100.0,6.948746932208716,78,119.63612392799769,1.533796460615355,trial_28
100,0.1,1.0,6,accelerate,static,True,100.0,6.805372328628545,80,132.89118515700102,1.6611398144625127,trial_28
100,0.1,1.0,6,accelerate,static,True,100.0,6.939941671780835,86,131.24778570099807,1.5261370430348613,trial_28
100,0.1,1.0,6,accelerate,static,True,100.0,6.8457117733440604,79,131.83442363700306,1.6687901726202918,trial_28
100,0.1,1.0,6,accelerate,static,True,100.0,6.939941671780835,86,133.7375247150012,1.5550874966860604,trial_28
100,0.1,1.0,6,accelerate,static,True,100.0,6.886690268960343,81,123.23897535799915,1.5214688315802365,trial_28
100,0.1,1.0,6,accelerate,static,True,100.0,6.949999999999999,92,156.87598741300098,1.7051737762282715,trial_28
100,0.1,1.0,6,accelerate,static,True,100.0,6.947817240049114,97,165.58986544299842,1.7071120148762724,trial_28
100,0.1,1.0,6,accelerate,static,True,100.0,6.935739578849606,85,142.65378486400004,1.6782798219294124,trial_28
100,0.1,1.0,6,accelerate,static,True,100.0,6.947817240049114,97,158.21386547399743,1.6310707780824478,trial_28
100,0.1,1.0,6,accelerate,static,True,100.0,6.949999999999999,84,136.89381683600004,1.6296882956666672,trial_28
100,0.1,1.0,6,accelerate,static,True,100.0,6.948746932208716,78,125.2585041329985,1.6058782581153654,trial_28
100,0.1,1.0,6,accelerate,static,True,100.0,6.95,88,140.19907977800176,1.5931713611136564,trial_28
100,0.1,1.0,6,accelerate,static,True,100.0,6.939941671780835,86,133.91641309199986,1.5571675940930216,trial_28
100,0.1,1.0,6,accelerate,static,True,100.0,6.95,88,132.23564677399918,1.5026778042499906,trial_28
100,0.1,1.0,6,accelerate,static,True,100.0,6.894930101466936,156,217.1141376359992,1.3917572925384565,trial_28
100,0.1,1.0,6,accelerate,static,True,100.0,6.9499771330164695,77,122.17716871799712,1.5867164768571054,trial_28
100,0.1,1.0,6,accelerate,static,True,100.0,6.825682986838128,87,142.0631847650002,1.6329101697126458,trial_28
100,0.1,1.0,6,accelerate,static,True,100.0,6.894930101466936,156,207.48781024599884,1.3300500656794798,trial_28
100,0.1,1.0,6,accelerate,static,True,100.0,6.8305312523161685,76,119.71323499299979,1.575174144644734,trial_28
100,0.1,1.0,6,accelerate,static,True,100.0,6.92384690999606,84,144.31675625299977,1.718056622059521,trial_28
100,0.1,1.0,6,accelerate,static,True,100.0,6.805372328628545,80,120.47923346400057,1.5059904183000072,trial_28
100,0.1,1.0,6,accelerate,static,True,100.0,6.950000000000001,76,120.33746626100037,1.5833877139605312,trial_28
100,0.1,1.0,6,accelerate,static,True,100.0,6.95,100,159.59481094900184,1.5959481094900183,trial_28
100,0.1,1.0,6,accelerate,static,True,100.0,6.930301900873334,184,285.57616263399905,1.5520443621412991,trial_28
100,0.1,1.0,6,accelerate,static,True,100.0,6.897334381038307,91,137.5810684579992,1.5118798731648264,trial_28
100,0.1,1.0,6,accelerate,static,True,100.0,6.8457117733440604,79,131.64989675000106,1.6664543892405197,trial_28
100,0.1,1.0,6,accelerate,static,True,100.0,6.805372328628545,80,135.69694875099958,1.6962118593874949,trial_28
100,0.1,1.0,6,accelerate,static,True,100.0,6.895682386380645,75,119.84699112899762,1.5979598817199683,trial_28
100,0.1,1.0,6,accelerate,static,True,100.0,6.930301900873334,184,270.9664498619968,1.4726437492499826,trial_28
100,0.1,1.0,6,accelerate,static,True,100.0,6.8572688498990075,76,120.44482841799982,1.58480037392105,trial_28
100,0.1,1.0,6,accelerate,static,False,83.33333333333334,5.791666666666667,200,316.8202623179968,1.584101311589984,trial_28
100,0.1,1.0,6,accelerate,static,True,100.0,6.897334381038307,91,148.35970117100078,1.6303263864945141,trial_28
100,0.1,1.0,6,accelerate,static,True,100.0,6.949999999999999,87,146.82145657600267,1.687602949149456,trial_28
100,0.1,1.0,6,accelerate,static,True,100.0,6.927832680729118,66,121.49714338800186,1.840865808909119,trial_91
100,0.1,1.0,6,accelerate,static,True,100.0,6.95,100,166.5137518219999,1.665137518219999,trial_28
100,0.1,1.0,6,accelerate,static,True,100.0,6.95,85,132.94552857899907,1.5640650421058715,trial_28
100,0.1,1.0,6,accelerate,static,True,100.0,6.909029868887393,87,132.2735553499988,1.520385693678147,trial_28
100,0.1,1.0,6,accelerate,static,True,100.0,6.95,88,136.90415046999988,1.555728982613635,trial_28
100,0.1,1.0,6,accelerate,static,False,83.33333333333334,5.791666666666667,200,305.81626511599825,1.5290813255799913,trial_28
100,0.1,1.0,6,accelerate,static,True,100.0,6.825682986838128,87,148.96234931800063,1.7122109117011568,trial_28
100,0.1,1.0,6,accelerate,static,True,100.0,6.927562125215745,75,137.73385215800226,1.836451362106697,trial_91
100,0.1,1.0,6,accelerate,static,False,83.33333333333334,5.791666666666667,200,320.5640797679989,1.6028203988399945,trial_28
100,0.1,1.0,6,accelerate,static,True,100.0,6.946021549742991,110,166.6960544859976,1.5154186771454328,trial_28
100,0.1,1.0,6,accelerate,static,True,100.0,6.934916150427603,78,144.71500289200048,1.855320549897442,trial_91
100,0.1,1.0,6,accelerate,static,True,100.0,6.896493032642963,95,149.7415952500014,1.5762273184210676,trial_91
100,0.1,1.0,6,accelerate,static,True,100.0,6.949998759369431,77,140.38947548500073,1.8232399413636458,trial_91
100,0.1,1.0,6,accelerate,static,True,100.0,6.910887238156412,101,166.0091914620025,1.6436553610099256,trial_91
100,0.1,1.0,6,accelerate,static,True,100.0,6.9154167491808245,95,153.59151563699925,1.6167527961789394,trial_91
100,0.1,1.0,6,accelerate,static,True,100.0,6.868987900124709,97,149.15957789700042,1.5377276071855712,trial_91
100,0.1,1.0,6,accelerate,static,True,100.0,6.949999999999999,51,85.0181341560019,1.6670222383529785,trial_91
100,0.1,1.0,6,accelerate,static,True,100.0,6.920455449336522,56,101.1978946900017,1.807105262321459,trial_91
100,0.1,1.0,6,accelerate,static,True,100.0,6.920455449336522,56,95.74459928099895,1.7097249871606957,trial_91
100,0.1,1.0,6,accelerate,static,True,100.0,6.8617438666896335,145,230.06565796600262,1.5866597101103628,trial_91
100,0.1,1.0,6,accelerate,static,True,100.0,6.904659825595419,169,250.95812608599954,1.48495932595266,trial_28
100,0.1,1.0,6,accelerate,static,True,100.0,6.868987900124709,97,156.66626097300104,1.6151160925051653,trial_91
100,0.1,1.0,6,accelerate,static,True,100.0,6.874196411752912,84,148.46863321699857,1.7674837287737926,trial_91
100,0.1,1.0,6,accelerate,static,True,100.0,6.949999999999999,68,104.94307571999889,1.5432805252941013,trial_91
100,0.1,1.0,6,accelerate,static,True,100.0,6.918625104683297,106,172.95317046900163,1.6316336836698266,trial_91
100,0.1,1.0,6,accelerate,static,True,100.0,6.8617438666896335,145,252.53109079200294,1.7415937296000203,trial_91
100,0.1,1.0,6,accelerate,static,True,100.0,6.885708684239263,114,174.3087379009994,1.5290240166754334,trial_91
100,0.1,1.0,6,accelerate,static,True,100.0,6.894489897678333,90,137.29013589399983,1.5254459543777759,trial_91
100,0.1,1.0,6,accelerate,static,True,100.0,6.949426365172316,91,151.602539427,1.665961971725275,trial_91
100,0.1,1.0,6,accelerate,static,True,100.0,6.911475539662444,114,192.56691203000082,1.6891834388596563,trial_91
100,0.1,1.0,6,accelerate,static,True,100.0,6.949965932657191,97,154.73550054800216,1.5952113458556925,trial_91
100,0.1,1.0,6,accelerate,static,True,100.0,6.9429404026523045,99,156.5631171519999,1.581445627797979,trial_91
100,0.1,1.0,6,accelerate,static,True,100.0,6.919062762290958,121,201.1404029339974,1.6623173796198132,trial_91
100,0.1,1.0,6,accelerate,static,True,100.0,6.909274138738837,106,168.72613425799864,1.5917559835660249,trial_91
100,0.1,1.0,6,accelerate,static,True,100.0,6.919062762290958,121,200.73321930599923,1.6589522256694151,trial_91
100,0.1,1.0,6,accelerate,static,True,100.0,6.911475539662444,114,197.5366989739996,1.732778061175435,trial_91
100,0.1,1.0,6,accelerate,static,True,100.0,6.936925401981744,116,187.67650140499973,1.6179008741810321,trial_91
100,0.1,1.0,6,accelerate,static,True,100.0,6.924818134733229,148,246.25971067800128,1.6639169640405491,trial_91
100,0.1,1.0,6,accelerate,static,True,100.0,6.885708684239263,114,154.84293444299692,1.3582713547631309,trial_91
100,0.1,1.0,6,accelerate,static,True,100.0,6.9429404026523045,99,140.71657279899955,1.4213795232222177,trial_91
100,0.1,1.0,6,accelerate,static,True,100.0,6.920455449336522,56,72.31681214499986,1.2913716454464261,trial_91
100,0.1,1.0,6,accelerate,static,True,100.0,6.936256657435999,152,216.66817805200117,1.4254485398157972,trial_91
100,0.1,1.0,6,accelerate,static,True,100.0,6.9480923171247575,132,211.2611974370011,1.6004636169469781,trial_91
100,0.1,1.0,6,accelerate,static,True,100.0,6.921097885864776,85,117.60882132500046,1.383633192058829,trial_91
100,0.1,1.0,6,accelerate,static,False,83.33333333333334,5.755535069055984,200,357.0461013460008,1.785230506730004,trial_91
100,0.1,1.0,6,accelerate,static,True,100.0,6.936925401981744,116,151.9477795720013,1.3098946514827698,trial_91
100,0.1,1.0,6,accelerate,static,True,100.0,6.913927166088123,125,175.09065595700304,1.4007252476560244,trial_91
100,0.1,1.0,6,accelerate,static,True,100.0,6.882102358162226,126,153.41869176299952,1.2176086647857105,trial_91
100,0.1,1.0,6,accelerate,static,True,100.0,6.869319156529964,168,146.20857316100228,0.8702891259583468,trial_91
100,0.1,1.0,6,accelerate,static,True,100.0,6.931130562371683,105,104.25486692200138,0.9929034944952513,trial_91
100,0.1,1.0,6,accelerate,static,False,83.33333333333334,5.788773590666204,200,295.0450543190018,1.475225271595009,trial_91
100,0.1,1.0,6,accelerate,static,True,100.0,6.911475539662444,114,129.2826194249974,1.1340580651315562,trial_91
100,0.1,1.0,6,accelerate,static,True,100.0,6.882102358162226,126,144.54655867700058,1.1471949101349252,trial_91
100,0.1,1.0,6,accelerate,static,False,91.66666666666666,6.3244542453627135,200,295.45618318799825,1.4772809159399913,trial_91
100,0.1,1.0,6,accelerate,static,True,100.0,6.869319156529964,168,124.72070644300038,0.7423851573988118,trial_91
100,0.1,1.0,6,accelerate,static,True,100.0,6.913927166088123,125,130.63501730899952,1.045080138471996,trial_91
100,0.1,1.0,6,accelerate,static,False,91.66666666666666,6.3244542453627135,200,261.4887622180031,1.3074438110900155,trial_91
100,0.1,1.0,6,accelerate,static,False,91.66666666666666,6.266511026334322,200,204.45586149099836,1.0222793074549918,trial_91
100,0.1,1.0,6,accelerate,static,True,100.0,6.947699564998803,185,142.20006435100004,0.7686489964918921,trial_91
