LI,EF,DF,HL,rollout_method,hertg_method,done,percent_done,cumulative_reward,num_actions,computation_time,computation_per_action,rollout_pre_collision_stop,trial_config
100,0.1,1.0,6,random,static,True,100.0,6.896333691378114,85,114.63795038699755,1.3486817692587947,True,trial_61
100,0.1,1.0,6,random,static,True,100.0,6.950000000000001,79,115.32154807099869,1.4597664312784644,True,trial_61
100,0.1,1.0,6,random,static,True,100.0,6.95,84,121.25676752399886,1.4435329467142721,True,trial_61
100,0.1,1.0,6,random,static,True,100.0,6.949999999999999,85,121.73773539399554,1.432208651694065,True,trial_61
100,0.1,1.0,6,random,static,True,100.0,6.929607642090306,89,127.20912096500251,1.4293159658989045,True,trial_61
100,0.1,1.0,6,random,static,True,100.0,6.881220829635746,83,129.57231170600426,1.561112189228967,True,trial_61
100,0.1,1.0,6,random,static,True,100.0,6.944996510536639,93,132.33852001000196,1.4229948388172253,True,trial_61
100,0.1,1.0,6,random,static,True,100.0,6.95,85,133.0194013010041,1.5649341329529896,True,trial_61
100,0.1,1.0,6,random,static,True,100.0,6.950000000000001,101,133.93226937000145,1.3260620729703114,True,trial_61
100,0.1,1.0,6,random,static,True,100.0,6.948590059231765,91,134.6263763370007,1.4794107289780296,True,trial_61
100,0.1,1.0,6,random,static,True,100.0,6.947414675062954,90,138.8517577599996,1.54279730844444,True,trial_61
100,0.1,1.0,6,random,static,True,100.0,6.95,98,139.31319282999902,1.421563192142847,True,trial_61
100,0.1,1.0,6,random,static,True,100.0,6.920343881493176,84,139.41382076199807,1.6596883424047388,True,trial_61
100,0.1,1.0,6,random,static,True,100.0,6.949993018501637,96,140.5760071909972,1.464333408239554,True,trial_61
100,0.1,1.0,6,random,static,True,100.0,6.949300118035989,96,140.84953845800192,1.4671826922708533,True,trial_61
100,0.1,1.0,6,random,static,True,100.0,6.95,97,142.91703170700202,1.4733714608969282,True,trial_61
100,0.1,1.0,6,random,static,True,100.0,6.949925026322649,95,143.41169944199646,1.5095968362315417,True,trial_61
100,0.1,1.0,6,random,static,True,100.0,6.8052107178517165,95,147.26713794899842,1.5501803994631413,True,trial_61
100,0.1,1.0,6,random,static,True,100.0,6.949061026569852,94,147.41656440599763,1.56826132346806,True,trial_61
100,0.1,1.0,6,random,static,True,100.0,6.949368316784929,99,153.8302374180057,1.5538407820000577,True,trial_61
100,0.1,1.0,6,random,static,True,100.0,6.8853886076581325,105,155.76855639299902,1.483510060885705,True,trial_61
100,0.1,1.0,6,random,static,True,100.0,6.935959820801237,98,159.16233187200123,1.6241054272653186,True,trial_61
100,0.1,1.0,6,random,static,True,100.0,6.949999999999999,86,122.310469723001,1.422214764220942,True,trial_61
100,0.1,1.0,6,random,static,True,100.0,6.95,84,123.50569614499545,1.470305906488041,True,trial_61
100,0.1,1.0,6,random,static,True,100.0,6.937769473496939,180,250.69970450200344,1.3927761361222413,True,trial_61
100,0.1,1.0,6,random,static,True,100.0,6.949999999999999,78,113.1196984460039,1.450252544179537,True,trial_61
100,0.1,1.0,6,random,static,True,100.0,6.940558655439256,92,135.3512011579951,1.471208708239077,True,trial_61
100,0.1,1.0,6,random,static,True,100.0,6.869728380667896,79,115.60928539100132,1.4634086758354599,True,trial_61
100,0.1,1.0,6,random,static,True,100.0,6.869728380667896,79,119.74336310700164,1.51573877350635,True,trial_61
100,0.1,1.0,6,random,static,True,100.0,6.877820277036859,80,121.75214098200377,1.521901762275047,True,trial_61
100,0.1,1.0,6,random,static,True,100.0,6.949368316784929,99,151.4713316490015,1.5300134510000152,True,trial_61
100,0.1,1.0,6,random,static,True,100.0,6.95,80,115.09167153899762,1.4386458942374702,True,trial_54
100,0.1,1.0,6,random,static,True,100.0,6.949925026322649,95,140.65868959499494,1.480617785210473,True,trial_61
100,0.1,1.0,6,random,static,True,100.0,6.941065865446487,151,169.2011874210002,1.1205376650397365,True,trial_61
100,0.1,1.0,6,random,static,True,100.0,6.95,95,138.37887367700023,1.4566197229157918,True,trial_61
100,0.1,1.0,6,random,static,True,100.0,6.949368316784929,99,149.87859963699884,1.5139252488585742,True,trial_61
100,0.1,1.0,6,random,static,True,100.0,6.949061026569852,94,158.64043386300182,1.6876641900319342,True,trial_61
100,0.1,1.0,6,random,static,True,100.0,6.949645502934536,151,193.8278363540012,1.2836280553245112,True,trial_54
100,0.1,1.0,6,random,static,True,100.0,6.914846829944192,247,237.24166370400053,0.960492565603241,True,trial_61
100,0.1,1.0,6,random,static,True,100.0,6.949955959035194,125,171.76354417399853,1.3741083533919882,True,trial_54
100,0.1,1.0,6,random,static,True,100.0,6.949645502934536,151,194.47080619100598,1.2878861337152714,True,trial_54
100,0.1,1.0,6,random,static,True,100.0,6.949955959035194,125,179.47418112400192,1.4357934489920152,True,trial_54
100,0.1,1.0,6,random,static,False,75.0,5.212484812578113,400,495.6421257300026,1.2391053143250064,True,trial_61
100,0.1,1.0,6,random,static,True,100.0,6.9498047456302885,357,542.9662221350009,1.5209137874929997,True,trial_61
100,0.1,1.0,6,random,static,False,83.33333333333334,5.791666666666666,400,560.6642367250024,1.401660591812506,True,trial_61
100,0.1,1.0,6,random,static,False,75.0,5.2124999999999995,400,562.3412042089985,1.4058530105224962,True,trial_61
100,0.1,1.0,6,random,static,False,91.66666666666666,6.370828539017064,400,575.5095379720005,1.4387738449300014,True,trial_61
100,0.1,1.0,6,random,static,False,91.66666666666666,6.36503533469347,400,605.4243862380026,1.5135609655950066,True,trial_61
100,0.1,1.0,6,random,static,False,83.33333333333334,5.791666666666666,400,534.4481778629997,1.3361204446574992,True,trial_61
100,0.1,1.0,6,random,static,False,91.66666666666666,6.224457739271579,400,664.9592191170013,1.6623980477925033,True,trial_61
100,0.1,1.0,6,random,static,False,50.0,3.459856618742956,400,531.8238538320002,1.3295596345800005,True,trial_54
100,0.1,1.0,6,random,static,False,50.0,3.4750000000000005,400,419.90646256299806,1.0497661564074952,True,trial_54
100,0.1,1.0,6,random,static,False,50.0,3.4614636667591014,400,530.9702467860043,1.3274256169650107,True,trial_54
100,0.1,1.0,6,random,static,False,83.33333333333334,5.782172317176428,400,711.8758425820051,1.7796896064550127,True,trial_61
100,0.1,1.0,6,random,static,True,100.0,6.949955959035194,125,179.98492126999918,1.4398793701599935,True,trial_54
100,0.1,1.0,6,random,static,True,100.0,6.94368119465231,389,471.07591278099426,1.2109920637043554,True,trial_54
100,0.1,1.0,6,random,static,False,75.0,5.21249174853283,400,744.6445101339996,1.861611275334999,True,trial_61
100,0.1,1.0,6,random,static,False,91.66666666666666,6.3708333333333345,400,495.3908741139967,1.2384771852849916,True,trial_54
100,0.1,1.0,6,random,static,False,91.66666666666666,6.366228815003349,400,614.461211719994,1.536153029299985,True,trial_61
100,0.1,1.0,6,random,static,False,50.0,3.4749999999999996,400,521.5503802809981,1.303875950702495,True,trial_54
100,0.1,1.0,6,random,static,False,91.66666666666666,6.370401213240193,400,529.0543111789957,1.3226357779474893,True,trial_54
100,0.1,1.0,6,random,static,False,50.0,3.4738263179354942,400,522.366822491007,1.3059170562275175,True,trial_54
100,0.1,1.0,6,random,static,False,50.0,3.459856618742956,400,531.883492697998,1.329708731744995,True,trial_54
100,0.1,1.0,6,random,static,True,100.0,6.948294027086847,78,110.03350180800044,1.4106859206153903,True,trial_54
100,0.1,1.0,6,random,static,False,91.66666666666666,6.370112814869961,400,516.1692777510034,1.2904231943775084,True,trial_54
100,0.1,1.0,6,random,static,False,50.0,3.4749999999999996,400,539.3668860260004,1.3484172150650011,True,trial_54
100,0.1,1.0,6,random,static,False,50.0,3.474814833218745,400,556.9716226349992,1.3924290565874982,True,trial_54
100,0.1,1.0,6,random,static,False,50.0,3.474814833218745,400,530.5302347360048,1.326325586840012,True,trial_54
100,0.1,1.0,6,random,static,False,71.90850955628392,4.189873093819723,400,500.4697480649993,1.2511743701624982,True,trial_54
100,0.1,1.0,6,random,static,False,91.66666666666666,6.366689367775272,400,582.4099226050021,1.4560248065125052,True,trial_54
100,0.1,1.0,6,random,static,True,100.0,6.947827937459398,299,389.23748175999935,1.3017975978595295,True,trial_54
100,0.1,1.0,6,random,static,False,75.0,5.2125,400,761.6844232549993,1.9042110581374982,True,trial_61
100,0.1,1.0,6,random,static,False,91.66666666666666,6.366689367775272,400,536.0901474669954,1.3402253686674885,True,trial_54
100,0.1,1.0,6,random,static,True,100.0,6.947832914188819,207,258.468676890996,1.2486409511642318,True,trial_54
100,0.1,1.0,6,random,static,False,75.0,5.2125,400,790.9258900509958,1.9773147251274894,True,trial_61
100,0.1,1.0,6,random,static,False,91.66666666666666,6.370112814869961,400,490.0941977839975,1.2252354944599937,True,trial_54
100,0.1,1.0,6,random,static,True,100.0,6.949941325011122,317,468.2967480869993,1.4772768078454237,True,trial_54
100,0.1,1.0,6,random,static,True,100.0,6.947832914188819,207,258.468489259998,1.24864004473429,True,trial_54
100,0.1,1.0,6,random,static,False,91.66666666666666,6.370112814869961,400,490.6984036020003,1.2267460090050009,True,trial_54
100,0.1,1.0,6,random,static,True,100.0,6.947827937459398,299,403.33010086000286,1.348930103210712,True,trial_54
100,0.1,1.0,6,random,static,True,100.0,6.9499387571841105,191,249.61941847300477,1.306907950120444,True,trial_54
100,0.1,1.0,6,random,static,True,100.0,6.950000000000002,47,87.99809087299946,1.872299805808499,True,trial_36
100,0.1,1.0,6,random,static,True,100.0,6.913161819583084,74,99.44340227900102,1.3438297605270408,True,trial_36
100,0.1,1.0,6,random,static,True,100.0,6.914539122123381,78,118.90616446900094,1.5244380060128326,True,trial_36
100,0.1,1.0,6,random,static,False,50.0,3.47499986474112,400,475.84602462300245,1.189615061557506,True,trial_54
100,0.1,1.0,6,random,static,True,100.0,6.949985582277125,69,103.30924958000105,1.4972355011594356,True,trial_36
100,0.1,1.0,6,random,static,True,100.0,6.95,74,115.91963773799944,1.5664815910540464,True,trial_36
100,0.1,1.0,6,random,static,False,50.0,3.4722012016290513,400,514.432908818002,1.2860822720450051,True,trial_54
100,0.1,1.0,6,random,static,True,100.0,6.9173899148153275,118,215.66173950999655,1.8276418602542082,True,trial_36
100,0.1,1.0,6,random,static,True,100.0,6.947832914188819,207,260.2202577220014,1.2571026943091856,True,trial_54
100,0.1,1.0,6,random,static,True,100.0,6.950000000000001,52,89.39359069000056,1.7191075132692417,True,trial_36
100,0.1,1.0,6,random,static,True,100.0,6.947832914188819,207,291.8949861049987,1.4101207058212497,True,trial_54
100,0.1,1.0,6,random,static,True,100.0,6.894400321332825,68,106.66452084400225,1.568595894764739,True,trial_36
100,0.1,1.0,6,random,static,False,50.0,3.474892872077248,400,534.7338109060001,1.3368345272650004,True,trial_54
100,0.1,1.0,6,random,static,True,100.0,6.914539122123381,78,114.12469088100625,1.463137062577003,True,trial_36
100,0.1,1.0,6,random,static,False,91.66666666666666,6.370112814869961,400,480.0499605799996,1.200124901449999,True,trial_54
100,0.1,1.0,6,random,static,True,100.0,6.949983262177144,150,251.19241168699955,1.6746160779133303,True,trial_36
100,0.1,1.0,6,random,static,True,100.0,6.949974795899647,284,359.5918892460031,1.2661686241056447,True,trial_54
100,0.1,1.0,6,random,static,True,100.0,6.949994939351499,313,379.9833573729993,1.2140043366549498,True,trial_54
100,0.1,1.0,6,random,static,True,100.0,6.949283804565921,76,123.05816519300424,1.6191863841184768,True,trial_36
100,0.1,1.0,6,random,static,True,100.0,6.944449325080435,77,112.72932413799572,1.464017196597347,True,trial_36
100,0.1,1.0,6,random,static,True,100.0,6.9173899148153275,118,203.58800069100107,1.7253220397542464,True,trial_36
100,0.1,1.0,6,random,static,False,71.90850955628392,4.189873093819723,400,498.746538297004,1.24686634574251,True,trial_54
100,0.1,1.0,6,random,static,True,100.0,6.890322025458757,93,132.2208163000032,1.4217292075269161,True,trial_36
100,0.1,1.0,6,random,static,True,100.0,6.823549303529148,80,135.30203044899827,1.6912753806124783,True,trial_36
100,0.1,1.0,6,random,static,True,100.0,6.949974795899647,284,392.3779449940048,1.3816124823732563,True,trial_54
100,0.1,1.0,6,random,static,False,50.0,3.471002354020148,400,456.1422449149977,1.1403556122874943,True,trial_54
100,0.1,1.0,6,random,static,True,100.0,6.9499999999999975,80,119.54919597600383,1.494364949700048,True,trial_36
100,0.1,1.0,6,random,static,False,50.0,3.474729280426896,400,522.9994838290004,1.307498709572501,True,trial_54
100,0.1,1.0,6,random,static,True,100.0,6.944449325080435,77,129.20902327699878,1.6780392633376464,True,trial_36
100,0.1,1.0,6,random,static,True,100.0,6.9499999999999975,53,89.73121132800588,1.6930417231699224,True,trial_36
100,0.1,1.0,6,random,static,True,100.0,6.95,74,108.64718123200146,1.4682051517838035,True,trial_36
100,0.1,1.0,6,random,static,True,100.0,6.949865591874596,74,117.0555315620004,1.5818315075946,True,trial_36
100,0.1,1.0,6,random,static,True,100.0,6.949999999999999,44,69.65218892499979,1.5830042937499953,True,trial_36
100,0.1,1.0,6,random,static,False,91.66666666666666,6.370112814869961,400,523.0655428680038,1.3076638571700097,True,trial_54
100,0.1,1.0,6,random,static,False,50.0,3.474861137322862,400,492.2671452040013,1.2306678630100032,True,trial_54
100,0.1,1.0,6,random,static,True,100.0,6.949999999999999,44,66.75625458099967,1.5171876041136287,True,trial_36
100,0.1,1.0,6,random,static,True,100.0,6.934864422933301,156,253.79773306599964,1.6269085452948695,True,trial_36
100,0.1,1.0,6,random,static,False,71.90850955628392,4.189873093819723,400,519.8932395890006,1.2997330989725016,True,trial_54
100,0.1,1.0,6,random,static,False,91.66666666666666,6.370332932272906,400,534.3884480720008,1.335971120180002,True,trial_54
100,0.1,1.0,6,random,static,True,100.0,6.949999999999999,68,111.05351143699954,1.6331398740735228,True,trial_36
100,0.1,1.0,6,random,static,True,100.0,6.949999999999999,68,106.8235287100033,1.5709342457353426,True,trial_36
100,0.1,1.0,6,random,static,True,100.0,6.945792043031452,54,85.515069932997,1.583612406166611,True,trial_36
100,0.1,1.0,6,random,static,True,100.0,6.949999999999999,44,70.3106861319975,1.5979701393635795,True,trial_36
100,0.1,1.0,6,random,static,False,50.0,3.474892872077248,400,541.3567101340013,1.3533917753350033,True,trial_54
100,0.1,1.0,6,random,static,True,100.0,6.949283804565921,76,115.02351355599967,1.5134672836315746,True,trial_36
100,0.1,1.0,6,random,static,True,100.0,6.869575149270306,51,84.60229514299863,1.6588685322156593,True,trial_36
100,0.1,1.0,6,random,static,True,100.0,6.898877768459618,36,59.24132595900301,1.6455923877500835,True,trial_36
100,0.1,1.0,6,random,static,True,100.0,6.943666278035071,48,71.5378142720001,1.490371130666669,True,trial_36
100,0.1,1.0,6,random,static,True,100.0,6.890322025458757,93,151.12085372,1.6249554163440862,True,trial_36
100,0.1,1.0,6,random,static,False,56.87366170173647,3.543717173220328,400,520.6682436160045,1.3016706090400112,True,trial_54
100,0.1,1.0,6,random,static,True,100.0,6.939875687729887,122,187.3032143859964,1.5352722490655442,True,trial_36
100,0.1,1.0,6,random,static,False,91.66666666666666,6.370557374178387,400,558.0919489780063,1.3952298724450156,True,trial_54
100,0.1,1.0,6,random,static,True,100.0,6.950000000000001,159,215.13407395400282,1.3530444902767473,True,trial_36
100,0.1,1.0,6,random,static,True,100.0,6.95,76,120.33379622099892,1.583339423960512,True,trial_36
100,0.1,1.0,6,random,static,True,100.0,6.950000000000001,56,89.80779823200282,1.6037106827143361,True,trial_16
100,0.1,1.0,6,random,static,True,100.0,6.945306241486057,64,103.53943879799772,1.6178037312187143,True,trial_36
100,0.1,1.0,6,random,static,True,100.0,6.937844984083708,57,96.35229482699651,1.6903911373157283,True,trial_16
100,0.1,1.0,6,random,static,True,100.0,6.95,59,105.11216080599843,1.7815620475592955,True,trial_16
100,0.1,1.0,6,random,static,True,100.0,6.937844984083708,57,102.26808639999945,1.7941769543859551,True,trial_16
100,0.1,1.0,6,random,static,True,100.0,6.950000000000001,61,97.901425844997,1.6049414072950328,True,trial_16
100,0.1,1.0,6,random,static,True,100.0,6.950000000000001,38,58.82890167699952,1.5481289914999874,True,trial_16
100,0.1,1.0,6,random,static,True,100.0,6.950000000000001,62,102.54691755499516,1.6539825412095994,True,trial_16
100,0.1,1.0,6,random,static,True,100.0,6.9368294184863935,53,100.49999952300277,1.8962264060943919,True,trial_16
100,0.1,1.0,6,random,static,True,100.0,6.949999999999999,56,92.01109858799464,1.6430553319284757,True,trial_16
100,0.1,1.0,6,random,static,True,100.0,6.95,32,46.95789868599968,1.46743433393749,True,trial_16
100,0.1,1.0,6,random,static,True,100.0,6.949999999999999,54,96.49947854299535,1.7870273804258399,True,trial_16
100,0.1,1.0,6,random,static,True,100.0,6.950000000000001,160,247.4042193169953,1.5462763707312206,True,trial_36
100,0.1,1.0,6,random,static,True,100.0,6.95,32,49.2965540350051,1.5405173135939094,True,trial_16
100,0.1,1.0,6,random,static,True,100.0,6.950000000000001,71,140.966390530004,1.9854421201409014,True,trial_16
100,0.1,1.0,6,random,static,True,100.0,6.950000000000001,38,59.823014621993934,1.5742898584735245,True,trial_16
100,0.1,1.0,6,random,static,True,100.0,6.949999999999999,56,92.9024203959998,1.6589717927857106,True,trial_16
100,0.1,1.0,6,random,static,True,100.0,6.950000000000001,71,124.67238552200433,1.755949091859216,True,trial_16
100,0.1,1.0,6,random,static,True,100.0,6.949999999999998,52,83.45890457199857,1.6049789340768956,True,trial_16
100,0.1,1.0,6,random,static,True,100.0,6.934220950948358,88,151.74728347400378,1.7244009485682248,True,trial_16
100,0.1,1.0,6,random,static,True,100.0,6.949999999999999,44,75.01715427999443,1.704935324545328,True,trial_16
100,0.1,1.0,6,random,static,False,91.66666666666666,6.363469991288434,400,654.6665277749998,1.6366663194374995,True,trial_36
100,0.1,1.0,6,random,static,True,100.0,6.946952339781853,54,96.47708119000163,1.7866126146296597,True,trial_16
100,0.1,1.0,6,random,static,True,100.0,6.946952339781853,54,94.70858855299593,1.7538627509814062,True,trial_16
100,0.1,1.0,6,random,static,True,100.0,6.950000000000001,53,94.15617068300344,1.7765315223208196,True,trial_16
100,0.1,1.0,6,random,static,True,100.0,6.8797996481716925,355,658.7901629450062,1.8557469378732567,True,trial_36
100,0.1,1.0,6,random,static,True,100.0,6.933911445281148,162,240.4116090690004,1.4840222782037062,True,trial_16
100,0.1,1.0,6,random,static,True,100.0,6.949999999999999,50,75.26844351900218,1.5053688703800434,True,trial_16
100,0.1,1.0,6,random,static,False,91.66666666666666,6.363469991288434,400,645.9900558419977,1.6149751396049943,True,trial_36
100,0.1,1.0,6,random,static,True,100.0,6.95,108,196.4549918890043,1.8190277026759658,True,trial_16
100,0.1,1.0,6,random,static,True,100.0,6.950000000000001,53,88.06224785099766,1.661551846245239,True,trial_16
100,0.1,1.0,6,random,static,True,100.0,6.950000000000001,59,106.24967566200212,1.8008419603729173,True,trial_16
100,0.1,1.0,6,random,static,True,100.0,6.9242402883153895,55,106.80606135799462,1.941928388327175,True,trial_16
100,0.1,1.0,6,random,static,False,58.33333333333333,4.052749984184227,400,448.3517294569974,1.1208793236424937,True,trial_36
100,0.1,1.0,6,random,static,True,100.0,6.949999999999999,65,112.32022972399864,1.7280035342153637,True,trial_16
100,0.1,1.0,6,random,static,True,100.0,6.894799553136734,46,82.52391445200192,1.7939981402609113,True,trial_16
100,0.1,1.0,6,random,static,True,100.0,6.949999999999998,51,85.44546890500351,1.6754013510785002,True,trial_16
100,0.1,1.0,6,random,static,False,58.33333333333333,4.052749984184227,400,473.4135295169981,1.1835338237924953,True,trial_36
100,0.1,1.0,6,random,static,True,100.0,6.95,35,55.43030784000439,1.5837230811429825,True,trial_16
100,0.1,1.0,6,random,static,True,100.0,6.94849185273721,52,92.84299938600452,1.7854422958847023,True,trial_16
100,0.1,1.0,6,random,static,True,100.0,6.949999999999998,51,82.3292050050004,1.614298137352949,True,trial_16
100,0.1,1.0,6,random,static,True,100.0,6.93384835688428,231,362.16791627099883,1.5678264773636312,True,trial_36
100,0.1,1.0,6,random,static,True,100.0,6.949999999999999,50,89.32060527800058,1.7864121055600117,True,trial_16
100,0.1,1.0,6,random,static,True,100.0,6.911867917295645,52,91.94756285999756,1.7682223626922609,True,trial_16
100,0.1,1.0,6,random,static,True,100.0,6.949999999999998,67,112.55476389500109,1.6799218491791208,True,trial_16
100,0.1,1.0,6,random,static,False,91.66666666666666,6.363469991288434,400,615.6838774279968,1.539209693569992,True,trial_36
100,0.1,1.0,6,random,static,True,100.0,6.8865442573214395,199,297.7559321199951,1.496260965427111,True,trial_16
100,0.1,1.0,6,random,static,True,100.0,6.95,57,99.38200188199698,1.7435438926666138,True,trial_16
100,0.1,1.0,6,random,static,True,100.0,6.883735116070994,297,422.6877229889942,1.42319098649493,True,trial_36
100,0.1,1.0,6,random,static,True,100.0,6.949999999999998,67,111.21078368600138,1.6598624430746474,True,trial_16
100,0.1,1.0,6,random,static,True,100.0,6.949660909000849,198,381.3475274079974,1.925997613171704,True,trial_16
100,0.1,1.0,6,random,static,False,58.33333333333333,4.052749984184227,400,447.4737407909997,1.1186843519774994,True,trial_36
100,0.1,1.0,6,same,static,True,100.0,6.935741579476024,69,109.52575830099522,1.587329830449206,True,trial_61
100,0.1,1.0,6,random,static,False,91.66666666666666,6.363469991288434,400,643.4292276909982,1.6085730692274955,True,trial_36
100,0.1,1.0,6,same,static,True,100.0,6.949999999999999,87,120.19256929399853,1.381523784988489,True,trial_61
100,0.1,1.0,6,random,static,False,91.66666666666666,6.370833307995433,400,800.7674354560004,2.001918588640001,True,trial_36
100,0.1,1.0,6,random,static,True,100.0,6.9185755197177565,82,150.81402498300304,1.8391954266219883,True,trial_16
100,0.1,1.0,6,same,static,True,100.0,6.939132635085489,91,128.0343055350022,1.4069703904945297,True,trial_61
100,0.1,1.0,6,same,static,True,100.0,6.9438612599768845,107,146.7618619700006,1.3716061866355198,True,trial_61
100,0.1,1.0,6,random,static,True,100.0,6.949990362579663,124,165.31079011199472,1.3331515331612478,True,trial_16
100,0.1,1.0,6,same,static,True,100.0,6.949652245695714,87,120.5424875259996,1.3855458336321793,True,trial_61
100,0.1,1.0,6,same,static,True,100.0,6.939132635085489,91,129.94841551800346,1.428004566131906,True,trial_61
100,0.1,1.0,6,random,static,False,91.66666666666666,6.363469991288434,400,601.3441224620037,1.5033603061550094,True,trial_36
100,0.1,1.0,6,same,static,True,100.0,6.938556358915407,97,140.97863374699955,1.4533879767731912,True,trial_61
100,0.1,1.0,6,same,static,True,100.0,6.918081338983056,84,120.80214186399826,1.4381207364761697,True,trial_61
100,0.1,1.0,6,same,static,True,100.0,6.939132635085489,91,126.756265789998,1.3929259976922856,True,trial_61
100,0.1,1.0,6,same,static,True,100.0,6.948614744048079,96,141.27606125599414,1.4716256380832722,True,trial_61
100,0.1,1.0,6,same,static,True,100.0,6.864267303378173,140,194.56534657000157,1.3897524755000112,True,trial_61
100,0.1,1.0,6,same,static,True,100.0,6.938556358915407,97,133.554572781999,1.3768512657938043,True,trial_61
100,0.1,1.0,6,same,static,True,100.0,6.864267303378173,140,185.116139877995,1.3222581419856787,True,trial_61
100,0.1,1.0,6,same,static,True,100.0,6.939132635085489,91,121.33117076900089,1.3333095688901198,True,trial_61
100,0.1,1.0,6,random,static,False,83.33333333333334,5.791666666666665,400,579.2514359650013,1.4481285899125032,True,trial_36
100,0.1,1.0,6,same,static,True,100.0,6.917749593624494,101,143.0275310270008,1.4161141685841663,True,trial_61
100,0.1,1.0,6,same,static,True,100.0,6.935741579476024,69,105.34699656700104,1.5267680661884209,True,trial_61
100,0.1,1.0,6,same,static,True,100.0,6.935741579476024,69,100.29660069899546,1.4535739231738474,True,trial_61
100,0.1,1.0,6,same,static,True,100.0,6.949974227750299,92,138.29804107699601,1.5032395769238698,True,trial_61
100,0.1,1.0,6,same,static,True,100.0,6.941249805071754,112,156.23051214899897,1.3949152870446337,True,trial_61
100,0.1,1.0,6,same,static,True,100.0,6.949974227750299,92,124.77427096899919,1.3562420757499911,True,trial_61
100,0.1,1.0,6,same,static,True,100.0,6.864267303378173,140,193.45042186700448,1.3817887276214607,True,trial_61
100,0.1,1.0,6,same,static,True,100.0,6.949974227750299,92,127.73756312199839,1.3884517730652,True,trial_61
100,0.1,1.0,6,same,static,True,100.0,6.9397140880634645,111,156.78802860900032,1.412504762243246,True,trial_61
100,0.1,1.0,6,same,static,True,100.0,6.9491504009200655,96,134.62799974200607,1.4023749973125632,True,trial_61
100,0.1,1.0,6,same,static,True,100.0,6.949997985592475,81,107.78114283200557,1.3306313929877231,True,trial_61
100,0.1,1.0,6,same,static,True,100.0,6.94957909998976,122,155.357747793998,1.273424162245885,True,trial_61
100,0.1,1.0,6,same,static,True,100.0,6.949974227750299,92,124.14876955699583,1.3494431473586503,True,trial_61
100,0.1,1.0,6,random,static,False,66.66666666666667,4.5730686886768765,400,552.2440004529999,1.3806100011324998,True,trial_16
100,0.1,1.0,6,same,static,True,100.0,6.9355889262691,141,196.13360269899567,1.3910184588581254,True,trial_61
100,0.1,1.0,6,same,static,True,100.0,6.9355889262691,141,216.80755691900413,1.5376422476525116,True,trial_61
100,0.1,1.0,6,same,static,True,100.0,6.9314132636645995,92,123.48087020700041,1.3421833718152218,True,trial_61
100,0.1,1.0,6,random,static,True,100.0,6.881374929942247,255,508.7117510550015,1.9949480433529472,True,trial_16
100,0.1,1.0,6,same,static,True,100.0,6.949999999999999,98,125.98980219900113,1.2856102265204197,True,trial_61
100,0.1,1.0,6,same,static,True,100.0,6.942369916091004,64,96.27015020000545,1.504221096875085,True,trial_61
100,0.1,1.0,6,same,static,True,100.0,6.95,89,124.56515791599668,1.399608515910075,True,trial_61
100,0.1,1.0,6,same,static,True,100.0,6.95,89,119.83098230099858,1.3464155314718942,True,trial_61
100,0.1,1.0,6,same,static,True,100.0,6.949974227750299,92,123.03942466799344,1.3373850507390592,True,trial_61
100,0.1,1.0,6,same,static,True,100.0,6.949974227750299,92,136.72587337400182,1.486150797543498,True,trial_61
100,0.1,1.0,6,random,static,True,100.0,6.881374929942247,255,478.4642227240038,1.8763302851921717,True,trial_16
100,0.1,1.0,6,same,static,True,100.0,6.948324485017787,174,258.1788048210001,1.4837862346034487,True,trial_61
100,0.1,1.0,6,same,static,True,100.0,6.945090077925501,205,265.64061964500434,1.2958079007073382,True,trial_61
100,0.1,1.0,6,same,static,True,100.0,6.943839686088796,108,159.69491973500408,1.4786566642130008,True,trial_61
100,0.1,1.0,6,same,static,True,100.0,6.949514139444302,67,100.15670753099403,1.494876231805881,True,trial_54
100,0.1,1.0,6,random,static,True,100.0,6.949990809482674,394,732.4243835439993,1.8589451358984754,True,trial_16
100,0.1,1.0,6,same,static,True,100.0,6.922193057114011,300,391.86210729199956,1.3062070243066652,True,trial_61
100,0.1,1.0,6,same,static,True,100.0,6.839397903320664,106,142.89302365099866,1.3480473929339496,True,trial_54
100,0.1,1.0,6,random,static,True,100.0,6.949990809482674,394,745.7683737270054,1.8928131312868157,True,trial_16
100,0.1,1.0,6,same,static,True,100.0,6.926061841341755,132,175.0652165049978,1.3262516401893774,True,trial_54
100,0.1,1.0,6,same,static,True,100.0,6.940507392740236,161,213.19222802200238,1.3241753293292073,True,trial_61
100,0.1,1.0,6,same,static,True,100.0,6.9355889262691,141,240.03168760699918,1.7023523943758807,True,trial_61
100,0.1,1.0,6,same,static,True,100.0,6.942551364245409,100,126.21873370899993,1.2621873370899994,True,trial_54
100,0.1,1.0,6,same,static,True,100.0,6.94992150655245,105,142.1524069770021,1.35383244740002,True,trial_54
100,0.1,1.0,6,random,static,True,100.0,6.881374929942247,255,522.6939382759956,2.0497801501019435,True,trial_16
100,0.1,1.0,6,same,static,True,100.0,6.949180994895058,123,163.50938090000272,1.3293445601626237,True,trial_54
100,0.1,1.0,6,same,static,False,91.66666666666666,6.298728791954657,400,471.28237655200064,1.1782059413800017,True,trial_61
100,0.1,1.0,6,same,static,True,100.0,6.937134166703027,318,416.7300900240007,1.3104719812075494,True,trial_61
100,0.1,1.0,6,same,static,True,100.0,6.937134166703027,318,392.78549506600393,1.235174512786176,True,trial_61
100,0.1,1.0,6,random,static,False,50.0,3.4749999999999996,400,813.4904984780005,2.0337262461950014,True,trial_16
100,0.1,1.0,6,same,static,True,100.0,6.939282686980634,214,291.1381329709984,1.3604585652850394,True,trial_61
100,0.1,1.0,6,same,static,True,100.0,6.948243068563383,170,218.5601392660028,1.2856478780353107,True,trial_54
100,0.1,1.0,6,same,static,True,100.0,6.839397903320664,106,146.41205420400365,1.381245794377393,True,trial_54
100,0.1,1.0,6,same,static,True,100.0,6.937134166703027,318,399.7175798419994,1.2569735215157214,True,trial_61
100,0.1,1.0,6,same,static,True,100.0,6.942551364245409,100,123.68598398900212,1.2368598398900212,True,trial_54
100,0.1,1.0,6,same,static,True,100.0,6.937134166703027,318,422.6427422600027,1.3290652272327128,True,trial_61
100,0.1,1.0,6,same,static,True,100.0,6.949963310988026,147,248.73287678199995,1.6920603862721084,True,trial_54
100,0.1,1.0,6,same,static,True,100.0,6.95,116,155.79190756799653,1.3430336859310046,True,trial_54
100,0.1,1.0,6,same,static,True,100.0,6.930063734577813,87,121.09222999399935,1.3918647125747052,True,trial_54
100,0.1,1.0,6,same,static,True,100.0,6.949828466224841,167,251.0620206740059,1.5033653932575204,True,trial_54
100,0.1,1.0,6,same,static,True,100.0,6.939547693432335,187,260.8497658470005,1.3949185339411794,True,trial_54
100,0.1,1.0,6,same,static,True,100.0,6.949970206651531,89,132.13275873200473,1.484637738561851,True,trial_54
100,0.1,1.0,6,same,static,True,100.0,6.839397903320664,106,147.24724690100265,1.389124970764176,True,trial_54
100,0.1,1.0,6,same,static,True,100.0,6.815531384578038,88,118.81801696299954,1.350204738215904,True,trial_54
100,0.1,1.0,6,same,static,True,100.0,6.93024710154261,191,266.4186024839946,1.3948617931099194,True,trial_54
100,0.1,1.0,6,same,static,True,100.0,6.945700592773449,114,159.1310355280002,1.3958862765614053,True,trial_54
100,0.1,1.0,6,same,static,False,91.66666666666666,6.298728791954657,400,458.30316887099616,1.1457579221774905,True,trial_61
100,0.1,1.0,6,same,static,True,100.0,6.939547693432335,187,231.81115661499643,1.2396318535561306,True,trial_54
100,0.1,1.0,6,same,static,True,100.0,6.949839620649183,242,380.76521190600033,1.5734099665537205,True,trial_54
100,0.1,1.0,6,same,static,True,100.0,6.815531384578038,88,131.7554297339957,1.4972207924317693,True,trial_54
100,0.1,1.0,6,same,static,True,100.0,6.949180994895058,123,181.05785799199657,1.4720151056259885,True,trial_54
100,0.1,1.0,6,same,static,True,100.0,6.949999999999999,73,102.18678855199687,1.399819021260231,True,trial_54
100,0.1,1.0,6,same,static,True,100.0,6.885488759088919,112,161.86965562000114,1.4452647823214388,True,trial_54
100,0.1,1.0,6,same,static,False,91.66666666666666,6.298728791954657,400,466.87808593999944,1.1671952148499987,True,trial_61
100,0.1,1.0,6,same,static,True,100.0,6.906803488534957,264,336.84803632400144,1.2759395315303086,True,trial_54
100,0.1,1.0,6,same,static,True,100.0,6.949999999999999,70,109.57236061499862,1.565319437357123,True,trial_54
100,0.1,1.0,6,same,static,True,100.0,6.942551364245409,100,126.4417042319983,1.264417042319983,True,trial_54
100,0.1,1.0,6,same,static,True,100.0,6.949970206651531,89,117.24303930500173,1.3173375202809183,True,trial_54
100,0.1,1.0,6,same,static,True,100.0,6.939547693432335,187,234.48071589999745,1.2539075716577404,True,trial_54
100,0.1,1.0,6,same,static,True,100.0,6.948905698433745,233,310.9592294879985,1.3345889677596503,True,trial_54
100,0.1,1.0,6,same,static,True,100.0,6.949970206651531,89,131.3393085600037,1.4757225680899293,True,trial_54
100,0.1,1.0,6,same,static,True,100.0,6.815531384578038,88,125.1056238050005,1.4216548159659148,True,trial_54
100,0.1,1.0,6,same,static,True,100.0,6.94463253521611,283,355.12806341899704,1.2548694820459259,True,trial_54
100,0.1,1.0,6,same,static,True,100.0,6.95,116,160.3514525280043,1.382340108000037,True,trial_54
100,0.1,1.0,6,same,static,True,100.0,6.826722846737226,45,66.82804381299502,1.4850676402887781,True,trial_36
100,0.1,1.0,6,same,static,True,100.0,6.9096961183044145,81,120.7166440919973,1.490328939407374,True,trial_54
100,0.1,1.0,6,same,static,True,100.0,6.949999999999999,73,111.20882815899677,1.523408604917764,True,trial_54
100,0.1,1.0,6,same,static,True,100.0,6.949836244543434,104,148.63800311199884,1.4292115683846043,True,trial_54
100,0.1,1.0,6,same,static,True,100.0,6.826722846737226,45,75.33780792899779,1.6741735095332841,True,trial_36
100,0.1,1.0,6,same,static,True,100.0,6.9337762790938084,101,146.235871072,1.4478799116039605,True,trial_54
100,0.1,1.0,6,same,static,True,100.0,6.949467252044812,90,130.11544398400292,1.4457271553778102,True,trial_54
100,0.1,1.0,6,same,static,True,100.0,6.826722846737226,45,65.7890466010067,1.4619788133557046,True,trial_36
100,0.1,1.0,6,same,static,True,100.0,6.949995879043443,151,184.2278650599983,1.220052086490055,True,trial_54
100,0.1,1.0,6,same,static,True,100.0,6.945326071178306,301,381.7245543339959,1.2681878881528104,True,trial_54
100,0.1,1.0,6,same,static,True,100.0,6.950000000000001,98,135.0349183060025,1.3779073296530868,True,trial_36
100,0.1,1.0,6,same,static,True,100.0,6.826722846737226,45,66.10726802599675,1.4690504005777054,True,trial_36
100,0.1,1.0,6,same,static,True,100.0,6.770950558398824,56,81.08169381000334,1.4478873894643454,True,trial_36
100,0.1,1.0,6,same,static,True,100.0,6.9499999288738525,93,120.54357315899688,1.2961674533225471,True,trial_36
100,0.1,1.0,6,same,static,True,100.0,6.7712039124563725,60,97.46989811200183,1.6244983018666972,True,trial_36
100,0.1,1.0,6,same,static,True,100.0,6.95,90,129.39199947499583,1.4376888830555092,True,trial_36
100,0.1,1.0,6,same,static,True,100.0,6.914878417702723,50,91.90151442999922,1.8380302885999844,True,trial_36
100,0.1,1.0,6,same,static,True,100.0,6.945407376927933,95,126.0123945009982,1.3264462579052443,True,trial_36
100,0.1,1.0,6,same,static,True,100.0,6.949990498852514,363,469.1222930410004,1.2923479147134997,True,trial_54
100,0.1,1.0,6,same,static,True,100.0,6.950000000000001,91,123.53875100400182,1.3575686923516683,True,trial_36
100,0.1,1.0,6,same,static,True,100.0,6.927428326922961,201,249.46794527900056,1.2411340561144306,True,trial_54
100,0.1,1.0,6,same,static,True,100.0,6.9176530449642675,46,76.57900954700017,1.6647610771086994,True,trial_36
100,0.1,1.0,6,same,static,True,100.0,6.850705653677073,217,275.62690995400044,1.2701700919539192,True,trial_54
100,0.1,1.0,6,same,static,True,100.0,6.94463253521611,283,344.8558126309945,1.2185717760812527,True,trial_54
100,0.1,1.0,6,same,static,True,100.0,6.950000000000001,86,127.92205382600514,1.4874657421628505,True,trial_36
100,0.1,1.0,6,same,static,True,100.0,6.919146748506512,101,124.24858670899994,1.2301840268217816,True,trial_36
100,0.1,1.0,6,same,static,True,100.0,6.950000000000001,94,137.18219080400013,1.4593850085531928,True,trial_36
100,0.1,1.0,6,same,static,True,100.0,6.950000000000002,82,112.77839226099604,1.3753462470853175,True,trial_36
100,0.1,1.0,6,same,static,True,100.0,6.940201733262625,49,68.91610478000075,1.406451117959199,True,trial_36
100,0.1,1.0,6,same,static,True,100.0,6.9492677691805955,82,118.29155926899693,1.4425799910853285,True,trial_36
100,0.1,1.0,6,same,static,True,100.0,6.859047574860131,49,75.26253358999384,1.5359700732651804,True,trial_36
100,0.1,1.0,6,same,static,True,100.0,6.940201733262625,49,71.18130767700495,1.4526797485103051,True,trial_36
100,0.1,1.0,6,same,static,True,100.0,6.950000000000001,94,131.05483003800327,1.3942003195532264,True,trial_36
100,0.1,1.0,6,same,static,True,100.0,6.9432529639331895,84,126.35657375000301,1.504244925595274,True,trial_36
100,0.1,1.0,6,same,static,True,100.0,6.950000000000001,94,133.1620966949995,1.416618049946803,True,trial_36
100,0.1,1.0,6,same,static,True,100.0,6.91357079092171,196,252.67095774300105,1.2891375395051075,True,trial_54
100,0.1,1.0,6,same,static,True,100.0,6.95,90,123.43706346699764,1.371522927411085,True,trial_36
100,0.1,1.0,6,same,static,True,100.0,6.950000000000001,83,119.99300264599879,1.4456988270602262,True,trial_36
100,0.1,1.0,6,same,static,True,100.0,6.9176530449642675,46,65.57425544199941,1.4255272922173785,True,trial_36
100,0.1,1.0,6,same,static,True,100.0,6.936116002604039,37,63.23962457800371,1.709179042648749,True,trial_16
100,0.1,1.0,6,same,static,True,100.0,6.919534079339838,98,140.2221400500057,1.4308381637755683,True,trial_36
100,0.1,1.0,6,same,static,True,100.0,6.949999999483863,195,244.01496905800013,1.2513588156820519,True,trial_36
100,0.1,1.0,6,same,static,True,100.0,6.9492677691805955,82,119.15250798900524,1.4530793657195762,True,trial_36
100,0.1,1.0,6,same,static,True,100.0,6.95,95,118.7551983049998,1.2500547189999978,True,trial_36
100,0.1,1.0,6,same,static,True,100.0,6.919146748506512,101,117.90449136700045,1.1673712016534699,True,trial_36
100,0.1,1.0,6,same,static,True,100.0,6.95,95,111.92999464299646,1.1782104699262785,True,trial_36
100,0.1,1.0,6,same,static,True,100.0,6.949999999999997,46,72.45565260299918,1.5751228826738952,True,trial_16
100,0.1,1.0,6,same,static,True,100.0,6.95,114,163.9828716310003,1.4384462423771958,True,trial_36
100,0.1,1.0,6,same,static,True,100.0,6.95,49,84.22142400399753,1.7188045715101536,True,trial_36
100,0.1,1.0,6,same,static,True,100.0,6.941064853527153,43,64.23812521999935,1.4939098888371942,True,trial_16
100,0.1,1.0,6,same,static,True,100.0,6.949964341704995,95,128.10467366199737,1.3484702490736564,True,trial_36
100,0.1,1.0,6,same,static,True,100.0,6.95,92,125.83944241999416,1.3678200263042843,True,trial_36
100,0.1,1.0,6,same,static,True,100.0,6.949999999999999,64,101.10519243199815,1.579768631749971,True,trial_36
100,0.1,1.0,6,same,static,True,100.0,6.949923294170946,81,111.20830502000172,1.3729420372839718,True,trial_36
100,0.1,1.0,6,same,static,True,100.0,6.949999999999998,50,80.10150122499908,1.6020300244999817,True,trial_16
100,0.1,1.0,6,same,static,True,100.0,6.949997162191141,245,412.01230320500326,1.681682870224503,True,trial_54
100,0.1,1.0,6,same,static,True,100.0,6.904266543523809,64,90.2073427600044,1.4094897306250687,True,trial_16
100,0.1,1.0,6,same,static,True,100.0,6.95,114,149.21712436799862,1.3089221435789353,True,trial_36
100,0.1,1.0,6,same,static,True,100.0,6.949925180441461,53,75.26607819900528,1.4201146830000997,True,trial_16
100,0.1,1.0,6,same,static,True,100.0,6.897717378005653,87,126.56856072600203,1.4548110428276095,True,trial_36
100,0.1,1.0,6,same,static,True,100.0,6.897717378005653,87,121.63816032199975,1.398139773816089,True,trial_36
100,0.1,1.0,6,same,static,True,100.0,6.949997162191141,245,383.8019034600002,1.5665383814693885,True,trial_54
100,0.1,1.0,6,same,static,True,100.0,6.943380929147235,114,138.62618599800044,1.2160191754210565,True,trial_36
100,0.1,1.0,6,same,static,True,100.0,6.95,114,148.85494774799736,1.3057451556841873,True,trial_36
100,0.1,1.0,6,same,static,True,100.0,6.949964341704995,95,131.75712040799408,1.3869170569262534,True,trial_36
100,0.1,1.0,6,same,static,True,100.0,6.91034301558455,94,128.92183357400063,1.3715088678085174,True,trial_36
100,0.1,1.0,6,same,static,True,100.0,6.95,38,56.611979563000205,1.4897889358684264,True,trial_16
100,0.1,1.0,6,same,static,True,100.0,6.949964341704995,95,140.66897972399602,1.4807261023578528,True,trial_36
100,0.1,1.0,6,same,static,True,100.0,6.936116002604039,37,59.655303038001875,1.6123054875135643,True,trial_16
100,0.1,1.0,6,same,static,True,100.0,6.949999999999999,40,60.691000152000925,1.5172750038000231,True,trial_16
100,0.1,1.0,6,same,static,True,100.0,6.950000000000002,51,77.84562982900388,1.5263848986079194,True,trial_16
100,0.1,1.0,6,same,static,True,100.0,6.949999999483863,195,230.8057901340071,1.183619436584652,True,trial_36
100,0.1,1.0,6,same,static,True,100.0,6.95,46,70.21231359399826,1.5263546433477884,True,trial_16
100,0.1,1.0,6,same,static,True,100.0,6.904266543523809,64,83.3715782109939,1.3026809095467797,True,trial_16
100,0.1,1.0,6,same,static,True,100.0,6.95,46,67.19861954100634,1.4608395552392681,True,trial_16
100,0.1,1.0,6,same,static,True,100.0,6.950000000000002,51,77.04961501800426,1.510776765058907,True,trial_16
100,0.1,1.0,6,same,static,True,100.0,6.95,48,79.6823805449967,1.6600495946874314,True,trial_16
100,0.1,1.0,6,same,static,True,100.0,6.95,50,75.4158270820044,1.5083165416400879,True,trial_16
100,0.1,1.0,6,same,static,True,100.0,6.950000000000001,53,74.50676119100535,1.405787947000101,True,trial_16
100,0.1,1.0,6,same,static,True,100.0,6.947374656956444,55,92.31550515699928,1.6784637301272596,True,trial_16
100,0.1,1.0,6,same,static,True,100.0,6.941064853527153,43,61.09266414600279,1.4207596313023905,True,trial_16
100,0.1,1.0,6,same,static,True,100.0,6.95,48,71.08746299199993,1.480988812333332,True,trial_16
100,0.1,1.0,6,same,static,True,100.0,6.9499999999999975,46,78.52697531000013,1.7071081589130461,True,trial_16
100,0.1,1.0,6,same,static,True,100.0,6.942635349662453,42,63.89136739099922,1.521223033119029,True,trial_16
100,0.1,1.0,6,same,static,True,100.0,6.949999999999998,58,91.91621251899778,1.5847622848103067,True,trial_16
100,0.1,1.0,6,same,static,True,100.0,6.944682027347791,46,70.03418927100574,1.5224823754566466,True,trial_16
100,0.1,1.0,6,same,static,True,100.0,6.95,48,72.32486213799712,1.5067679612082732,True,trial_16
100,0.1,1.0,6,same,static,True,100.0,6.95,46,71.73441385200567,1.5594437793914278,True,trial_16
100,0.1,1.0,6,same,static,True,100.0,6.95,50,69.51728600500064,1.390345720100013,True,trial_16
100,0.1,1.0,6,same,static,True,100.0,6.946910059911206,48,71.10609148100048,1.4813769058541766,True,trial_16
100,0.1,1.0,6,same,static,True,100.0,6.949999999999999,50,70.57394089999434,1.4114788179998867,True,trial_16
100,0.1,1.0,6,same,static,True,100.0,6.950000000000002,47,74.46389050399739,1.5843380958297317,True,trial_16
100,0.1,1.0,6,same,static,True,100.0,6.950000000000002,47,69.24323080699833,1.4732602299361346,True,trial_16
100,0.1,1.0,6,same,static,True,100.0,6.950000000000001,53,73.81157376700139,1.3926712031509696,True,trial_16
100,0.1,1.0,6,same,static,True,100.0,6.718045135699716,133,214.88635665699985,1.6156868921578935,True,trial_36
100,0.1,1.0,6,same,static,True,100.0,6.935026299494227,50,71.71820476400171,1.4343640952800343,True,trial_16
100,0.1,1.0,6,same,static,True,100.0,6.95,46,69.82762054199702,1.5179917509129788,True,trial_16
100,0.1,1.0,6,same,static,True,100.0,6.950000000000001,36,54.401578589000565,1.5111549608055712,True,trial_16
100,0.1,1.0,6,same,static,True,100.0,6.946910059911206,48,72.87994652400084,1.5183322192500175,True,trial_16
100,0.1,1.0,6,same,static,True,100.0,6.95,47,72.65446822800004,1.5458397495319158,True,trial_16
100,0.1,1.0,6,same,static,True,100.0,6.949999999999998,46,68.85983850600314,1.4969530110000684,True,trial_16
100,0.1,1.0,6,same,static,True,100.0,6.950000000000001,41,60.903668578997895,1.4854553311950707,True,trial_16
100,0.1,1.0,6,same,static,True,100.0,6.950000000000001,53,76.4219270149988,1.4419231512263924,True,trial_16
100,0.1,1.0,6,same,static,True,100.0,6.949999999999998,45,65.20193494200066,1.4489318876000148,True,trial_16
100,0.1,1.0,6,same,static,True,100.0,6.95,48,73.4556627560014,1.530326307416696,True,trial_16
100,0.1,1.0,6,same,static,False,50.0,3.4713432197828413,400,462.02829842999927,1.1550707460749983,True,trial_54
100,0.1,1.0,6,same,static,True,100.0,6.95,47,68.45467351400293,1.4564824151915519,True,trial_16
100,0.1,1.0,6,same,static,True,100.0,6.949999999999998,46,70.61991590500111,1.535215563152198,True,trial_16
100,0.1,1.0,6,same,static,True,100.0,6.949999999999998,51,79.20194843499485,1.5529793810783303,True,trial_16
100,0.1,1.0,6,same,static,True,100.0,6.949999999999998,55,82.87952555799711,1.5069004646908566,True,trial_16
100,0.1,1.0,6,same,static,True,100.0,6.948926326455949,47,72.30736064800294,1.538454481872403,True,trial_16
100,0.1,1.0,6,same,static,True,100.0,6.949999999999999,50,81.2482588329949,1.624965176659898,True,trial_16
100,0.1,1.0,6,same,static,True,100.0,6.915866340607568,56,78.96131732100184,1.4100235235893186,True,trial_16
100,0.1,1.0,6,same,static,True,100.0,6.943129230159577,98,162.0637050180012,1.6537112756938899,True,trial_16
100,0.1,1.0,6,random_same,static,True,100.0,6.943987594889681,94,127.8769767010017,1.3603933691595924,True,trial_61
100,0.1,1.0,6,random_same,static,True,100.0,6.95,106,139.92459854499612,1.3200433824999633,True,trial_61
100,0.1,1.0,6,random_same,static,True,100.0,6.943987594889681,94,129.5480821509991,1.3781710867127566,True,trial_61
100,0.1,1.0,6,random_same,static,True,100.0,6.940085395472632,103,139.74184605199844,1.35671695196115,True,trial_61
100,0.1,1.0,6,random_same,static,True,100.0,6.9181281685149285,81,124.2129018380001,1.5334926152839519,True,trial_61
100,0.1,1.0,6,random_same,static,True,100.0,6.844185621346225,101,154.33505669100123,1.528069868227735,True,trial_61
100,0.1,1.0,6,random_same,static,True,100.0,6.949220015018556,87,125.19454943999881,1.4390178096551587,True,trial_61
100,0.1,1.0,6,random_same,static,True,100.0,6.949999999999998,91,130.09329814700322,1.4295966829341014,True,trial_61
100,0.1,1.0,6,random_same,static,True,100.0,6.95,106,146.75891217299795,1.3845180393679053,True,trial_61
100,0.1,1.0,6,random_same,static,True,100.0,6.945875970856731,123,173.9269826499949,1.414040509349552,True,trial_61
100,0.1,1.0,6,random_same,static,True,100.0,6.949999999999999,88,129.95003346799786,1.476704925772703,True,trial_61
100,0.1,1.0,6,random_same,static,True,100.0,6.949999999999999,88,127.35067774100025,1.4471667925113665,True,trial_61
100,0.1,1.0,6,random_same,static,True,100.0,6.949993262062848,91,117.76700077600253,1.2941428656703575,True,trial_61
100,0.1,1.0,6,random_same,static,True,100.0,6.948440743270392,100,141.4986991130063,1.414986991130063,True,trial_61
100,0.1,1.0,6,random_same,static,True,100.0,6.949124213367014,95,140.46511612399627,1.4785801697262766,True,trial_61
100,0.1,1.0,6,random_same,static,True,100.0,6.935128879275717,95,143.76546528499603,1.5133206872104845,True,trial_61
100,0.1,1.0,6,random_same,static,True,100.0,6.9466907789476355,190,194.89274157399632,1.0257512714420858,True,trial_61
100,0.1,1.0,6,random_same,static,True,100.0,6.9466907789476355,190,202.97417006499745,1.0682851056052498,True,trial_61
100,0.1,1.0,6,random_same,static,True,100.0,6.95,100,128.1354491749953,1.281354491749953,True,trial_61
100,0.1,1.0,6,random_same,static,True,100.0,6.949999999999998,91,120.78494967499864,1.3273071392856994,True,trial_61
100,0.1,1.0,6,random_same,static,True,100.0,6.950000000000001,85,122.18779228100175,1.4375034386000205,True,trial_61
100,0.1,1.0,6,random_same,static,True,100.0,6.944741562983894,99,134.0377738620009,1.3539169076969788,True,trial_61
100,0.1,1.0,6,random_same,static,True,100.0,6.842394016731444,102,148.3206738969966,1.4541242538921235,True,trial_61
100,0.1,1.0,6,random_same,static,True,100.0,6.95,115,160.55153754600178,1.396100326486972,True,trial_61
100,0.1,1.0,6,random_same,static,True,100.0,6.944741562983894,99,134.39205010500154,1.3574954556060763,True,trial_61
100,0.1,1.0,6,random_same,static,True,100.0,6.9445997960112456,98,139.07116354299797,1.4190935055407956,True,trial_61
100,0.1,1.0,6,random_same,static,True,100.0,6.8721774640361115,112,158.92271252199862,1.4189527903749877,True,trial_61
100,0.1,1.0,6,random_same,static,True,100.0,6.95,100,141.5972498179981,1.4159724981799808,True,trial_61
100,0.1,1.0,6,random_same,static,True,100.0,6.949999703806118,224,319.2721489059986,1.425322093330351,True,trial_61
100,0.1,1.0,6,random_same,static,True,100.0,6.842394016731444,102,150.0991631259967,1.4715604228038892,True,trial_61
100,0.1,1.0,6,random_same,static,True,100.0,6.928299326902227,93,129.18512850400293,1.3890874032688487,True,trial_61
100,0.1,1.0,6,random_same,static,True,100.0,6.939489153597546,97,134.62269180799922,1.3878628021443218,True,trial_61
100,0.1,1.0,6,random_same,static,True,100.0,6.946641107920108,226,311.5355336490029,1.3784758126062076,True,trial_61
100,0.1,1.0,6,random_same,static,True,100.0,6.949124213367014,95,142.3582520359996,1.498507916168417,True,trial_61
100,0.1,1.0,6,random_same,static,True,100.0,6.946641107920108,226,300.804870189997,1.3309950008406948,True,trial_61
100,0.1,1.0,6,random_same,static,True,100.0,6.91124403634302,82,120.49926411000342,1.4695032208537002,True,trial_61
100,0.1,1.0,6,random_same,static,True,100.0,6.939546688277299,99,138.11292598699947,1.3950800604747422,True,trial_61
100,0.1,1.0,6,random_same,static,True,100.0,6.944438977943577,100,153.94296414100245,1.5394296414100246,True,trial_61
100,0.1,1.0,6,random_same,static,True,100.0,6.94999382609581,79,108.08142092799972,1.368119252253161,True,trial_54
100,0.1,1.0,6,random_same,static,True,100.0,6.94999834103301,75,115.84841025300557,1.5446454700400742,True,trial_54
100,0.1,1.0,6,random_same,static,False,83.33333333333334,5.791666428556661,400,456.36268265800027,1.1409067066450007,True,trial_61
100,0.1,1.0,6,random_same,static,True,100.0,6.915686172376071,140,177.14227529200434,1.2653019663714595,True,trial_54
100,0.1,1.0,6,random_same,static,True,100.0,6.933348760931785,147,188.37687068700325,1.2814753107959405,True,trial_54
100,0.1,1.0,6,random_same,static,True,100.0,6.901124815906832,346,479.1355636530061,1.3847848660491506,True,trial_61
100,0.1,1.0,6,random_same,static,True,100.0,6.9399881812536215,103,140.73957866200362,1.3664036763301322,True,trial_54
100,0.1,1.0,6,same,static,False,91.66666666666666,6.370833333333332,400,734.8287231170034,1.8370718077925086,True,trial_36
100,0.1,1.0,6,random_same,static,True,100.0,6.949997876481174,344,503.562166568001,1.463843507465119,True,trial_61
100,0.1,1.0,6,random_same,static,True,100.0,6.9497024163876615,358,505.29450441899826,1.4114371631815594,True,trial_61
100,0.1,1.0,6,random_same,static,True,100.0,6.9497024163876615,358,506.65018546899955,1.415223981756982,True,trial_61
100,0.1,1.0,6,random_same,static,True,100.0,6.94919852468586,121,164.75051531899953,1.3615745067685912,True,trial_54
100,0.1,1.0,6,random_same,static,True,100.0,6.949997876481174,344,459.7084308430058,1.3363617175668772,True,trial_61
100,0.1,1.0,6,random_same,static,False,83.33333333333334,5.791666428556661,400,506.89068656100426,1.2672267164025106,True,trial_61
100,0.1,1.0,6,random_same,static,True,100.0,6.940027973803541,170,223.79043753300357,1.3164143384294327,True,trial_54
100,0.1,1.0,6,random_same,static,True,100.0,6.949997876481174,344,488.3575661319992,1.419644087593021,True,trial_61
100,0.1,1.0,6,random_same,static,True,100.0,6.940027973803541,170,228.06842370099912,1.3415789629470536,True,trial_54
100,0.1,1.0,6,random_same,static,True,100.0,6.95,77,120.66670204199909,1.5671000265194688,True,trial_54
100,0.1,1.0,6,random_same,static,True,100.0,6.94988720285216,203,265.646887652998,1.3086053578965418,True,trial_54
100,0.1,1.0,6,random_same,static,True,100.0,6.950000000000001,69,102.61879213199427,1.4872288714781778,True,trial_54
100,0.1,1.0,6,random_same,static,True,100.0,6.949998723323404,145,197.75849878599547,1.363851715765486,True,trial_54
100,0.1,1.0,6,random_same,static,True,100.0,6.94919852468586,121,161.06063782399724,1.3310796514379937,True,trial_54
100,0.1,1.0,6,random_same,static,True,100.0,6.920917019791593,100,129.5833051150039,1.2958330511500389,True,trial_54
100,0.1,1.0,6,random_same,static,True,100.0,6.950000000000001,69,118.19627541700174,1.7129894987971268,True,trial_54
100,0.1,1.0,6,random_same,static,True,100.0,6.94378412031997,227,320.2302295730042,1.4107058571497981,True,trial_54
100,0.1,1.0,6,random_same,static,True,100.0,6.949999618047938,267,362.26760374900186,1.3568075046779096,True,trial_54
100,0.1,1.0,6,random_same,static,False,83.33333333333334,5.791666666666667,400,586.3345580049936,1.465836395012484,True,trial_61
100,0.1,1.0,6,random_same,static,True,100.0,6.891856493360847,335,412.08432999500656,1.2301024775970344,True,trial_54
100,0.1,1.0,6,random_same,static,False,83.33333333333334,5.791666666666667,400,518.2930639810002,1.2957326599525003,True,trial_61
100,0.1,1.0,6,random_same,static,True,100.0,6.949999999999997,230,330.1682699200028,1.4355142170434905,True,trial_54
100,0.1,1.0,6,random_same,static,True,100.0,6.949867348223467,228,311.39882477500214,1.3657843191886059,True,trial_54
100,0.1,1.0,6,random_same,static,False,83.33333333333334,5.791666666666667,400,611.9928317130034,1.5299820792825085,True,trial_61
100,0.1,1.0,6,random_same,static,True,100.0,6.943042909327163,95,121.93649584800005,1.2835420615578952,True,trial_54
100,0.1,1.0,6,random_same,static,False,90.48560697168526,5.829068384735232,400,475.98945391900634,1.1899736347975158,True,trial_54
100,0.1,1.0,6,random_same,static,False,91.66666666666666,6.352695652429247,400,596.7425550360058,1.4918563875900146,True,trial_61
100,0.1,1.0,6,random_same,static,True,100.0,6.9325961553548225,239,315.13632413499727,1.3185620256694446,True,trial_54
100,0.1,1.0,6,random_same,static,True,100.0,6.949867348223467,228,280.3170033639981,1.2294605410701671,True,trial_54
100,0.1,1.0,6,random_same,static,False,50.0,3.455738139045363,400,498.09373418500036,1.2452343354625008,True,trial_54
100,0.1,1.0,6,random_same,static,True,100.0,6.949999999999998,90,124.08862225700432,1.3787624695222702,True,trial_36
100,0.1,1.0,6,random_same,static,False,83.33333333333334,5.791666666666668,400,520.6420671439992,1.3016051678599978,True,trial_54
100,0.1,1.0,6,random_same,static,True,100.0,6.950000000000001,93,133.52728441599902,1.4357772517849356,True,trial_36
100,0.1,1.0,6,random_same,static,True,100.0,6.949878445323521,158,230.4629397269964,1.4586262008037747,True,trial_54
100,0.1,1.0,6,random_same,static,True,100.0,6.934993419230949,206,253.31072989699896,1.2296637373640726,True,trial_54
100,0.1,1.0,6,random_same,static,True,100.0,6.950000000000001,105,136.1423325479991,1.296593643314277,True,trial_36
100,0.1,1.0,6,random_same,static,True,100.0,6.949999999999998,90,118.40053273300146,1.3155614748111273,True,trial_36
100,0.1,1.0,6,random_same,static,True,100.0,6.949999999999997,230,325.0244291649942,1.413149692021714,True,trial_54
100,0.1,1.0,6,random_same,static,True,100.0,6.95,90,125.83896169099899,1.3982106854555443,True,trial_36
100,0.1,1.0,6,random_same,static,True,100.0,6.9447474656905035,47,80.51943386399944,1.7131794439148817,True,trial_36
100,0.1,1.0,6,random_same,static,True,100.0,6.95,48,91.25405467299424,1.9011261390207135,True,trial_36
100,0.1,1.0,6,random_same,static,True,100.0,6.9497042333004,274,344.7663856020008,1.258271480299273,True,trial_54
100,0.1,1.0,6,random_same,static,True,100.0,6.9495666270449385,395,502.8442280590025,1.2730233621746898,True,trial_54
100,0.1,1.0,6,random_same,static,True,100.0,6.942929268399251,361,466.3267117429932,1.2917637444404244,True,trial_54
100,0.1,1.0,6,random_same,static,True,100.0,6.942929268399251,361,452.68646885499766,1.2539791381024865,True,trial_54
100,0.1,1.0,6,random_same,static,False,50.0,3.455738139045363,400,495.05223657999886,1.2376305914499972,True,trial_54
100,0.1,1.0,6,random_same,static,False,83.33333333333334,5.74449181865799,400,631.5420890109963,1.5788552225274908,True,trial_54
100,0.1,1.0,6,random_same,static,False,83.33333333333334,5.791666666666668,400,491.05560275600146,1.2276390068900036,True,trial_54
100,0.1,1.0,6,random_same,static,True,100.0,6.949110152575324,74,141.25931224600208,1.908909624945974,True,trial_36
100,0.1,1.0,6,random_same,static,True,100.0,6.949933587379602,226,307.0681093479943,1.3587084484424528,True,trial_54
100,0.1,1.0,6,random_same,static,True,100.0,6.921128019371805,339,473.1569290700063,1.3957431535988387,True,trial_54
100,0.1,1.0,6,random_same,static,True,100.0,6.945594949506352,80,129.60028347900516,1.6200035434875644,True,trial_36
100,0.1,1.0,6,random_same,static,True,100.0,6.949999999999999,77,104.57557600399741,1.358124363688278,True,trial_36
100,0.1,1.0,6,random_same,static,True,100.0,6.950000000000001,84,131.00836146000074,1.5596233507142945,True,trial_36
100,0.1,1.0,6,random_same,static,True,100.0,6.949933587379602,226,307.37578444500105,1.3600698426769957,True,trial_54
100,0.1,1.0,6,random_same,static,False,50.0,3.4739062622494545,400,489.28648865500145,1.2232162216375035,True,trial_54
100,0.1,1.0,6,random_same,static,True,100.0,6.95,104,151.1633041150053,1.4534933087981279,True,trial_36
100,0.1,1.0,6,random_same,static,True,100.0,6.886729610644992,82,109.73792266099917,1.3382673495243802,True,trial_36
100,0.1,1.0,6,random_same,static,True,100.0,6.92107729112832,358,455.9572245360032,1.2736235322234726,True,trial_54
100,0.1,1.0,6,random_same,static,False,83.33333333333334,5.791666666666665,400,487.68222299700574,1.2192055574925142,True,trial_54
100,0.1,1.0,6,random_same,static,True,100.0,6.921128019371805,339,460.67103482899984,1.3589116071651912,True,trial_54
100,0.1,1.0,6,random_same,static,False,83.33333333333334,5.66047725352989,400,662.0236839130012,1.655059209782503,True,trial_54
100,0.1,1.0,6,random_same,static,True,100.0,6.950000000000001,84,134.0400920749962,1.595715381845193,True,trial_36
100,0.1,1.0,6,random_same,static,True,100.0,6.946798761878433,313,368.3279447090026,1.1767665965143854,True,trial_54
100,0.1,1.0,6,random_same,static,True,100.0,6.95,99,135.93318132100103,1.3730624375858689,True,trial_36
100,0.1,1.0,6,random_same,static,False,50.0,3.4748800520245537,400,477.784794510997,1.1944619862774926,True,trial_54
100,0.1,1.0,6,random_same,static,True,100.0,6.949999999999998,49,93.11333507900417,1.900272144469473,True,trial_36
100,0.1,1.0,6,random_same,static,True,100.0,6.950000000000001,93,160.7109466270049,1.728074694914031,True,trial_36
100,0.1,1.0,6,random_same,static,True,100.0,6.945594949506352,80,126.59220078100043,1.5824025097625054,True,trial_36
100,0.1,1.0,6,random_same,static,True,100.0,6.950000000000001,74,101.54925199699937,1.3722871891486401,True,trial_36
100,0.1,1.0,6,random_same,static,True,100.0,6.949999999999999,85,116.13376044600591,1.366279534658893,True,trial_36
100,0.1,1.0,6,random_same,static,False,58.33333333333333,4.054166666666667,400,484.0784392100031,1.2101960980250077,True,trial_54
100,0.1,1.0,6,random_same,static,True,100.0,6.92107729112832,358,424.2872426670001,1.1851598957178773,True,trial_54
100,0.1,1.0,6,random_same,static,True,100.0,6.950000000000001,105,138.56058162500267,1.3196245869047873,True,trial_36
100,0.1,1.0,6,random_same,static,True,100.0,6.891084773972561,68,104.63897318999807,1.5388084292646775,True,trial_36
100,0.1,1.0,6,random_same,static,True,100.0,6.943151250644805,69,96.34337380599754,1.3962807797970658,True,trial_36
100,0.1,1.0,6,random_same,static,True,100.0,6.930215730269583,105,118.45768275299633,1.1281684071713936,True,trial_36
100,0.1,1.0,6,random_same,static,True,100.0,6.937192191795224,49,77.34421610999561,1.5784533899999105,True,trial_36
100,0.1,1.0,6,random_same,static,True,100.0,6.930148617879906,51,83.99405966100312,1.6469423462941788,True,trial_36
100,0.1,1.0,6,random_same,static,False,83.33333333333334,5.74449181865799,400,625.3977324699954,1.5634943311749885,True,trial_54
100,0.1,1.0,6,random_same,static,True,100.0,6.949999999999999,43,75.56641706899973,1.7573585364883657,True,trial_36
100,0.1,1.0,6,random_same,static,True,100.0,6.950000000000003,105,148.25698193599965,1.41197125653333,True,trial_36
100,0.1,1.0,6,random_same,static,True,100.0,6.912079246735891,65,105.4024900000004,1.6215767692307754,True,trial_36
100,0.1,1.0,6,random_same,static,True,100.0,6.95,87,128.88767430599546,1.4814675207585686,True,trial_36
100,0.1,1.0,6,random_same,static,False,50.0,3.4749367033977134,400,546.2195996090013,1.3655489990225034,True,trial_54
100,0.1,1.0,6,random_same,static,True,100.0,6.950000000000001,98,120.59682686399901,1.2305798659591736,True,trial_36
100,0.1,1.0,6,random_same,static,True,100.0,6.949953110677059,78,112.13172968700383,1.4375862780385107,True,trial_36
100,0.1,1.0,6,random_same,static,True,100.0,6.948361351184437,290,417.0017657589997,1.4379371233068954,True,trial_36
100,0.1,1.0,6,random_same,static,True,100.0,6.950000000000002,50,82.96991945999616,1.6593983891999233,True,trial_36
100,0.1,1.0,6,random_same,static,True,100.0,6.949999999999998,49,78.24237018499844,1.5967830649999681,True,trial_36
100,0.1,1.0,6,random_same,static,True,100.0,6.95,71,104.88057060400024,1.477191135267609,True,trial_36
100,0.1,1.0,6,random_same,static,True,100.0,6.949999999999999,50,76.95094837500073,1.5390189675000148,True,trial_16
100,0.1,1.0,6,random_same,static,True,100.0,6.949999095099737,127,188.26303613399796,1.4823861112913226,True,trial_36
100,0.1,1.0,6,random_same,static,True,100.0,6.946072256607966,49,82.78316712399828,1.6894523902856793,True,trial_16
100,0.1,1.0,6,random_same,static,True,100.0,6.950000000000003,56,89.934453570997,1.605972385196375,True,trial_16
100,0.1,1.0,6,random_same,static,True,100.0,6.95,41,65.38655167599791,1.5947939433170222,True,trial_16
100,0.1,1.0,6,random_same,static,True,100.0,6.922835598528871,51,79.49956342399673,1.5588149690979751,True,trial_16
100,0.1,1.0,6,random_same,static,True,100.0,6.950000000000003,56,90.79443223800627,1.6213291471072548,True,trial_16
100,0.1,1.0,6,random_same,static,True,100.0,6.95,71,110.8804835789997,1.5616969518168973,True,trial_36
100,0.1,1.0,6,random_same,static,True,100.0,6.946279136522615,42,66.1067506899999,1.573970254523807,True,trial_16
100,0.1,1.0,6,random_same,static,True,100.0,6.949827698948749,55,89.46050419999665,1.6265546218181208,True,trial_16
100,0.1,1.0,6,random_same,static,True,100.0,6.949999999999999,42,59.58768816299562,1.4187544800713243,True,trial_16
100,0.1,1.0,6,random_same,static,True,100.0,6.950000000000001,35,52.578763186997094,1.5022503767713455,True,trial_16
100,0.1,1.0,6,random_same,static,True,100.0,6.950000000000003,56,97.04843158400035,1.7330077068571492,True,trial_16
100,0.1,1.0,6,random_same,static,True,100.0,6.95,76,130.38320360999933,1.7155684685526227,True,trial_16
100,0.1,1.0,6,random_same,static,True,100.0,6.949999999999999,62,91.29527571400104,1.4725044470000168,True,trial_16
100,0.1,1.0,6,random_same,static,True,100.0,6.949999999999999,62,92.90520462799759,1.498471042387058,True,trial_16
100,0.1,1.0,6,random_same,static,True,100.0,6.949999999999999,42,59.24704672199732,1.4106439695713648,True,trial_16
100,0.1,1.0,6,random_same,static,True,100.0,6.949999999999999,83,136.95207427999412,1.6500249913252303,True,trial_16
100,0.1,1.0,6,random_same,static,True,100.0,6.950000000000001,84,143.6188484220038,1.709748195500045,True,trial_16
100,0.1,1.0,6,random_same,static,True,100.0,6.950000000000003,56,90.63739034799801,1.6185248276428215,True,trial_16
100,0.1,1.0,6,random_same,static,True,100.0,6.95,69,105.26415556500433,1.5255674719565846,True,trial_16
100,0.1,1.0,6,random_same,static,True,100.0,6.95,69,118.86289499199484,1.7226506520578961,True,trial_16
100,0.1,1.0,6,random_same,static,True,100.0,6.949999999999999,76,118.53656790600508,1.559691682973751,True,trial_16
100,0.1,1.0,6,random_same,static,True,100.0,6.950000000000001,61,93.60562855600438,1.5345185009181046,True,trial_16
100,0.1,1.0,6,random_same,static,True,100.0,6.946505719858839,71,112.06004206099897,1.5783104515633657,True,trial_16
100,0.1,1.0,6,random_same,static,True,100.0,6.949827698948749,55,88.93161901300482,1.6169385275091785,True,trial_16
100,0.1,1.0,6,random_same,static,True,100.0,6.948361351184437,290,402.8865832350057,1.3892640801207092,True,trial_36
100,0.1,1.0,6,random_same,static,True,100.0,6.9499999999999975,68,99.58745384000213,1.4645213800000312,True,trial_16
100,0.1,1.0,6,random_same,static,True,100.0,6.946505719858839,71,109.6057347620008,1.5437427431267718,True,trial_16
100,0.1,1.0,6,random_same,static,True,100.0,6.943193754478459,340,582.3264284940014,1.7127247896882396,True,trial_36
100,0.1,1.0,6,random_same,static,True,100.0,6.95,46,70.70688120400155,1.5371061131304684,True,trial_16
100,0.1,1.0,6,random_same,static,True,100.0,6.949999999999999,76,129.9789803639942,1.7102497416315026,True,trial_16
100,0.1,1.0,6,random_same,static,True,100.0,6.950000000000001,61,95.83171056099673,1.57101164854093,True,trial_16
100,0.1,1.0,6,random_same,static,True,100.0,6.949999999999999,42,58.99597779200121,1.404666137904791,True,trial_16
100,0.1,1.0,6,random_same,static,True,100.0,6.95,47,75.98064272600459,1.6166094197022254,True,trial_16
100,0.1,1.0,6,random_same,static,True,100.0,6.95,47,74.66645098000299,1.588647893191553,True,trial_16
100,0.1,1.0,6,random_same,static,True,100.0,6.948361351184437,290,408.220658582999,1.4076574433896518,True,trial_36
100,0.1,1.0,6,random_same,static,True,100.0,6.950000000000001,64,106.18210628799716,1.6590954107499556,True,trial_16
100,0.1,1.0,6,random_same,static,True,100.0,6.949999999999999,38,54.651323018995754,1.438192711026204,True,trial_16
100,0.1,1.0,6,random_same,static,True,100.0,6.891245528805335,53,81.4906316580018,1.5375590878868264,True,trial_16
100,0.1,1.0,6,random_same,static,True,100.0,6.950000000000001,58,88.36347225999634,1.52350814241373,True,trial_16
100,0.1,1.0,6,random_same,static,True,100.0,6.949999999999998,61,90.30646983200131,1.4804339316721526,True,trial_16
100,0.1,1.0,6,random_same,static,True,100.0,6.940896419408249,50,81.91965110700403,1.6383930221400806,True,trial_16
100,0.1,1.0,6,random_same,static,True,100.0,6.944280746461535,281,387.2707689480012,1.3781877898505381,True,trial_36
100,0.1,1.0,6,random_same,static,True,100.0,6.835811721912013,201,314.46492398500413,1.56450210937813,True,trial_36
100,0.1,1.0,6,random_same,static,True,100.0,6.950000000000001,49,81.1674567509981,1.656478709204043,True,trial_16
100,0.1,1.0,6,random_same,static,True,100.0,6.95,47,69.9365254929944,1.4880111807020087,True,trial_16
100,0.1,1.0,6,random_same,static,True,100.0,6.932592674803999,260,458.142273726,1.762085668176923,True,trial_36
100,0.1,1.0,6,random_same,static,True,100.0,6.932592674803999,260,440.31703455800016,1.6935270559923083,True,trial_36
100,0.1,1.0,6,random_same,static,True,100.0,6.949999999999999,76,133.489141252001,1.7564360691052763,True,trial_16
100,0.1,1.0,6,random_same,static,True,100.0,6.950000000000001,49,77.1629331649965,1.5747537380611532,True,trial_16
100,0.1,1.0,6,random_same,static,True,100.0,6.949999999999999,76,116.74061383599474,1.5360607083683517,True,trial_16
100,0.1,1.0,6,random_same,static,True,100.0,6.949999999999999,83,132.02476456300064,1.590659814012056,True,trial_16
100,0.1,1.0,6,random_same,static,True,100.0,6.950000000000001,49,80.49172396900394,1.6426882442653865,True,trial_16
100,0.1,1.0,6,random_same,static,True,100.0,6.950000000000001,61,94.34351206500287,1.546614951885293,True,trial_16
100,0.1,1.0,6,random_same,static,True,100.0,6.949999999999999,69,110.37014872600412,1.5995673728406394,True,trial_16
100,0.1,1.0,6,random_same,static,True,100.0,6.950000000000001,61,92.6568186969962,1.518964240934364,True,trial_16
100,0.1,1.0,6,random_same,static,True,100.0,6.949999999999999,55,81.25270839899895,1.47732197089089,True,trial_16
100,0.1,1.0,6,random_same,static,True,100.0,6.835811721912013,201,329.1234978480061,1.637430337552269,True,trial_36
100,0.1,1.0,6,random_same,static,True,100.0,6.950000000000001,64,111.92578270100057,1.748840354703134,True,trial_16
100,0.1,1.0,6,zero,static,True,100.0,6.949672611325714,79,110.17604945800122,1.3946335374430534,True,trial_61
100,0.1,1.0,6,zero,static,True,100.0,6.949672611325714,79,117.03524595100316,1.4814588095063692,True,trial_61
100,0.1,1.0,6,zero,static,True,100.0,6.903142598282448,81,112.44900354499987,1.3882593030246897,True,trial_61
100,0.1,1.0,6,zero,static,True,100.0,6.869625548173758,80,125.02820000799693,1.5628525000999616,True,trial_61
100,0.1,1.0,6,zero,static,True,100.0,6.949958151763833,95,127.09937803699722,1.3378881898631287,True,trial_61
100,0.1,1.0,6,random_same,static,True,100.0,6.945253577523066,229,360.497180817998,1.5742234970218254,True,trial_36
100,0.1,1.0,6,random_same,static,True,100.0,6.945253577523066,229,365.64598504199967,1.5967073582620073,True,trial_36
100,0.1,1.0,6,zero,static,True,100.0,6.9409469266774355,96,124.00509204500122,1.291719708802096,True,trial_61
100,0.1,1.0,6,zero,static,True,100.0,6.9499752401767925,81,128.14642510600243,1.5820546309383015,True,trial_61
100,0.1,1.0,6,zero,static,True,100.0,6.949999999999999,83,116.43725071600056,1.4028584423614525,True,trial_61
100,0.1,1.0,6,random_same,static,True,100.0,6.938786454462509,323,544.5476082690002,1.685905907953561,True,trial_36
100,0.1,1.0,6,zero,static,True,100.0,6.949672611325714,79,118.91103325800213,1.5052029526329385,True,trial_61
100,0.1,1.0,6,zero,static,True,100.0,6.9499839236043925,93,132.23115295499883,1.4218403543548261,True,trial_61
100,0.1,1.0,6,zero,static,True,100.0,6.822018289815734,74,103.36878749600146,1.3968755067027225,True,trial_61
100,0.1,1.0,6,zero,static,True,100.0,6.869625548173758,80,117.57185405999917,1.4696481757499895,True,trial_61
100,0.1,1.0,6,zero,static,True,100.0,6.949672611325714,79,111.1102099790005,1.4064583541645632,True,trial_61
100,0.1,1.0,6,zero,static,True,100.0,6.92805268080294,106,150.00806217400532,1.4151703978679746,True,trial_61
100,0.1,1.0,6,zero,static,True,100.0,6.928154020843696,81,122.02178019300482,1.5064417307778373,True,trial_61
100,0.1,1.0,6,zero,static,True,100.0,6.949476642606769,80,117.01524683699972,1.4626905854624965,True,trial_61
100,0.1,1.0,6,zero,static,True,100.0,6.940446842810771,84,122.16603908700199,1.4543576081785952,True,trial_61
100,0.1,1.0,6,zero,static,True,100.0,6.942091374739819,89,116.46833429499384,1.3086329696066723,True,trial_61
100,0.1,1.0,6,zero,static,True,100.0,6.947679246388316,84,125.08862853600294,1.4891503397143206,True,trial_61
100,0.1,1.0,6,zero,static,True,100.0,6.9409469266774355,96,129.78025465900282,1.3518776526979461,True,trial_61
100,0.1,1.0,6,zero,static,True,100.0,6.94507137831866,93,146.3767979080003,1.5739440635268849,True,trial_61
100,0.1,1.0,6,zero,static,True,100.0,6.899013013547462,81,117.18895319500007,1.4467771999382724,True,trial_61
100,0.1,1.0,6,zero,static,True,100.0,6.94342979511275,78,117.02226620400324,1.5002854641538879,True,trial_61
100,0.1,1.0,6,zero,static,True,100.0,6.949999999999999,94,137.83638087999861,1.4663444774467937,True,trial_61
100,0.1,1.0,6,zero,static,True,100.0,6.950000000000001,77,107.78447057800076,1.3997983191948151,True,trial_61
100,0.1,1.0,6,zero,static,True,100.0,6.943081424961541,92,138.53667745099665,1.5058334505543114,True,trial_61
100,0.1,1.0,6,zero,static,True,100.0,6.940193527819135,77,117.81908912299696,1.530118040558402,True,trial_61
100,0.1,1.0,6,zero,static,True,100.0,6.931581418466045,79,111.74823888699757,1.4145346694556655,True,trial_61
100,0.1,1.0,6,zero,static,True,100.0,6.9409469266774355,96,125.04557242600276,1.3025580461041955,True,trial_61
100,0.1,1.0,6,zero,static,True,100.0,6.931581418466045,79,112.78981405499508,1.4277191652531023,True,trial_61
100,0.1,1.0,6,zero,static,True,100.0,6.928275200555874,86,120.84708754900203,1.4051986924302562,True,trial_61
100,0.1,1.0,6,zero,static,True,100.0,6.94342979511275,78,113.57660465699882,1.4561103161153695,True,trial_61
100,0.1,1.0,6,zero,static,True,100.0,6.913992826957581,95,139.63378750200354,1.469829342126353,True,trial_61
100,0.1,1.0,6,zero,static,True,100.0,6.822018289815734,74,98.95088671000121,1.337174144729746,True,trial_61
100,0.1,1.0,6,zero,static,True,100.0,6.944623564251101,86,125.37480791599955,1.4578466036744133,True,trial_61
100,0.1,1.0,6,zero,static,True,100.0,6.93095747956546,80,118.99506690799899,1.4874383363499875,True,trial_61
100,0.1,1.0,6,zero,static,True,100.0,6.920013277429599,91,127.50660182400316,1.4011714486154192,True,trial_61
100,0.1,1.0,6,zero,static,True,100.0,6.869532137835914,80,122.43986980999762,1.5304983726249701,True,trial_61
100,0.1,1.0,6,zero,static,True,100.0,6.908342285955235,79,125.02743654399819,1.5826257790379519,True,trial_61
100,0.1,1.0,6,zero,static,True,100.0,6.949999999999999,107,152.5982527410015,1.4261518947757148,True,trial_61
100,0.1,1.0,6,zero,static,True,100.0,6.9486102391173485,71,100.26134435799759,1.4121316106760224,True,trial_54
100,0.1,1.0,6,random_same,static,True,100.0,6.949994996305771,366,609.8636014000003,1.6662939928961757,True,trial_36
100,0.1,1.0,6,zero,static,True,100.0,6.947369506460403,113,143.33601266099868,1.2684602890353864,True,trial_61
100,0.1,1.0,6,zero,static,True,100.0,6.93095747956546,80,126.54674564100424,1.581834320512553,True,trial_61
100,0.1,1.0,6,zero,static,True,100.0,6.95,91,135.7179019700052,1.491405516153903,True,trial_61
100,0.1,1.0,6,zero,static,True,100.0,6.932967739199153,82,133.28769911199925,1.6254597452682835,True,trial_61
100,0.1,1.0,6,zero,static,True,100.0,6.920013277429599,91,134.10699249699974,1.4737032142527444,True,trial_61
100,0.1,1.0,6,zero,static,True,100.0,6.90085820686527,83,111.07172459899448,1.3382135493854757,True,trial_54
100,0.1,1.0,6,zero,static,True,100.0,6.9486102391173485,71,101.5493907630007,1.430273109338038,True,trial_54
100,0.1,1.0,6,zero,static,True,100.0,6.9499995117006215,128,186.38056424399838,1.4560981581562373,True,trial_54
100,0.1,1.0,6,zero,static,True,100.0,6.9485212780547885,244,339.7453852940016,1.3923991200573835,True,trial_61
100,0.1,1.0,6,zero,static,True,100.0,6.949975666126235,111,158.3013830609998,1.4261385861351332,True,trial_54
100,0.1,1.0,6,zero,static,True,100.0,6.9485212780547885,244,341.49272895800095,1.3995603645819712,True,trial_61
100,0.1,1.0,6,zero,static,True,100.0,6.929744738099196,186,261.6396262970011,1.4066646575107584,True,trial_61
100,0.1,1.0,6,zero,static,False,25.0,1.737478285366169,400,392.0011262150001,0.9800028155375002,True,trial_61
100,0.1,1.0,6,zero,static,False,83.33333333333334,5.788826583423587,400,547.0692078370048,1.367673019592512,True,trial_61
100,0.1,1.0,6,zero,static,False,50.0,3.4316792407237973,400,482.89952967099816,1.2072488241774955,True,trial_54
100,0.1,1.0,6,zero,static,True,100.0,6.942536047746583,288,408.0836715580008,1.4169571929097249,True,trial_54
100,0.1,1.0,6,zero,static,True,100.0,6.946058495898358,209,284.0231774290005,1.3589625714306244,True,trial_54
100,0.1,1.0,6,zero,static,False,50.0,3.475,400,488.61365346399543,1.2215341336599885,True,trial_54
100,0.1,1.0,6,zero,static,True,100.0,6.945914716358452,215,297.7536851469995,1.384900861148835,True,trial_54
100,0.1,1.0,6,zero,static,True,100.0,6.946058495898358,209,303.2875531549944,1.4511366179664804,True,trial_54
100,0.1,1.0,6,zero,static,False,83.33333333333334,5.735904952337597,400,429.8690173569994,1.0746725433924984,True,trial_54
100,0.1,1.0,6,zero,static,False,91.66666666666666,6.370177587448253,400,508.8137158210011,1.2720342895525028,True,trial_54
100,0.1,1.0,6,zero,static,False,91.66666666666666,6.356372824286799,400,461.1429093190018,1.1528572732975044,True,trial_54
100,0.1,1.0,6,zero,static,False,50.0,3.4411512443449004,400,489.8603242399986,1.2246508105999965,True,trial_54
100,0.1,1.0,6,zero,static,False,50.0,3.474983141824294,400,495.4462081919992,1.238615520479998,True,trial_54
100,0.1,1.0,6,zero,static,False,81.53560961133635,5.2688862985200835,400,463.39523682199797,1.158488092054995,True,trial_54
100,0.1,1.0,6,zero,static,False,50.0,3.475,400,504.08299540900043,1.260207488522501,True,trial_54
100,0.1,1.0,6,zero,static,False,83.33333333333334,5.735904952337597,400,447.7686516390022,1.1194216290975054,True,trial_54
100,0.1,1.0,6,zero,static,False,83.33333333333334,5.735904952337597,400,425.41165332200035,1.0635291333050008,True,trial_54
100,0.1,1.0,6,zero,static,False,91.66666666666666,6.359120503567032,400,473.23019708599895,1.1830754927149973,True,trial_54
100,0.1,1.0,6,zero,static,False,91.66666666666666,6.370807165251103,400,499.0871535000042,1.2477178837500105,True,trial_54
100,0.1,1.0,6,zero,static,False,50.0,3.474983141824294,400,524.5770787130023,1.3114426967825057,True,trial_54
100,0.1,1.0,6,zero,static,False,91.66666666666666,6.370177587448253,400,524.1530376480005,1.3103825941200011,True,trial_54
100,0.1,1.0,6,zero,static,False,72.55625816798829,3.6938000400989424,400,492.7284992230052,1.231821248057513,True,trial_54
100,0.1,1.0,6,zero,static,False,91.66666666666666,6.370821715572778,400,533.1041032190042,1.3327602580475104,True,trial_54
100,0.1,1.0,6,zero,static,False,91.66666666666666,6.370807165251103,400,507.1090237560056,1.267772559390014,True,trial_54
100,0.1,1.0,6,zero,static,False,50.0,3.4749999999999996,400,491.2569053499974,1.2281422633749934,True,trial_54
100,0.1,1.0,6,zero,static,False,91.66666666666666,6.370807165251103,400,517.4932005649971,1.2937330014124928,True,trial_54
100,0.1,1.0,6,zero,static,False,50.0,3.4749922456770306,400,465.69114346399874,1.1642278586599968,True,trial_54
100,0.1,1.0,6,zero,static,False,50.0,3.474846501161263,400,533.0162001030039,1.33254050025751,True,trial_54
100,0.1,1.0,6,zero,static,False,91.66666666666666,6.370798712040824,400,525.3837847549948,1.313459461887487,True,trial_54
100,0.1,1.0,6,zero,static,True,100.0,6.946282512252151,47,69.94240936999995,1.488136369574467,True,trial_36
100,0.1,1.0,6,zero,static,True,100.0,6.932063982175495,49,84.45211337700312,1.7235125178980228,True,trial_36
100,0.1,1.0,6,zero,static,True,100.0,6.948454701373014,119,167.9091991059977,1.4110016731596444,True,trial_54
100,0.1,1.0,6,zero,static,True,100.0,6.950000000000001,61,78.90741647600225,1.2935642045246272,True,trial_36
100,0.1,1.0,6,zero,static,False,50.0,3.474996085407951,400,575.5331865960034,1.4388329664900084,True,trial_54
100,0.1,1.0,6,zero,static,False,50.0,3.4749999999999996,400,509.423108226998,1.273557770567495,True,trial_54
100,0.1,1.0,6,zero,static,True,100.0,6.95,65,107.45054592400265,1.653085321907733,True,trial_36
100,0.1,1.0,6,zero,static,True,100.0,6.895177691217594,80,111.69661422500212,1.3962076778125265,True,trial_36
100,0.1,1.0,6,zero,static,False,50.0,3.4749999999999996,400,490.2747829240034,1.2256869573100084,True,trial_54
100,0.1,1.0,6,zero,static,True,100.0,6.949999999999999,112,161.4707886719989,1.4417034702857043,True,trial_36
100,0.1,1.0,6,zero,static,True,100.0,6.950000000000002,72,103.58718578899425,1.4387109137360312,True,trial_36
100,0.1,1.0,6,zero,static,True,100.0,6.950000000000001,65,106.63460781399772,1.6405324279076572,True,trial_36
100,0.1,1.0,6,zero,static,True,100.0,6.949993269474177,68,94.85684041799686,1.3949535355587774,True,trial_36
100,0.1,1.0,6,zero,static,True,100.0,6.949999999999999,112,171.7735980819998,1.5336928400178553,True,trial_36
100,0.1,1.0,6,zero,static,True,100.0,6.932063982175495,49,79.43528490600147,1.621128263387785,True,trial_36
100,0.1,1.0,6,zero,static,True,100.0,6.895177691217594,80,135.58691731400177,1.6948364664250222,True,trial_36
100,0.1,1.0,6,zero,static,False,33.333333333333336,2.2947475457722386,400,406.89493742099876,1.0172373435524968,True,trial_54
100,0.1,1.0,6,zero,static,True,100.0,6.948096548655777,54,79.50014187499619,1.4722248495369665,True,trial_36
100,0.1,1.0,6,zero,static,True,100.0,6.946525891571419,123,187.6718112239978,1.5257870831219333,True,trial_36
100,0.1,1.0,6,zero,static,False,33.333333333333336,2.3146218986837317,400,443.128769286006,1.107821923215015,True,trial_54
100,0.1,1.0,6,zero,static,True,100.0,6.895177691217594,80,121.35782220300462,1.5169727775375577,True,trial_36
100,0.1,1.0,6,zero,static,True,100.0,6.827748033864618,69,99.63550349000434,1.4439928042029615,True,trial_36
100,0.1,1.0,6,zero,static,True,100.0,6.939045087633973,78,111.2046490770008,1.425700629192318,True,trial_36
100,0.1,1.0,6,zero,static,True,100.0,6.920428182403209,47,68.65788545300165,1.4608060734681203,True,trial_36
100,0.1,1.0,6,zero,static,True,100.0,6.949999999999999,112,176.4809905430011,1.5757231298482242,True,trial_36
100,0.1,1.0,6,zero,static,True,100.0,6.949999999999999,54,85.33421347399417,1.5802632124813736,True,trial_36
100,0.1,1.0,6,zero,static,True,100.0,6.9292812371831625,174,284.1658558690033,1.6331371026954211,True,trial_36
100,0.1,1.0,6,zero,static,True,100.0,6.940711090682455,81,118.22207952099416,1.4595318459381994,True,trial_36
100,0.1,1.0,6,zero,static,True,100.0,6.949999999999999,112,169.7798943040034,1.5158919134286017,True,trial_36
100,0.1,1.0,6,zero,static,False,83.33333333333334,5.735904952337597,400,421.2892771580009,1.0532231928950022,True,trial_54
100,0.1,1.0,6,zero,static,True,100.0,6.946588483727014,56,87.92506466000486,1.5700904403572298,True,trial_36
100,0.1,1.0,6,zero,static,True,100.0,6.940711090682455,81,113.90458629299974,1.4062294604074042,True,trial_36
100,0.1,1.0,6,zero,static,True,100.0,6.940711090682455,81,116.30550634900283,1.4358704487531213,True,trial_36
100,0.1,1.0,6,zero,static,True,100.0,6.827748033864618,69,99.60356498399779,1.4435299273043156,True,trial_36
100,0.1,1.0,6,zero,static,False,83.33333333333334,5.735904952337597,400,428.42249883399927,1.0710562470849982,True,trial_54
100,0.1,1.0,6,zero,static,True,100.0,6.942125754141978,51,78.00765257099556,1.52956181511756,True,trial_36
100,0.1,1.0,6,zero,static,True,100.0,6.9348322511355605,221,331.4686325619987,1.4998580658913967,True,trial_36
100,0.1,1.0,6,zero,static,True,100.0,6.95,49,79.80231157199887,1.628618603510181,True,trial_36
100,0.1,1.0,6,zero,static,False,91.66666666666666,6.359120503567032,400,447.7194731519994,1.1192986828799985,True,trial_54
100,0.1,1.0,6,zero,static,True,100.0,6.942125754141978,51,77.03268437500083,1.5104447916666828,True,trial_36
100,0.1,1.0,6,zero,static,False,91.66666666666666,6.37082772698727,400,471.02617481500056,1.1775654370375015,True,trial_54
100,0.1,1.0,6,zero,static,False,91.66666666666666,6.370810202651035,400,489.4077888700049,1.2235194721750122,True,trial_54
100,0.1,1.0,6,zero,static,True,100.0,6.939045087633973,78,117.62195859399799,1.5079738281281794,True,trial_36
100,0.1,1.0,6,zero,static,False,25.0,1.7374999961345132,400,508.37830947399925,1.270945773684998,True,trial_54
100,0.1,1.0,6,zero,static,True,100.0,6.949631922696633,342,447.7823048060018,1.3093049848128706,True,trial_54
100,0.1,1.0,6,zero,static,True,100.0,6.949949383621529,60,86.36138075499912,1.439356345916652,True,trial_36
100,0.1,1.0,6,zero,static,True,100.0,6.949949383621529,60,78.92265197300003,1.315377532883334,True,trial_36
100,0.1,1.0,6,zero,static,False,50.0,3.427086722719458,400,472.83835869700124,1.182095896742503,True,trial_54
100,0.1,1.0,6,zero,static,True,100.0,6.8788782392690075,51,82.09332946999348,1.6096731268626172,True,trial_36
100,0.1,1.0,6,zero,static,True,100.0,6.936081449283104,70,105.3247169430033,1.5046388134714757,True,trial_36
100,0.1,1.0,6,zero,static,False,50.0,3.4750000000000005,400,501.6881236199988,1.254220309049997,True,trial_54
100,0.1,1.0,6,zero,static,True,100.0,6.939045087633973,78,111.47770698800014,1.4292013716410275,True,trial_36
100,0.1,1.0,6,zero,static,False,91.66666666666666,6.370829928055893,400,467.95640211399586,1.1698910052849896,True,trial_54
100,0.1,1.0,6,zero,static,True,100.0,6.92036563434153,80,106.87236751599994,1.3359045939499992,True,trial_36
100,0.1,1.0,6,zero,static,True,100.0,6.948909011697233,63,95.13792345500406,1.5101257691270484,True,trial_16
100,0.1,1.0,6,zero,static,True,100.0,6.949456647504773,53,76.51328487799765,1.4436468844905217,True,trial_16
100,0.1,1.0,6,zero,static,False,91.66666666666666,6.370816426541032,400,564.4942773660005,1.4112356934150012,True,trial_54
100,0.1,1.0,6,zero,static,True,100.0,6.926302499277548,50,83.89803184600169,1.6779606369200337,True,trial_16
100,0.1,1.0,6,zero,static,False,50.0,3.4748390632832584,400,516.3495360089946,1.2908738400224866,True,trial_54
100,0.1,1.0,6,zero,static,True,100.0,6.95,52,77.7861048180057,1.4958866311154941,True,trial_16
100,0.1,1.0,6,zero,static,True,100.0,6.946775432107676,58,86.79478463599662,1.4964618040689073,True,trial_16
100,0.1,1.0,6,zero,static,True,100.0,6.95,52,85.48243013900355,1.64389288728853,True,trial_16
100,0.1,1.0,6,zero,static,True,100.0,6.9480106564976785,47,74.98587374699855,1.595444122276565,True,trial_16
100,0.1,1.0,6,zero,static,True,100.0,6.9487407773999355,49,83.1446254429975,1.6968290906734182,True,trial_16
100,0.1,1.0,6,zero,static,True,100.0,6.9487407773999355,49,84.44277471699752,1.7233219329999494,True,trial_16
100,0.1,1.0,6,zero,static,True,100.0,6.95,52,83.37200149200362,1.6033077210000697,True,trial_16
100,0.1,1.0,6,zero,static,True,100.0,6.946659445603771,50,79.30411583599926,1.5860823167199851,True,trial_16
100,0.1,1.0,6,zero,static,True,100.0,6.95,52,80.71703512899694,1.5522506755576335,True,trial_16
100,0.1,1.0,6,zero,static,True,100.0,6.938514557970292,51,81.54510715699871,1.5989236697450728,True,trial_16
100,0.1,1.0,6,zero,static,False,83.33333333333334,5.6827139035681,400,530.0348566129978,1.3250871415324945,True,trial_36
100,0.1,1.0,6,zero,static,False,83.33333333333334,5.6827139035681,400,540.4693355799973,1.3511733389499931,True,trial_36
100,0.1,1.0,6,zero,static,True,100.0,6.9487407773999355,49,77.5529926579984,1.5827141358775183,True,trial_16
100,0.1,1.0,6,zero,static,True,100.0,6.886499417778155,62,90.9944349849975,1.467652177177379,True,trial_16
100,0.1,1.0,6,zero,static,True,100.0,6.950000000000001,72,114.1171279209957,1.584960110013829,True,trial_16
100,0.1,1.0,6,zero,static,True,100.0,6.904184178602937,54,94.55982256400603,1.7511078252593708,True,trial_16
100,0.1,1.0,6,zero,static,True,100.0,6.904184178602937,54,83.55100455600041,1.5472408251111187,True,trial_16
100,0.1,1.0,6,zero,static,True,100.0,6.946775432107676,58,91.53551460400195,1.578198527655206,True,trial_16
100,0.1,1.0,6,zero,static,True,100.0,6.946570878649738,53,88.37642722100281,1.6674797588868455,True,trial_16
100,0.1,1.0,6,zero,static,True,100.0,6.948664487179941,54,83.93228907300363,1.5543016495000672,True,trial_16
100,0.1,1.0,6,zero,static,True,100.0,6.950000000000001,72,110.42424332699738,1.533670046208297,True,trial_16
100,0.1,1.0,6,zero,static,False,83.33333333333334,5.791666666666667,400,736.0654788960019,1.8401636972400046,True,trial_36
100,0.1,1.0,6,zero,static,True,100.0,6.949944312045669,71,108.25815414899989,1.5247627344929562,True,trial_16
100,0.1,1.0,6,zero,static,True,100.0,6.949944312045669,71,117.85006882000016,1.6598601242253543,True,trial_16
100,0.1,1.0,6,zero,static,False,91.66666666666666,6.354321948975873,400,575.5783134029989,1.4389457835074972,True,trial_36
100,0.1,1.0,6,zero,static,True,100.0,6.950000000000001,72,111.11826943900087,1.543309297763901,True,trial_16
100,0.1,1.0,6,zero,static,True,100.0,6.928005960880773,267,371.0274989669997,1.3896161009999988,True,trial_16
100,0.1,1.0,6,zero,static,True,100.0,6.921473767949639,55,85.16161244599789,1.548392953563598,True,trial_16
100,0.1,1.0,6,zero,static,True,100.0,6.919643129984587,58,83.72464830600074,1.4435284190689783,True,trial_16
100,0.1,1.0,6,zero,static,False,83.33333333333334,5.791659500071399,400,756.329646569,1.8908241164225001,True,trial_36
100,0.1,1.0,6,zero,static,True,100.0,6.861969521445791,60,85.0608935029959,1.417681558383265,True,trial_16
100,0.1,1.0,6,zero,static,True,100.0,6.948664487179941,54,90.26735661199928,1.6716177150370237,True,trial_16
100,0.1,1.0,6,zero,static,True,100.0,6.937570443135393,53,87.29151080299926,1.6470096377924388,True,trial_16
100,0.1,1.0,6,zero,static,True,100.0,6.946570878649738,53,88.06212988300103,1.6615496204339817,True,trial_16
100,0.1,1.0,6,zero,static,True,100.0,6.920352363429368,269,364.6088339729977,1.3554231746208092,True,trial_16
100,0.1,1.0,6,zero,static,False,91.66666666666666,6.348570983596415,400,557.0373912890063,1.3925934782225158,True,trial_36
100,0.1,1.0,6,zero,static,False,91.66666666666666,6.246347797612137,400,619.8022385209988,1.549505596302497,True,trial_36
100,0.1,1.0,6,zero,static,True,100.0,6.930842269879336,284,530.7807919629995,1.868946450573942,True,trial_16
100,0.1,1.0,6,zero,static,False,91.66666666666666,6.331660979449077,400,607.917442082995,1.5197936052074874,True,trial_36
100,0.1,1.0,6,zero,static,True,100.0,6.915828661188623,305,411.79849357400235,1.3501589953245978,True,trial_16
100,0.1,1.0,6,zero,static,False,66.66666666666667,4.617134685430411,400,518.342244917003,1.2958556122925073,True,trial_16
100,0.1,1.0,6,zero,static,False,91.66666666666666,6.348570983596415,400,580.2843341640037,1.4507108354100091,True,trial_36
100,0.1,1.0,6,accelerate,static,True,100.0,6.946518424018836,98,142.00712408000254,1.4490522865306381,True,trial_61
100,0.1,1.0,6,zero,static,False,83.33333333333334,5.791666666666667,400,699.5309497459966,1.7488273743649916,True,trial_36
100,0.1,1.0,6,zero,static,False,83.33333333333334,5.791659500071399,400,747.7646500560004,1.869411625140001,True,trial_36
100,0.1,1.0,6,accelerate,static,True,100.0,6.949318959182711,101,142.29091147500003,1.4088209056930696,True,trial_61
100,0.1,1.0,6,accelerate,static,True,100.0,6.897310583715498,109,152.2481353559997,1.3967718839999972,True,trial_61
100,0.1,1.0,6,zero,static,True,100.0,6.928091881303991,400,552.410126226001,1.3810253155650025,True,trial_16
100,0.1,1.0,6,accelerate,static,True,100.0,6.949912897617619,78,107.20596033699985,1.3744353889358956,True,trial_61
100,0.1,1.0,6,zero,static,False,91.66666666666666,6.3527766773768715,400,699.779102515,1.7494477562875,True,trial_36
100,0.1,1.0,6,zero,static,False,66.66666666666667,4.617134685430411,400,563.1568276949984,1.4078920692374959,True,trial_16
100,0.1,1.0,6,accelerate,static,True,100.0,6.95,107,147.25594802099658,1.376223813280342,True,trial_61
100,0.1,1.0,6,accelerate,static,True,100.0,6.947387358004126,90,131.9766643430048,1.4664073815889425,True,trial_61
100,0.1,1.0,6,accelerate,static,True,100.0,6.92458013224831,95,136.28198706500552,1.434547232263216,True,trial_61
100,0.1,1.0,6,zero,static,False,66.66666666666667,4.613117538729094,400,527.4289376599991,1.3185723441499977,True,trial_16
100,0.1,1.0,6,zero,static,True,100.0,6.928003974056916,344,473.92499047399906,1.3776889257965088,True,trial_16
100,0.1,1.0,6,accelerate,static,True,100.0,6.9429934931857815,105,145.01565692400618,1.3811014945143445,True,trial_61
100,0.1,1.0,6,accelerate,static,True,100.0,6.945008399976001,84,113.27232036900386,1.348480004392903,True,trial_61
100,0.1,1.0,6,zero,static,False,66.66666666666667,4.607449607811738,400,564.0886946650062,1.4102217366625154,True,trial_16
100,0.1,1.0,6,accelerate,static,True,100.0,6.946518424018836,98,143.3301723600016,1.4625527791836899,True,trial_61
100,0.1,1.0,6,accelerate,static,True,100.0,6.949499640759371,106,148.60187998999754,1.401904528207524,True,trial_61
100,0.1,1.0,6,accelerate,static,True,100.0,6.949318959182711,101,138.94852301500214,1.3757279506435856,True,trial_61
100,0.1,1.0,6,zero,static,False,66.66666666666667,4.607449607811738,400,564.3688260299969,1.410922065074992,True,trial_16
100,0.1,1.0,6,accelerate,static,True,100.0,6.933516876576993,103,142.24691700300173,1.3810380291553566,True,trial_61
100,0.1,1.0,6,accelerate,static,True,100.0,6.949965804346755,101,138.18484387100034,1.3681667710000034,True,trial_61
100,0.1,1.0,6,accelerate,static,True,100.0,6.946518424018836,98,145.67725575300574,1.4865026097245484,True,trial_61
100,0.1,1.0,6,accelerate,static,True,100.0,6.916618718089079,105,138.51291400400078,1.3191706095619122,True,trial_61
100,0.1,1.0,6,accelerate,static,True,100.0,6.95,107,154.63121276099992,1.4451515211308403,True,trial_61
100,0.1,1.0,6,accelerate,static,True,100.0,6.95,107,148.92162732799625,1.3917909096074417,True,trial_61
100,0.1,1.0,6,zero,static,False,66.66666666666667,4.593225731483746,400,533.905518806001,1.3347637970150026,True,trial_16
100,0.1,1.0,6,accelerate,static,True,100.0,6.9429934931857815,105,147.42779102799977,1.4040742002666644,True,trial_61
100,0.1,1.0,6,accelerate,static,True,100.0,6.916552442315328,98,134.38651260899496,1.3712909449897446,True,trial_61
100,0.1,1.0,6,accelerate,static,True,100.0,6.916552442315328,98,138.03268663700146,1.4084968024183822,True,trial_61
100,0.1,1.0,6,accelerate,static,True,100.0,6.949997118096424,111,159.9797269490009,1.4412588013423504,True,trial_61
100,0.1,1.0,6,accelerate,static,True,100.0,6.949997118096424,111,155.27126686099655,1.3988402419909598,True,trial_61
100,0.1,1.0,6,accelerate,static,True,100.0,6.9423281437702755,171,202.36414629199862,1.1834160601871264,True,trial_61
100,0.1,1.0,6,zero,static,False,91.66666666666666,6.370833333333332,400,705.9228670970042,1.7648071677425106,True,trial_16
100,0.1,1.0,6,accelerate,static,True,100.0,6.949982352829751,96,132.04768706599862,1.375496740270819,True,trial_61
100,0.1,1.0,6,accelerate,static,True,100.0,6.949997118096424,111,156.38667354099744,1.4088889508197968,True,trial_61
100,0.1,1.0,6,accelerate,static,True,100.0,6.949999999999999,132,204.18119918399316,1.5468272665454028,True,trial_61
100,0.1,1.0,6,accelerate,static,True,100.0,6.933516876576993,103,154.64502448400162,1.5014080046990448,True,trial_61
100,0.1,1.0,6,accelerate,static,True,100.0,6.949983706428618,101,138.999030949999,1.3762280292079108,True,trial_61
100,0.1,1.0,6,accelerate,static,True,100.0,6.949982352829751,96,135.77627740799653,1.4143362229999639,True,trial_61
100,0.1,1.0,6,accelerate,static,True,100.0,6.928364912718054,103,140.47751379200054,1.3638593572038886,True,trial_61
100,0.1,1.0,6,zero,static,False,66.66666666666667,4.593225731483746,400,552.0102410590043,1.3800256026475108,True,trial_16
100,0.1,1.0,6,accelerate,static,True,100.0,6.949982352829751,96,131.9007173880018,1.3739658061250186,True,trial_61
100,0.1,1.0,6,accelerate,static,True,100.0,6.944486007419609,101,136.6674972760011,1.3531435373861493,True,trial_61
100,0.1,1.0,6,accelerate,static,True,100.0,6.949982352829751,96,130.11644209299993,1.3553796051354159,True,trial_61
100,0.1,1.0,6,accelerate,static,True,100.0,6.930702141726842,212,299.07424591799645,1.4107275750848889,True,trial_61
100,0.1,1.0,6,accelerate,static,True,100.0,6.9499272813684,92,136.61568687800172,1.484953118239149,True,trial_61
100,0.1,1.0,6,accelerate,static,True,100.0,6.948917681174964,221,281.79947400400124,1.275110742099553,True,trial_61
100,0.1,1.0,6,accelerate,static,True,100.0,6.9423281437702755,171,205.01440113799617,1.1989146265379893,True,trial_61
100,0.1,1.0,6,accelerate,static,True,100.0,6.932754121128745,111,159.48218048699346,1.436776400783725,True,trial_61
100,0.1,1.0,6,accelerate,static,True,100.0,6.798763710781791,208,286.36034347599343,1.3767324205576608,True,trial_61
100,0.1,1.0,6,accelerate,static,True,100.0,6.932754121128745,111,150.80395183200017,1.3585941606486502,True,trial_61
100,0.1,1.0,6,zero,static,False,58.33333333333333,4.054166666664331,400,794.3587075190007,1.9858967687975018,True,trial_16
100,0.1,1.0,6,accelerate,static,True,100.0,6.916214705009198,214,298.9781261860044,1.3970940475981513,True,trial_61
100,0.1,1.0,6,zero,static,False,58.33333333333333,4.054166666664331,400,818.1952449760065,2.045488112440016,True,trial_16
100,0.1,1.0,6,accelerate,static,True,100.0,6.916214705009198,214,319.43613594899944,1.492692224060745,True,trial_61
100,0.1,1.0,6,accelerate,static,True,100.0,6.908590004265934,130,205.69448734300386,1.5822652872538758,True,trial_61
100,0.1,1.0,6,accelerate,static,True,100.0,6.936014594095843,93,131.23345933000383,1.4111124659140197,True,trial_54
100,0.1,1.0,6,accelerate,static,True,100.0,6.944479421296859,132,177.63271690599504,1.3457024008029927,True,trial_54
100,0.1,1.0,6,accelerate,static,True,100.0,6.930702141726842,212,284.8891480320017,1.343816736000008,True,trial_61
100,0.1,1.0,6,accelerate,static,True,100.0,6.916214705009198,214,308.31362003699905,1.4407178506401825,True,trial_61
100,0.1,1.0,6,accelerate,static,True,100.0,6.94199760480784,93,132.71862414699717,1.4270819800752383,True,trial_54
100,0.1,1.0,6,accelerate,static,True,100.0,6.798763710781791,208,288.7386282450025,1.3881664819471273,True,trial_61
100,0.1,1.0,6,zero,static,False,58.33333333333333,4.054166666666666,400,816.6498026179979,2.041624506544995,True,trial_16
100,0.1,1.0,6,accelerate,static,True,100.0,6.9499164365383335,161,224.36969327300176,1.3936005793354147,True,trial_54
100,0.1,1.0,6,accelerate,static,True,100.0,6.948899272018616,117,165.31775686699984,1.4129722809145286,True,trial_54
100,0.1,1.0,6,accelerate,static,True,100.0,6.923421944802552,236,332.5194644479998,1.4089807815593212,True,trial_61
100,0.1,1.0,6,accelerate,static,True,100.0,6.939726413214578,176,222.91702848400018,1.2665740254772737,True,trial_54
100,0.1,1.0,6,accelerate,static,True,100.0,6.949963433014994,110,179.94863610099856,1.6358966918272595,True,trial_54
100,0.1,1.0,6,accelerate,static,True,100.0,6.923421944802552,236,331.9709873710017,1.4066567261483123,True,trial_61
100,0.1,1.0,6,accelerate,static,True,100.0,6.8811330433594735,191,231.2275791619977,1.2106155977067943,True,trial_54
100,0.1,1.0,6,accelerate,static,True,100.0,6.947530566081632,199,258.16925483199884,1.2973329388542656,True,trial_54
100,0.1,1.0,6,accelerate,static,True,100.0,6.836349436028476,161,196.4407493750041,1.2201288781056154,True,trial_54
100,0.1,1.0,6,accelerate,static,True,100.0,6.836349436028476,161,193.9561462999991,1.2046965608695597,True,trial_54
100,0.1,1.0,6,accelerate,static,True,100.0,6.9499999999999975,274,332.32661460399686,1.2128708562189667,True,trial_54
100,0.1,1.0,6,accelerate,static,True,100.0,6.94199760480784,93,141.30524446100026,1.5194112307634435,True,trial_54
100,0.1,1.0,6,zero,static,False,58.33333333333333,4.054166666664331,400,751.2521365660068,1.878130341415017,True,trial_16
100,0.1,1.0,6,accelerate,static,True,100.0,6.948933123057524,185,239.39985863800393,1.2940532899351564,True,trial_54
100,0.1,1.0,6,accelerate,static,True,100.0,6.80609624922485,359,413.18844903900026,1.1509427549832876,True,trial_61
100,0.1,1.0,6,accelerate,static,True,100.0,6.9111896012907845,84,118.88550695100275,1.4153036541786042,True,trial_54
100,0.1,1.0,6,accelerate,static,True,100.0,6.9499999999999975,274,361.70933940399846,1.3201070781167827,True,trial_54
100,0.1,1.0,6,accelerate,static,True,100.0,6.947805981558005,166,217.68352340300044,1.311346526524099,True,trial_54
100,0.1,1.0,6,zero,static,False,58.33333333333333,4.054166666664331,400,751.9471545530032,1.879867886382508,True,trial_16
100,0.1,1.0,6,accelerate,static,True,100.0,6.836349436028476,161,220.18256271499558,1.3675935572359974,True,trial_54
100,0.1,1.0,6,accelerate,static,True,100.0,6.941372353010149,135,194.81283883300057,1.4430580654296339,True,trial_54
100,0.1,1.0,6,accelerate,static,True,100.0,6.947356818198315,358,422.62418035400333,1.1805144702625792,True,trial_54
100,0.1,1.0,6,accelerate,static,True,100.0,6.949738804451558,91,130.50838431900047,1.4341580694395657,True,trial_54
100,0.1,1.0,6,accelerate,static,True,100.0,6.9425818157053785,165,211.506603419999,1.2818582025454486,True,trial_54
100,0.1,1.0,6,accelerate,static,True,100.0,6.944574819414438,110,156.9824988179971,1.4271136256181556,True,trial_54
100,0.1,1.0,6,accelerate,static,True,100.0,6.949738804451558,91,130.76765737799724,1.4370072239340357,True,trial_54
100,0.1,1.0,6,accelerate,static,True,100.0,6.947322119614647,190,254.3373137890012,1.3386174409947431,True,trial_54
100,0.1,1.0,6,accelerate,static,True,100.0,6.944574819414438,110,185.69629960900056,1.6881481782636414,True,trial_54
100,0.1,1.0,6,accelerate,static,True,100.0,6.938956578387953,48,76.79561240499606,1.5999085917707514,True,trial_36
100,0.1,1.0,6,accelerate,static,True,100.0,6.949683216086431,180,232.42991250100022,1.2912772916722235,True,trial_54
100,0.1,1.0,6,accelerate,static,False,62.580051410345305,3.594830245502381,400,442.246464818003,1.1056161620450076,True,trial_54
100,0.1,1.0,6,accelerate,static,True,100.0,6.949712859169942,351,429.4573491389965,1.2235252112222124,True,trial_54
100,0.1,1.0,6,accelerate,static,True,100.0,6.9479756105728026,89,143.30663416199968,1.6101869006966256,True,trial_54
100,0.1,1.0,6,accelerate,static,True,100.0,6.934736305954671,144,205.71766448099515,1.428594892229133,True,trial_54
100,0.1,1.0,6,accelerate,static,True,100.0,6.944896339403884,269,329.58896323299996,1.225237781535316,True,trial_54
100,0.1,1.0,6,accelerate,static,False,91.66666666666666,6.317365134277462,400,524.5356251679987,1.3113390629199966,True,trial_54
100,0.1,1.0,6,accelerate,static,True,100.0,6.944896339403884,269,343.0171024089941,1.2751565145315766,True,trial_54
100,0.1,1.0,6,accelerate,static,True,100.0,6.944896339403884,269,342.8484899870018,1.2745297025539102,True,trial_54
100,0.1,1.0,6,accelerate,static,True,100.0,6.949997523616673,88,134.25806863400067,1.5256598708409166,True,trial_36
100,0.1,1.0,6,accelerate,static,True,100.0,6.92390649650914,247,324.1078623739959,1.3121775804615219,True,trial_54
100,0.1,1.0,6,accelerate,static,True,100.0,6.924013946671295,117,140.46821533499315,1.2005830370512234,True,trial_36
100,0.1,1.0,6,accelerate,static,True,100.0,6.94836945794406,101,122.45480091799982,1.2124237714653447,True,trial_36
100,0.1,1.0,6,accelerate,static,True,100.0,6.925230704834977,54,91.6552578080009,1.6973195890370536,True,trial_36
100,0.1,1.0,6,accelerate,static,True,100.0,6.950000000000001,79,118.78788157999952,1.5036440706329053,True,trial_36
100,0.1,1.0,6,accelerate,static,True,100.0,6.939869340220996,304,394.3993159839956,1.2973661709999855,True,trial_54
100,0.1,1.0,6,accelerate,static,True,100.0,6.950000000000003,84,117.18941426899983,1.3951120746309502,True,trial_36
100,0.1,1.0,6,accelerate,static,True,100.0,6.92390649650914,247,319.568752182,1.2938006161214577,True,trial_54
100,0.1,1.0,6,accelerate,static,True,100.0,6.936779589761773,60,90.97889142000349,1.5163148570000582,True,trial_36
100,0.1,1.0,6,accelerate,static,True,100.0,6.950000000000003,84,120.15292016400053,1.430391906714292,True,trial_36
100,0.1,1.0,6,accelerate,static,True,100.0,6.925230704834977,54,83.84129385900451,1.552616552944528,True,trial_36
100,0.1,1.0,6,accelerate,static,True,100.0,6.815137053131749,104,124.30572905999725,1.1952473948076658,True,trial_36
100,0.1,1.0,6,accelerate,static,True,100.0,6.950000000000001,81,133.22956178300228,1.6448094047284232,True,trial_36
100,0.1,1.0,6,accelerate,static,True,100.0,6.949999999999998,126,149.17521839799883,1.1839303047460226,True,trial_36
100,0.1,1.0,6,accelerate,static,False,50.0,3.467926211305568,400,489.0187193640013,1.2225467984100034,True,trial_54
100,0.1,1.0,6,accelerate,static,True,100.0,6.94044263694514,189,263.12341816599655,1.3921873977036854,True,trial_54
100,0.1,1.0,6,accelerate,static,True,100.0,6.950000000000001,81,112.48696869699779,1.388728008604911,True,trial_36
100,0.1,1.0,6,accelerate,static,True,100.0,6.936935754065187,56,91.81310656499409,1.6395197600891802,True,trial_36
100,0.1,1.0,6,accelerate,static,True,100.0,6.950000000000002,95,144.2167047949988,1.5180705767894611,True,trial_36
100,0.1,1.0,6,accelerate,static,True,100.0,6.949997523616673,88,120.53800249300548,1.3697500283296078,True,trial_36
100,0.1,1.0,6,accelerate,static,True,100.0,6.949999999999998,102,134.87705970399838,1.3223241147450822,True,trial_36
100,0.1,1.0,6,accelerate,static,True,100.0,6.949999999999999,94,132.2172719279988,1.4065667226382852,True,trial_36
100,0.1,1.0,6,accelerate,static,True,100.0,6.95,86,121.63673845100129,1.4143806796628058,True,trial_36
100,0.1,1.0,6,accelerate,static,True,100.0,6.949981788975057,88,137.4379551680031,1.5617949450909443,True,trial_36
100,0.1,1.0,6,accelerate,static,True,100.0,6.949999999999999,94,146.78955579599278,1.5615910191063063,True,trial_36
100,0.1,1.0,6,accelerate,static,True,100.0,6.948660978726622,331,396.8557843719973,1.1989600736314117,True,trial_54
100,0.1,1.0,6,accelerate,static,True,100.0,6.950000000000001,122,150.01585666399478,1.2296381693770064,True,trial_36
100,0.1,1.0,6,accelerate,static,True,100.0,6.92390649650914,247,323.189689851999,1.3084602828016154,True,trial_54
100,0.1,1.0,6,accelerate,static,True,100.0,6.885144738568602,86,133.55506022900227,1.5529658166163054,True,trial_36
100,0.1,1.0,6,accelerate,static,True,100.0,6.885144738568602,86,135.83809662600106,1.5795127514651286,True,trial_36
100,0.1,1.0,6,accelerate,static,True,100.0,6.949985954692436,87,130.7692934519946,1.5030953270344207,True,trial_36
100,0.1,1.0,6,accelerate,static,False,64.49569316760662,3.6142931949883548,400,430.61078329899465,1.0765269582474866,True,trial_54
100,0.1,1.0,6,accelerate,static,True,100.0,6.947529314398266,105,141.42279782999685,1.3468837888571128,True,trial_36
100,0.1,1.0,6,accelerate,static,False,64.49569316760662,3.6142931949883548,400,438.4127616849946,1.0960319042124866,True,trial_54
100,0.1,1.0,6,accelerate,static,True,100.0,6.950000000000001,122,146.65592194700002,1.2020977208770494,True,trial_36
100,0.1,1.0,6,accelerate,static,True,100.0,6.943715039870128,391,470.3376388109973,1.2029095621764636,True,trial_54
100,0.1,1.0,6,accelerate,static,False,90.93239456407701,5.867449448132953,400,433.4788050709976,1.083697012677494,True,trial_54
100,0.1,1.0,6,accelerate,static,True,100.0,6.947529314398266,105,163.12731785399956,1.5535935033714243,True,trial_36
100,0.1,1.0,6,accelerate,static,True,100.0,6.95,49,80.54374962600559,1.643749992367461,True,trial_36
100,0.1,1.0,6,accelerate,static,True,100.0,6.949999999999998,96,131.0698284809987,1.3653107133437363,True,trial_36
100,0.1,1.0,6,accelerate,static,True,100.0,6.949999999999998,96,133.76880592799716,1.3934250617499704,True,trial_36
100,0.1,1.0,6,accelerate,static,True,100.0,6.948650924773782,85,117.40189969500352,1.381198819941218,True,trial_36
100,0.1,1.0,6,accelerate,static,True,100.0,6.9397748804006065,49,80.36408944999857,1.6400834581632362,True,trial_36
100,0.1,1.0,6,accelerate,static,True,100.0,6.95,86,124.20480221299658,1.4442418861976347,True,trial_36
100,0.1,1.0,6,accelerate,static,True,100.0,6.9425127275687455,367,448.65785208700254,1.2225009593651295,True,trial_54
100,0.1,1.0,6,accelerate,static,True,100.0,6.949999999999999,48,78.10225163699943,1.627130242437488,True,trial_36
100,0.1,1.0,6,accelerate,static,True,100.0,6.9310446846169205,131,173.208121691001,1.3221994022213817,True,trial_36
100,0.1,1.0,6,accelerate,static,True,100.0,6.949999999999999,48,75.81129817600595,1.5794020453334572,True,trial_36
100,0.1,1.0,6,accelerate,static,True,100.0,6.949999999999998,96,147.1511081369972,1.532824043093721,True,trial_36
100,0.1,1.0,6,accelerate,static,True,100.0,6.949999999999998,80,116.12714073400275,1.4515892591750343,True,trial_36
100,0.1,1.0,6,accelerate,static,True,100.0,6.949999999999998,80,107.7552696269995,1.3469408703374939,True,trial_36
100,0.1,1.0,6,accelerate,static,True,100.0,6.945908356113871,383,438.82221018499695,1.1457498960443784,True,trial_54
100,0.1,1.0,6,accelerate,static,True,100.0,6.95,94,156.01736474800418,1.659759199446853,True,trial_36
100,0.1,1.0,6,accelerate,static,True,100.0,6.95,81,115.36202023200167,1.4242224720000205,True,trial_36
100,0.1,1.0,6,accelerate,static,True,100.0,6.930975625735284,113,139.7558754069978,1.2367776584690071,True,trial_36
100,0.1,1.0,6,accelerate,static,True,100.0,6.95,60,81.20907436099515,1.3534845726832525,True,trial_16
100,0.1,1.0,6,accelerate,static,True,100.0,6.933234859326587,55,80.97718710900517,1.4723124928910032,True,trial_16
100,0.1,1.0,6,accelerate,static,True,100.0,6.950000000000001,122,153.4713535510018,1.2579619143524738,True,trial_36
100,0.1,1.0,6,accelerate,static,True,100.0,6.929995157648597,67,94.74412486200163,1.4140914158507705,True,trial_16
100,0.1,1.0,6,accelerate,static,True,100.0,6.950000000000001,54,73.81513150899991,1.3669468797962947,True,trial_16
100,0.1,1.0,6,accelerate,static,False,90.93239456407701,5.867449448132953,400,453.86354582400236,1.134658864560006,True,trial_54
100,0.1,1.0,6,accelerate,static,True,100.0,6.949993629206817,50,83.18379661799554,1.6636759323599108,True,trial_16
100,0.1,1.0,6,accelerate,static,True,100.0,6.929995157648597,67,95.35741537300055,1.4232450055671724,True,trial_16
100,0.1,1.0,6,accelerate,static,True,100.0,6.9310446846169205,131,162.69087895799748,1.241915106549599,True,trial_36
100,0.1,1.0,6,accelerate,static,True,100.0,6.949995247396102,52,75.21907020400249,1.4465205808462018,True,trial_16
100,0.1,1.0,6,accelerate,static,True,100.0,6.949999859372076,56,85.50352164400101,1.5268486007857323,True,trial_16
100,0.1,1.0,6,accelerate,static,True,100.0,6.950000000000001,54,79.90736165399721,1.479765956555504,True,trial_16
100,0.1,1.0,6,accelerate,static,True,100.0,6.945908356113871,383,447.1027472709975,1.1673700973133094,True,trial_54
100,0.1,1.0,6,accelerate,static,True,100.0,6.949999999999999,40,60.94875293299992,1.523718823324998,True,trial_16
100,0.1,1.0,6,accelerate,static,True,100.0,6.949999999999999,40,57.44599078800093,1.4361497697000232,True,trial_16
100,0.1,1.0,6,accelerate,static,True,100.0,6.896218790668804,120,151.04922913599876,1.258743576133323,True,trial_36
100,0.1,1.0,6,accelerate,static,True,100.0,6.902711037901785,48,69.87996096300049,1.4558325200625102,True,trial_16
100,0.1,1.0,6,accelerate,static,True,100.0,6.947251970294405,68,100.07762998300313,1.4717298526912226,True,trial_16
100,0.1,1.0,6,accelerate,static,True,100.0,6.921300158493776,109,143.57815323900286,1.3172307636605767,True,trial_36
100,0.1,1.0,6,accelerate,static,True,100.0,6.896218790668804,120,160.32127539499925,1.3360106282916604,True,trial_36
100,0.1,1.0,6,accelerate,static,True,100.0,6.949998682833095,121,158.50968287199794,1.309997379107421,True,trial_36
100,0.1,1.0,6,accelerate,static,True,100.0,6.907522855914149,58,84.58862347100512,1.4584245426035365,True,trial_16
100,0.1,1.0,6,accelerate,static,True,100.0,6.949999999999999,64,93.15644151000015,1.4555693985937523,True,trial_16
100,0.1,1.0,6,accelerate,static,True,100.0,6.928921254889921,64,88.88060104299802,1.3887593912968441,True,trial_16
100,0.1,1.0,6,accelerate,static,True,100.0,6.95,62,85.50460137600021,1.379106473806455,True,trial_16
100,0.1,1.0,6,accelerate,static,True,100.0,6.95,82,132.57475737200002,1.6167653338048784,True,trial_16
100,0.1,1.0,6,accelerate,static,True,100.0,6.947251970294405,68,115.12507218200335,1.6930157673824022,True,trial_16
100,0.1,1.0,6,accelerate,static,True,100.0,6.949999999999999,57,82.79648301099951,1.4525698773859563,True,trial_16
100,0.1,1.0,6,accelerate,static,True,100.0,6.929995157648597,67,95.68985921300191,1.4282068539254016,True,trial_16
100,0.1,1.0,6,accelerate,static,True,100.0,6.95,44,68.14188798300165,1.5486792723409466,True,trial_16
100,0.1,1.0,6,accelerate,static,True,100.0,6.95,82,123.4965761209969,1.506055806353621,True,trial_16
100,0.1,1.0,6,accelerate,static,True,100.0,6.950000000000001,40,57.03349743000581,1.4258374357501453,True,trial_16
100,0.1,1.0,6,accelerate,static,True,100.0,6.931899675164707,70,94.43601372400008,1.3490859103428583,True,trial_16
100,0.1,1.0,6,accelerate,static,True,100.0,6.928921254889921,64,84.02982866599632,1.3129660729061925,True,trial_16
100,0.1,1.0,6,accelerate,static,True,100.0,6.949999999999998,65,87.97327341300115,1.353434975584633,True,trial_16
100,0.1,1.0,6,accelerate,static,True,100.0,6.949999999999999,57,82.9262426360001,1.4548463620350893,True,trial_16
100,0.1,1.0,6,accelerate,static,True,100.0,6.95,58,77.16731223300303,1.3304709005690178,True,trial_16
100,0.1,1.0,6,accelerate,static,True,100.0,6.949999999999998,59,87.61821896699985,1.4850545587627093,True,trial_16
100,0.1,1.0,6,accelerate,static,True,100.0,6.949999999999999,57,74.09972303800168,1.2999951410175734,True,trial_16
100,0.1,1.0,6,accelerate,static,True,100.0,6.949999999999998,65,88.23041082899726,1.3573909358307272,True,trial_16
100,0.1,1.0,6,accelerate,static,True,100.0,6.95,60,84.66995355299878,1.4111658925499797,True,trial_16
100,0.1,1.0,6,accelerate,static,True,100.0,6.899239134180062,109,155.48021462200268,1.4264239873578228,True,trial_16
100,0.1,1.0,6,accelerate,static,True,100.0,6.903791730444387,69,85.95180650399561,1.2456783551303712,True,trial_16
100,0.1,1.0,6,accelerate,static,True,100.0,6.95,58,70.68717934400047,1.218744471448284,True,trial_16
100,0.1,1.0,6,accelerate,static,True,100.0,6.931899675164707,70,92.5942361990019,1.3227748028428843,True,trial_16
100,0.1,1.0,6,accelerate,static,True,100.0,6.95,82,108.20887908800069,1.3196204766829351,True,trial_16
100,0.1,1.0,6,accelerate,static,True,100.0,6.950000000000002,56,63.4290652530035,1.1326618795179197,True,trial_16
100,0.1,1.0,6,accelerate,static,True,100.0,6.870324971295709,99,141.45600737399946,1.4288485593333278,True,trial_16
100,0.1,1.0,6,accelerate,static,True,100.0,6.950000000000001,66,58.35124660499423,0.8841097970453671,True,trial_16
100,0.1,1.0,6,accelerate,static,True,100.0,6.95,60,47.20685515800142,0.7867809193000236,True,trial_16
100,0.1,1.0,6,accelerate,static,True,100.0,6.949999999999999,77,86.98591431300156,1.12968719887015,True,trial_16
100,0.1,1.0,6,accelerate,static,True,100.0,6.945309292040664,99,108.37435973600077,1.0946905023838462,True,trial_16
100,0.1,1.0,6,accelerate,static,True,100.0,6.93579281027335,103,94.30231485600234,0.915556454912644,True,trial_16
100,0.1,1.0,6,accelerate,static,True,100.0,6.950000000000001,102,108.99767976500152,1.0686047035784463,True,trial_16
100,0.1,1.0,6,accelerate,static,True,100.0,6.950000000000001,102,94.75013012599811,0.9289228443725305,True,trial_16
100,0.1,1.0,6,accelerate,static,True,100.0,6.929888752228299,170,209.18799564100482,1.2305176214176754,True,trial_16
100,0.1,1.0,6,accelerate,static,True,100.0,6.943072036392037,113,75.75432951499533,0.670392296592879,True,trial_16
100,0.1,1.0,6,accelerate,static,True,100.0,6.95,198,152.52312695900036,0.7703188230252543,True,trial_16
